product_id,product_brand,product_name,product_sku,product_retail_price,product_cost,product_weight,recyclable,low_fat
1,EcoHarvest,EcoHarvest Extra Crunchy Lotion,E-00001-X,10.53,4.52,1.07,0,0
2,BluePeak,BluePeak Fresh Bread,B-00002-M,2.71,,0.83,1,0
3,crystal springs,Crystal Springs Jumbo Sausage,CS-00003-V,$10.13,5.75,1.38,1,0
4,Natures Best,Natures Best Organic Yogurt,NB-00004-N,3.56,2.39,1.53,1,0
5,Silver Creek,Silver Creek Reduced Fat Shampoo,SC-00005-Q,9.61,4.04,0.2,1,0
6,Crystal Springs,Crystal Springs Classic Trash Bags,CS-00006-W,6.59,4.26,3.17,1,no
7,TRUETASTE,TrueTaste Extra Crunchy Coffee,T-00007-R,7.1,3.38,0.65,1,No
8,Coastal Fresh,Coastal Fresh Family Size Crackers,CF-00008-V,2.83,1.96,0.68,False,0.0
9,Heritage Foods,Heritage Foods Original Shampoo,HF-00009-Y,4.64,2.28,1.17,0.0,0
10,TrueTaste,TrueTaste Classic Soda,T-00010-W,5.64,2.23,2.86,0,0
11,Natures Best,Natures Best Classic Lotion,NB-00011-J,$4.12,2.78,0.38,0,0
12,  Golden Valley  ,Golden Valley Original Trash Bags,GV-00012-J,$5.70,2.47,3.6,1,0
13,Farmhouse Select,Farmhouse Select Jumbo Waffles,FS-00013-X,7.26,2.61,0.87,0,0
14,Golden Valley,Golden Valley Mini Cream,GV-00014-N,5.8,2.73,,Y,0
15,EcoHarvest,EcoHarvest Fresh Ham,E-00015-Q,4.36,5.4,2.99,0,0
16,Prime Select,Prime Select Organic Sour Cream,PS-00016-Q,5.36,2.84,,1,1
17,Farmhouse Select,Farmhouse Select Deluxe Cheese,FS-00017-C,6.21,3.42,1.04,0,0
18,Meadowbrook,Meadowbrook Jumbo Shampoo,M-00018-N,11.86,7.23,0.63,0,N
19,Meadowbrook,Meadowbrook Extra Crunchy Pretzels,M-00019-T,1.74,0.87,0.96,0,False
20,Natures Best,Natures Best Extra Crunchy Juice,NB-00020-Q,7.8,3.64,1.01,1,0.0
21,EcoHarvest,EcoHarvest Classic Bananas,E-00021-E,3.44,1.34,1.7,False,0
22,Natures Best,Natures Best Classic Bacon,NB-00022-Y,7.19,4.1,1.3,1,1
23,American Classic,American Classic Extra Crunchy Donuts,AC-00023-T,4.42,1.72,1.26,1,0.0
24,Premium Choice,Premium Choice Gourmet Napkins,PC-00024-B,2.27,0.81,1.6,1,0
25,Hilltop Farms,Hilltop Farms Value Pack Lotion,HF-00025-L,8.49,3.46,0.22,no,False
26,Urban Pantry,Urban Pantry Original Tortilla Chips,UP-00026-V,3.8,,0.66,0,1
27,Prime Select,Prime Select Gourmet Onions,PS-00027-H,0.68,0.32,0.78,0,no
28,Urban Pantry,Urban Pantry Classic Shrimp,UP-00028-W,13.57,5.36,,1,0
29,Northern Mills,Northern Mills Deluxe Sausage,NM-00029-X,$8.48,3.25,2.51,1,0
30,Premium Choice,Premium Choice Extra Crunchy Paper Towels,PC-00030-W,10.04,4.08,2.88,1,0
31,Meadowbrook,Meadowbrook Low Sodium Butter,M-00031-P,3.09,1.35,1.81,Yes,False
32,Wholesome Co,Wholesome Co Low Sodium Cheese,WC-00032-V,3.07,1.47,0.93,1.0,1
33,BluePeak,BluePeak Original Laundry Detergent,B-00033-F,8.77,4.85,1.05,1,0
34,Prime Select,Prime Select Reduced Fat Waffles,PS-00034-D,2.57,1.71,1.47,0,0
35,Sunrise Organics,Sunrise Organics Organic Dish Soap,SO-00035-R,9.96,4.79,1.11,N,0
36,Prime Select,Prime Select Traditional Waffles,PS-00036-R,4.6,1.71,2.47,1,1
37,Pure Origins,Pure Origins Value Pack Waffles,PO-00037-L,8.28,3.26,2.56,N,0
38,Family Choice,Family Choice Lite Cod,FC-00038-V,13.33,6.51,0.87,False,False
39,Pure Origins,Pure Origins Classic Ham,PO-00039-I,$7.00,3.38,0.89,1,N
40,Hilltop Farms,Hilltop Farms Original Aluminum Foil,HF-00040-S,5.43,3.48,2.04,,0
41,Crystal Springs,Crystal Springs Gourmet Donuts,cs-00041-g,2.09,1.25,1.4,1,N
42,BluePeak,BluePeak Lite Cream,B-00042-D,1.97,1.09,2.0,,1
43,Family Choice,Family Choice Traditional Frozen Pizza,FC-00043-K,2.47,1.27,1.49,yes,0
44,Meadowbrook,Meadowbrook Organic Cookies,M-00044-Z,4.61,3.09,0.52,Yes,1.0
45,TrueTaste,TrueTaste Lite Apples,T-00045-Y,$0.93,0.38,1.71,False,0
46,Value Plus  ,Value Plus Value Pack Sour Cream,VP-00046-N,2.56,1.36,1.57,0,0.0
47,Silver Creek,Silver Creek Deluxe Sour Cream,SC-00047-G,1.75,0.68,,1.0,0
48,Heritage Foods,Heritage Foods Jumbo Tea,HF-00048-M,7.4,2.69,2.0,1.0,0.0
49,Heritage Foods,Heritage Foods Gourmet Ground Beef,HF-00049-V,10.93,6.74,2.85,,0
50,Farmhouse Select,Farmhouse Select Fresh Frozen Fries,FS-00050-H,3.17,1.95,2.82,1,0
51,Natures Best,Natures Best Original Aluminum Foil,NB-00051-L,6.63,2.53,2.64,,0
52,Heritage Foods,Heritage Foods Traditional Trash Bags,HF-00052-S,7.79,5.32,2.13,0,0
53,Farmhouse Select,Farmhouse Select Extra Crunchy Sports Drink,FS-00053-D,5.69,2.41,2.42,0,False
54,Urban Pantry,Urban Pantry Organic Donuts,UP-00054-Y,3.37,1.66,0.93,0,0
55,GreenLeaf,GreenLeaf Lite Shampoo,G-00055-D,$8.14,5.5,0.65,False,0.0
56,Family Choice,Family Choice Reduced Fat Crab Legs,FC-00056-P,6.67,2.79,0.9,True,N
57,Wholesome Co,Wholesome Co Gourmet Napkins,WC-00057-A,6.98,4.41,2.79,0,0
58,Sunrise Organics,Sunrise Organics Low Sodium Trash Bags,SO-00058-K,7.02,3.43,2.02,yes,0
59,TrueTaste,TrueTaste Gourmet Donuts,T-00059-C,2.85,1.82,1.31,1,No
60,EcoHarvest,EcoHarvest Extra Crunchy TV Dinner,E-00060-A,4.73,3.08,2.03,0,0
61,Sunrise Organics,Sunrise Organics Deluxe Coffee,SO-00061-O,2.28,1.03,1.58,1,0
62,Meadowbrook,Meadowbrook Mini Toothpaste,M-00062-J,8.4,5.73,0.58,1,0.0
63,truetaste,TrueTaste Classic Tortilla Chips,T-00063-O,3.9,1.47,0.45,True,1
64,Heritage Foods,Heritage Foods Traditional Bananas,HF-00064-V,2.16,1.34,1.43,Y,No
65,pREMIUM cHOICE,Premium Choice Jumbo Crackers,PC-00065-P,3.97,2.46,0.79,1,0
66,GreenLeaf,GreenLeaf Extra Crunchy Paper Towels,G-00066-G,7.79,3.75,1.63,1,
67,Northern Mills,Northern Mills Gourmet Butter,NM-00067-G,2.12,1.46,1.11,1,1.0
68,coastal fresh,Coastal Fresh Fresh Sports Drink,CF-00068-S,2.37,0.94,2.42,1,0
69,Urban Pantry,Urban Pantry Classic Frozen Fries,UP-00069-F,6.35,3.93,1.56,True,False
70,Coastal Fresh,Coastal Fresh Family Size Soda,CF-00070-L,5.48,2.18,0.93,1,0
71,Hilltop Farms,Hilltop Farms Value Pack Aluminum Foil,HF-00071-D,3.65,1.49,0.85,1,0
72,Family Choice,Family Choice Classic Apples,FC-00072-U,1.14,0.65,1.54,0.0,0
73,Meadowbrook,Meadowbrook Low Sodium Salmon Fillet,M-00073-Z,14.72,8.6,,0,0
74,BluePeak,BluePeak Value Pack Tilapia,B-00074-Y,14.63,5.71,,0,0
75,Crystal Springs,Crystal Springs Lite Tilapia,CS-00075-F,11.34,6.61,1.64,False,False
76,Coastal Fresh,Coastal Fresh Deluxe Vitamins,CF-00076-N,2.21,1.33,0.62,No,0
77,FARMHOUSE SELECT,Farmhouse Select Reduced Fat Vitamins,FS-00077-Z,2.85,1.13,0.5,N,no
78,Sunrise Organics,Sunrise Organics Classic Apples,SO-00078-X,$2.88,1.87,0.51,N,0
79,Natures Best,Natures Best Reduced Fat Toothpaste,NB-00079-T,10.79,6.37,0.47,1,0.0
80,Sunrise Organics,Sunrise Organics Extra Crunchy Vitamins,SO-00080-D,10.97,4.29,0.24,0,0
81,BluePeak,BluePeak Jumbo Sour Cream,B-00081-P,2.51,1.55,1.13,N,0
82,Wholesome Co  ,Wholesome Co Classic Tilapia,WC-00082-T,11.63,7.08,1.95,0,No
83,Hilltop Farms,Hilltop Farms Reduced Fat Yogurt,HF-00083-M,6.3,3.78,1.96,0,0
84,Coastal Fresh,Coastal Fresh Mini Bottled Water,CF-00084-H,3.14,1.18,1.18,1,0
85,Heritage Foods,Heritage Foods Fresh Ice Cream,HF-00085-C,3.5,2.13,1.4,yes,0
86,Prime Select,Prime Select Reduced Fat Bacon,PS-00086-X,7.27,4.59,2.41,0,0
87,Everyday Basics,Everyday Basics Jumbo Bread,EB-00087-H,2.98,1.84,0.62,1,0
88,Pure Origins,Pure Origins Mini Aluminum Foil,PO-00088-Z,4.88,1.78,1.29,1,0
89,Meadowbrook,Meadowbrook Value Pack Croissants,M-00089-R,3.82,2.2,0.99,N,False
90,crystal springs  ,Crystal Springs Traditional Ice Cream,CS-00090-O,3.39,1.88,1.17,0,No
91,Everyday Basics,Everyday Basics Traditional Chicken Breast,EB-00091-S,9.6,4.71,1.81,0,no
92,American Classic,American Classic Reduced Fat Chicken Breast,AC-00092-V,11.31,4.36,1.27,No,0
93,  Farmhouse Select  ,Farmhouse Select Original Ice Cream,FS-00093-U,3.35,1.72,0.95,1,0
94,Heritage Foods,Heritage Foods Fresh Butter,HF-00094-L,1.78,0.84,2.0,0,1
95,Family Choice,Family Choice Gourmet Juice,FC-00095-P,$1.09,,1.64,1,N
96,TrueTaste,TrueTaste Family Size Tuna,T-00096-D,7.41,2.73,,1,no
97,GreenLeaf,GreenLeaf Mini Bottled Water,G-00097-U,2.97,1.07,2.39,1,0
98,Prime Select,Prime Select Fresh Bottled Water,PS-00098-K,7.21,4.84,2.34,1,0
99,Sunrise Organics,Sunrise Organics Lite Apples,SO-00099-V,2.61,1.77,2.28,1,0
100,Silver Creek,Silver Creek Lite Carrots,SC-00100-S,0.95,0.63,0.73,,N
101,Hilltop Farms,Hilltop Farms Gourmet Rolls,HF-00101-Y,$5.17,2.92,0.98,0,0
102,Prime Select,Prime Select Fresh Carrots,PS-00102-R,3.99,1.62,1.53,0,0
103,Crystal Springs,Crystal Springs Reduced Fat Frozen Fries,CS-00103-R,3.86,1.96,2.88,1,0
104,Golden Harvest,Golden Harvest Deluxe Cookies,GH-00104-T,3.15,1.6,0.55,1,1
105,GreenLeaf,GreenLeaf Organic Napkins,G-00105-N,8.05,5.08,1.55,1,0
106,Wholesome Co,Wholesome Co Fresh Coffee,WC-00106-J,3.26,1.87,0.77,0,0
107,Premium Choice,Premium Choice Classic Cream,PC-00107-Y,4.5,1.63,1.66,0,0
108,Family Choice,Family Choice Original Tea,FC-00108-E,5.95,2.25,1.01,1.0,0.0
109,Crystal Springs,Crystal Springs Family Size Frozen Pizza,CS-00109-U,4.01,2.25,2.89,0.0,0.0
110,Premium Choice,Premium Choice Extra Crunchy Bagels,PC-00110-I,2.81,0.99,0.96,True,0
111,farmhouse select,Farmhouse Select Traditional Frozen Pizza,FS-00111-X,2.49,0.9,1.76,1,0
112,Coastal Fresh,Coastal Fresh Value Pack Coffee,CF-00112-Y,$7.28,4.17,1.3,1,False
113,Hilltop Farms,Hilltop Farms Lite Dish Soap,HF-00113-S,3.14,1.79,1.3,1,0.0
114,Silver Creek,Silver Creek Classic Lotion,SC-00114-C,10.76,6.31,0.82,1,0
115,GreenLeaf,GreenLeaf Value Pack Toothpaste,G-00115-F,12.47,7.93,0.72,0,0
116,Natures Best,Natures Best Reduced Fat Bagels,NB-00116-D,4.27,2.71,0.84,1,No
117,Prime Select,Prime Select Value Pack Salmon Fillet,PS-00117-X,15.73,6.85,1.31,1,no
118,Wholesome Co,Wholesome Co Organic Pretzels,WC-00118-L,2.2,1.32,0.9,1,0
119,Meadowbrook,Meadowbrook Gourmet Frozen Pizza,M-00119-S,5.53,2.12,2.98,1,1
120,Urban Pantry,Urban Pantry Jumbo Chicken Breast,UP-00120-L,11.56,7.88,1.21,0,0
121,Pure Origins,Pure Origins Lite Trash Bags,PO-00121-L,7.18,3.04,0.84,yes,0
122,TrueTaste,TrueTaste Jumbo Shrimp,T-00122-Z,10.47,3.87,1.82,1,No
123,Hilltop Farms,Hilltop Farms Extra Crunchy Ground Beef,HF-00123-W,7.86,3.8,1.6,0,1
124,Crystal Springs,Crystal Springs Lite Shrimp,CS-00124-M,9.58,6.24,2.11,yes,0
125,Farmhouse Select,Farmhouse Select Low Sodium TV Dinner,FS-00125-S,6.22,4.19,2.58,1,0
126,Everyday Basics,Everyday Basics Reduced Fat Ham,EB-00126-G,8.61,3.31,3.4,no,N
127,Silver Creek,Silver Creek Traditional Crab Legs,SC-00127-B,15.64,6.58,2.26,True,0
128,Golden Valley,Golden Valley Value Pack Cod,GV-00128-N,7.49,2.95,2.1,0,0
129,Hilltop Farms,Hilltop Farms Gourmet Ice Cream,HF-00129-G,3.85,1.53,2.08,1,no
130,coastal fresh,Coastal Fresh Low Sodium Onions,CF-00130-H,1.9,0.97,1.12,0,False
131,EcoHarvest,EcoHarvest Low Sodium Bananas,E-00131-V,1.88,0.99,2.18,1,No
132,Value Plus,Value Plus Lite Bread,VP-00132-A,2.7,1.85,0.49,1,0.0
133,Heritage Foods,Heritage Foods Original Shampoo,HF-00133-N,8.52,3.93,1.01,0,no
134,Silver Creek,Silver Creek Family Size Laundry Detergent,sc-00134-o,7.67,3.83,2.05,1,0
135,GreenLeaf,GreenLeaf Extra Crunchy Ice Cream,G-00135-N,7.37,4.47,2.98,1,False
136,Everyday Basics,Everyday Basics Fresh Frozen Fries,EB-00136-E,6.48,3.9,2.72,1,0
137,EcoHarvest  ,EcoHarvest Lite Toothpaste,E-00137-X,5.48,3.25,1.14,1,No
138,Sunrise Organics,Sunrise Organics Lite Shampoo,SO-00138-P,2.81,1.47,0.75,True,N
139,Premium Choice,Premium Choice Low Sodium Bacon,PC-00139-S,8.42,5.37,1.69,1,1
140,Sunrise Organics,Sunrise Organics Lite Chicken Breast,SO-00140-D,10.83,6.26,2.9,0,0
141,bLUEpEAK,BluePeak Value Pack Shampoo,B-00141-A,10.25,5.2,0.71,1,0
142,BluePeak,BluePeak Fresh Tea,B-00142-W,1.41,0.79,1.65,no,False
143,Prime Select,Prime Select Classic Ice Cream,PS-00143-L,6.07,4.01,2.71,1,0
144,EcoHarvest,EcoHarvest Value Pack Bagels,E-00144-I,3.87,2.2,0.32,1,no
145,American Classic,American Classic Gourmet Carrots,AC-00145-U,2.42,1.28,2.14,1,N
146,Sunrise Organics,Sunrise Organics Mini Soda,SO-00146-W,5.19,1.91,1.46,0,0
147,Meadowbrook,Meadowbrook Reduced Fat Popcorn,M-00147-E,2.68,1.32,0.91,0.0,0
148,Hilltop Farms,Hilltop Farms Jumbo Ice Cream,HF-00148-Z,3.98,1.57,1.45,0,0
149,BluePeak,BluePeak Traditional Sausage,B-00149-H,10.08,3.76,3.17,0,1.0
150,Heritage Foods,Heritage Foods Jumbo Cookies,HF-00150-D,3.24,1.41,0.71,0,0
151,Heritage Foods,Heritage Foods Low Sodium Soda,HF-00151-J,4.44,3.09,1.78,Y,0
152,Meadowbrook,Meadowbrook Value Pack Vitamins,M-00152-O,5.52,3.72,0.41,Yes,N
153,Premium Choice,Premium Choice Organic Cream,PC-00153-R,$5.95,3.94,1.01,0.0,False
154,Everyday Basics,Everyday Basics Fresh Muffins,EB-00154-B,4.31,2.89,1.16,,False
155,Farmhouse Select,Farmhouse Select Lite Deodorant,FS-00155-U,3.09,1.87,0.58,0,0
156,Prime Select,Prime Select Jumbo Shampoo,PS-00156-Y,5.12,3.58,0.56,True,no
157,EcoHarvest,EcoHarvest Organic Ice Cream,E-00157-J,3.3,1.17,2.12,1,0.0
158,TrueTaste,TrueTaste Reduced Fat Tilapia,T-00158-M,4.6,2.42,1.81,0,False
159,Golden Harvest,Golden Harvest Original Salmon Fillet,GH-00159-W,14.77,5.81,0.6,1,0
160,Coastal Fresh,Coastal Fresh Mini Lotion,CF-00160-O,9.91,6.72,0.55,1,0.0
161,cRYSTAL sPRINGS,Crystal Springs Fresh Tea,CS-00161-L,$1.12,0.7,1.65,no,0
162,TrueTaste,TrueTaste Lite Bacon,T-00162-R,6.53,3.92,1.92,1.0,0
163,Value Plus,Value Plus Classic Toothpaste,VP-00163-L,3.63,1.83,1.04,1,False
164,Silver Creek,Silver Creek Low Sodium Aluminum Foil,SC-00164-X,5.23,2.85,2.88,0,0
165,Crystal Springs,Crystal Springs Organic Ice Cream,CS-00165-R,6.66,4.19,2.71,1,0
166,Value Plus,Value Plus Jumbo Pretzels,VP-00166-R,2.2,0.82,0.85,Yes,0
167,BluePeak,BluePeak Original Croissants,B-00167-M,$4.15,2.29,0.84,No,0
168,BluePeak,BluePeak Mini Soda,B-00168-T,3.55,1.35,2.06,0,N
169,Golden Valley,Golden Valley Organic Tilapia,GV-00169-K,13.26,5.85,1.26,yes,0
170,Urban Pantry,Urban Pantry Jumbo Crackers,UP-00170-S,3.73,2.19,,0,0
171,GreenLeaf,GreenLeaf Deluxe Muffins,G-00171-G,1.57,0.82,0.76,False,0
172,  Northern Mills  ,Northern Mills Gourmet Donuts,NM-00172-J,1.92,1.09,1.37,1,False
173,TrueTaste,TrueTaste Jumbo Bottled Water,T-00173-I,1.83,,2.28,1,no
174,Urban Pantry,Urban Pantry Fresh Vitamins,UP-00174-D,8.38,4.2,1.02,0,0
175,Premium Choice,Premium Choice Gourmet Shampoo,PC-00175-S,11.01,7.68,1.07,0,False
176,Golden Harvest,Golden Harvest Low Sodium Deodorant,GH-00176-F,6.07,3.45,0.5,1,0
177,Wholesome Co,Wholesome Co Family Size Paper Towels,WC-00177-L,5.99,3.77,2.91,1,0
178,gOLDEN hARVEST,Golden Harvest Family Size Tuna,GH-00178-K,12.94,5.39,1.43,1,0.0
179,American Classic,American Classic Original Cream,AC-00179-X,6.2,3.99,0.87,0,0
180,GreenLeaf,GreenLeaf Extra Crunchy Laundry Detergent,G-00180-V,4.68,2.74,1.88,Y,no
181,TrueTaste,TrueTaste Deluxe Paper Towels,T-00181-J,5.32,2.65,2.98,0,0
182,NATURES BEST,Natures Best Value Pack Tuna,NB-00182-N,5.11,2.49,0.67,0,no
183,TrueTaste,TrueTaste Extra Crunchy Frozen Fries,T-00183-T,7.58,3.82,1.91,1,0
184,Coastal Fresh,Coastal Fresh Lite Cheese,CF-00184-I,2.26,1.53,2.43,0,0
185,Silver Creek,Silver Creek Traditional Frozen Vegetables,SC-00185-D,$2.74,1.06,1.7,0,0.0
186,Heritage Foods,Heritage Foods Extra Crunchy Shampoo,HF-00186-D,8.09,3.28,,1,
187,BluePeak,BluePeak Traditional Shrimp,B-00187-R,11.83,6.05,1.93,0,0
188,Prime Select,Prime Select Jumbo Tea,PS-00188-N,4.2,2.46,2.49,1.0,no
189,Golden Harvest,Golden Harvest Mini Carrots,GH-00189-N,0.86,0.36,2.9,no,N
190,Golden Harvest,Golden Harvest Extra Crunchy Ice Cream,GH-00190-I,4.74,2.39,1.73,1,N
191,Heritage Foods,Heritage Foods Deluxe Toothpaste,HF-00191-D,9.44,5.44,0.31,1,N
192,EcoHarvest,EcoHarvest Classic Cream,E-00192-T,6.46,3.81,1.1,0,N
193,Farmhouse Select,Farmhouse Select Mini Popcorn,FS-00193-X,2.74,1.57,0.47,Yes,1
194,  Prime Select,Prime Select Traditional Butter,PS-00194-Q,6.45,,2.09,1.0,N
195,Northern Mills,Northern Mills Value Pack Laundry Detergent,NM-00195-O,8.19,4.16,3.89,0,N
196,Value Plus,Value Plus Original Lettuce,VP-00196-C,1.33,0.49,1.0,Y,0
197,Coastal Fresh,Coastal Fresh Deluxe Ground Beef,CF-00197-F,10.35,3.7,2.98,1,False
198,prime select,Prime Select Original Sausage,PS-00198-F,10.73,6.85,0.87,1,0
199,Prime Select,Prime Select Value Pack Lotion,PS-00199-A,10.78,7.03,1.04,Y,0
200,greenleaf,GreenLeaf Jumbo Lettuce,G-00200-I,$3.19,2.05,0.91,1,False
201,Meadowbrook,Meadowbrook Original Frozen Vegetables,M-00201-W,8.59,5.91,2.29,1,0
202,Sunrise Organics,Sunrise Organics Traditional Bottled Water,SO-00202-H,1.55,0.71,2.31,1,N
203,EcoHarvest,EcoHarvest Reduced Fat Juice,E-00203-C,6.98,3.98,1.06,0,0
204,Prime Select,Prime Select Jumbo Trash Bags,PS-00204-E,3.94,1.9,1.0,1,0
205,pREMIUM cHOICE,Premium Choice Reduced Fat Bar Soap,PC-00205-T,6.23,2.91,0.82,1,False
206,family choice,Family Choice Fresh Apples,FC-00206-N,2.1,1.26,,0,0
207,Pure Origins,Pure Origins Fresh Tea,PO-00207-P,2.1,1.25,1.14,1,0
208,Coastal Fresh,Coastal Fresh Organic Cream,CF-00208-R,5.11,3.18,1.78,1,0.0
209,Value Plus,Value Plus Lite Frozen Pizza,VP-00209-H,5.23,2.15,1.56,0,0
210,EVERYDAY BASICS,Everyday Basics Value Pack Crab Legs,EB-00210-S,12.82,7.73,2.39,0.0,0
211,Sunrise Organics,Sunrise Organics Deluxe Frozen Pizza,SO-00211-O,5.62,,1.38,yes,0
212,Sunrise Organics,Sunrise Organics Organic Popcorn,SO-00212-L,2.2,0.78,0.43,1,0
213,EcoHarvest,EcoHarvest Gourmet Apples,E-00213-T,3.77,1.57,1.43,0,0
214,Sunrise Organics,Sunrise Organics Fresh Cheese,SO-00214-T,4.71,1.68,1.53,yes,0
215,prime select,Prime Select Original Tuna,PS-00215-X,4.28,1.9,2.49,yes,0
216,Hilltop Farms,Hilltop Farms Mini Juice,hf-00216-q,2.07,1.33,2.26,1,0
217,Golden Harvest,Golden Harvest Original Onions,GH-00217-I,3.06,1.97,0.73,1,No
218,Value Plus,Value Plus Jumbo Sausage,VP-00218-U,7.17,3.76,2.03,1,N
219,Value Plus,Value Plus Gourmet Cheese,VP-00219-P,2.36,1.47,0.91,1,0
220,Prime Select,Prime Select Deluxe Ham,PS-00220-N,9.07,6.26,1.96,1,0
221,Meadowbrook,Meadowbrook Low Sodium Bananas,M-00221-D,0.74,0.31,1.97,0,N
222,Prime Select,Prime Select Mini Sports Drink,PS-00222-P,$1.64,1.09,1.49,0,0
223,EcoHarvest,EcoHarvest Family Size Pork Chops,e-00223-h,10.45,4.51,2.02,True,0
224,Silver Creek,Silver Creek Classic Bagels,SC-00224-F,1.55,0.81,1.38,0,
225,Prime Select,Prime Select Classic Yogurt,PS-00225-D,5.38,2.5,2.36,0,
226,American Classic,American Classic Lite Crab Legs,AC-00226-J,5.04,3.29,0.96,0,N
227,EcoHarvest,EcoHarvest Reduced Fat Frozen Pizza,E-00227-I,4.39,1.84,1.55,1,yes
228,Golden Harvest,Golden Harvest Lite Bar Soap,GH-00228-A,$5.25,3.35,1.13,0,False
229,GreenLeaf,GreenLeaf Fresh Milk,G-00229-B,4.06,2.41,1.27,1,False
230,greenleaf,GreenLeaf Gourmet Soda,G-00230-X,3.52,2.09,1.2,1,0
231,Farmhouse Select,Farmhouse Select Family Size Pork Chops,FS-00231-B,8.21,5.59,2.98,0.0,0
232,Hilltop Farms,Hilltop Farms Traditional Cheese,HF-00232-Z,4.91,3.4,1.54,Yes,1
233,wholesome co  ,Wholesome Co Low Sodium Bacon,WC-00233-O,10.01,3.56,1.47,0,0
234,Family Choice,Family Choice Fresh Tea,FC-00234-I,4.24,2.72,2.51,0,0
235,EcoHarvest,EcoHarvest Fresh Bottled Water,E-00235-B,$3.69,2.26,1.33,0.0,No
236,prime select,Prime Select Original Sausage,PS-00236-C,11.92,8.2,,1,0
237,sunrise organics,Sunrise Organics Organic Napkins,SO-00237-Y,8.42,,0.96,False,N
238,BluePeak,BluePeak Gourmet Laundry Detergent,B-00238-H,9.07,5.95,2.11,1,0
239,Golden Harvest,Golden Harvest Original Apples,GH-00239-W,$1.66,0.64,1.57,1,0
240,silver creek,Silver Creek Deluxe Ham,SC-00240-T,7.23,4.04,2.3,1,0.0
241,Wholesome Co,Wholesome Co Reduced Fat Coffee,WC-00241-I,$1.61,1.11,1.11,0,no
242,Farmhouse Select,Farmhouse Select Low Sodium Ice Cream,FS-00242-X,2.62,1.4,,0,0
243,GreenLeaf,GreenLeaf Mini Yogurt,G-00243-Z,4.05,2.7,1.97,0,1
244,TrueTaste,TrueTaste Mini Toothpaste,T-00244-T,5.26,2.7,0.24,True,0
245,Prime Select,Prime Select Gourmet Bottled Water,PS-00245-R,2.89,1.84,1.26,0,0
246,Premium Choice  ,Premium Choice Gourmet Sausage,PC-00246-W,5.25,3.21,1.84,N,No
247,EcoHarvest,EcoHarvest Classic Yogurt,E-00247-T,1.7,0.69,1.11,1,0
248,Value Plus,Value Plus Fresh Chicken Breast,VP-00248-T,4.31,1.9,3.26,1,0
249,  Heritage Foods  ,Heritage Foods Low Sodium Carrots,HF-00249-U,1.12,0.59,0.9,1,0
250,Prime Select,Prime Select Jumbo Cookies,PS-00250-S,3.78,2.61,0.71,Y,0
251,Premium Choice,Premium Choice Family Size Tomatoes,PC-00251-L,2.34,1.62,1.77,1,0
252,Family Choice,Family Choice Traditional Ice Cream,fc-00252-a,3.67,1.51,2.88,yes,1
253,Wholesome Co,Wholesome Co Gourmet Waffles,WC-00253-L,7.42,3.59,2.68,True,1
254,Sunrise Organics,Sunrise Organics Jumbo Sour Cream,SO-00254-Y,5.01,2.74,1.89,Yes,0
255,Golden Harvest,Golden Harvest Original Milk,GH-00255-M,$5.30,3.03,0.59,No,0
256,SUNRISE ORGANICS,Sunrise Organics Original Toothpaste,SO-00256-O,11.0,6.26,0.36,,0
257,Golden Valley,Golden Valley Fresh Laundry Detergent,GV-00257-L,3.2,1.66,3.25,1,no
258,Sunrise Organics,Sunrise Organics Lite Sour Cream,SO-00258-I,3.8,1.61,1.3,True,N
259,Crystal Springs,Crystal Springs Classic Deodorant,CS-00259-Z,8.15,3.88,0.38,0,N
260,Value Plus,Value Plus Organic Popcorn,VP-00260-U,3.84,1.37,0.79,1,0
261,Golden Harvest,Golden Harvest Classic Tilapia,GH-00261-F,9.12,3.56,0.67,0,0
262,Family Choice,Family Choice Jumbo Cheese,FC-00262-R,5.04,2.83,1.9,,1
263,  BluePeak  ,BluePeak Extra Crunchy Carrots,B-00263-V,0.87,0.5,1.43,1,0
264,Value Plus,Value Plus Jumbo Popcorn,VP-00264-P,$4.77,1.74,0.99,0,False
265,Urban Pantry,Urban Pantry Family Size Napkins,UP-00265-Q,4.6,2.61,,1,0
266,Wholesome Co,Wholesome Co Traditional Bananas,WC-00266-U,0.66,0.4,0.82,1,0
267,Farmhouse Select,Farmhouse Select Value Pack Cookies,FS-00267-X,3.26,2.25,0.6,0,1
268,Premium Choice,Premium Choice Fresh Muffins,PC-00268-V,3.81,2.1,1.18,1.0,N
269,Heritage Foods,Heritage Foods Organic Muffins,HF-00269-J,4.15,1.77,0.41,no,0
270,Everyday Basics,Everyday Basics Extra Crunchy Butter,EB-00270-T,3.44,1.33,2.23,no,0
271,Natures Best,Natures Best Family Size Laundry Detergent,NB-00271-Z,7.64,3.97,1.63,1,0.0
272,Crystal Springs,Crystal Springs Original Shrimp,CS-00272-G,13.04,6.28,2.36,0,0.0
273,Farmhouse Select,Farmhouse Select Deluxe Ham,FS-00273-J,10.56,5.12,3.22,Yes,no
274,TrueTaste,TrueTaste Extra Crunchy Tuna,T-00274-D,$15.86,9.99,0.99,No,0
275,Natures Best,Natures Best Lite Donuts,NB-00275-H,5.34,2.52,1.2,Yes,No
276,Natures Best,Natures Best Reduced Fat Onions,NB-00276-C,2.7,,1.41,0,0
277,Meadowbrook,Meadowbrook Value Pack Dish Soap,M-00277-A,10.27,4.15,3.05,N,0
278,Natures Best,Natures Best Original Waffles,NB-00278-N,4.57,2.98,1.15,yes,False
279,Silver Creek,Silver Creek Fresh Juice,SC-00279-D,5.01,2.24,0.75,0,0
280,EcoHarvest,EcoHarvest Organic Pretzels,E-00280-M,3.61,1.33,0.93,0,0
281,Family Choice,Family Choice Value Pack Toothpaste,FC-00281-D,$6.96,2.85,1.12,1,0.0
282,Coastal Fresh,Coastal Fresh Organic Laundry Detergent,CF-00282-X,10.88,5.76,,False,0.0
283,Farmhouse Select,Farmhouse Select Gourmet Bacon,fs-00283-z,5.23,2.37,1.49,False,1
284,BluePeak,BluePeak Fresh Bar Soap,B-00284-K,8.55,3.65,0.91,0,0
285,Crystal Springs,Crystal Springs Deluxe Bacon,CS-00285-I,$10.80,,1.54,0,0
286,Golden Valley,Golden Valley Classic Bar Soap,GV-00286-Z,3.16,1.69,0.39,0,No
287,Coastal Fresh,Coastal Fresh Extra Crunchy Apples,CF-00287-Q,1.17,0.76,1.34,0.0,0
288,MEADOWBROOK,Meadowbrook Extra Crunchy Aluminum Foil,M-00288-Z,2.21,1.29,3.19,0,0
289,BluePeak,BluePeak Organic Salmon Fillet,B-00289-D,13.27,7.49,0.52,1,False
290,Natures Best,Natures Best Fresh Ham,nb-00290-i,10.27,3.94,1.07,N,No
291,Crystal Springs,Crystal Springs Low Sodium Shrimp,CS-00291-Z,12.18,5.7,1.26,1,0.0
292,Hilltop Farms,Hilltop Farms Lite Toothpaste,HF-00292-B,10.08,4.56,0.84,1,0
293,BluePeak,BluePeak Lite Juice,B-00293-U,6.18,2.64,1.32,0,False
294,Everyday Basics,Everyday Basics Jumbo Coffee,EB-00294-Q,5.93,3.78,0.7,1,0
295,Hilltop Farms,Hilltop Farms Lite Frozen Pizza,HF-00295-S,8.44,4.8,1.1,1,0
296,Family Choice,Family Choice Lite Waffles,FC-00296-Y,8.49,5.43,1.46,1,False
297,Golden Valley,Golden Valley Low Sodium Sausage,GV-00297-F,3.12,1.87,2.68,No,no
298,Pure Origins,Pure Origins Traditional Ice Cream,PO-00298-R,$8.49,5.64,1.39,True,0
299,Prime Select,Prime Select Value Pack Dish Soap,PS-00299-S,2.23,0.92,1.51,No,0
300,Natures Best,Natures Best Fresh Tea,NB-00300-L,1.95,0.87,2.48,1,0
301,COASTAL FRESH,Coastal Fresh Family Size Cream,CF-00301-D,4.96,2.25,0.54,0,False
302,Golden Harvest,Golden Harvest Extra Crunchy Tea,GH-00302-T,2.36,1.12,2.97,1,0
303,Meadowbrook,Meadowbrook Deluxe Cream,M-00303-H,6.48,2.94,1.28,1,0
304,  EcoHarvest  ,EcoHarvest Organic Carrots,E-00304-T,$2.94,1.89,1.09,0,0
305,Heritage Foods,Heritage Foods Traditional Deodorant,HF-00305-T,4.21,2.35,1.07,1.0,0
306,Coastal Fresh,Coastal Fresh Value Pack Trash Bags,cf-00306-w,9.09,5.89,1.72,Y,0
307,ecoharvest,EcoHarvest Classic Onions,E-00307-I,1.79,1.17,1.62,1,0
308,BluePeak,BluePeak Classic Bacon,B-00308-G,5.34,2.83,2.91,Y,1
309,Natures Best,Natures Best Extra Crunchy Butter,NB-00309-X,3.25,1.78,2.29,0,yes
310,Urban Pantry,Urban Pantry Original Waffles,UP-00310-R,3.12,1.61,2.55,1,No
311,GreenLeaf,GreenLeaf Reduced Fat Vitamins,g-00311-y,9.36,6.07,1.12,0,0
312,GreenLeaf,GreenLeaf Deluxe Dish Soap,G-00312-N,3.56,2.19,1.31,no,False
313,Hilltop Farms,Hilltop Farms Fresh Cookies,hf-00313-f,4.71,2.44,0.22,1,0
314,Farmhouse Select,Farmhouse Select Family Size Frozen Vegetables,FS-00314-P,4.78,3.02,2.39,Y,0
315,Meadowbrook,Meadowbrook Traditional Tortilla Chips,M-00315-V,3.75,2.52,0.68,1,0
316,Everyday Basics,Everyday Basics Value Pack Tomatoes,EB-00316-L,2.28,0.82,1.21,0,False
317,Northern Mills,Northern Mills Extra Crunchy Tea,NM-00317-U,5.65,3.19,1.44,0,0
318,Premium Choice,Premium Choice Family Size Laundry Detergent,PC-00318-A,10.65,6.93,3.41,no,0
319,Value Plus,Value Plus Deluxe Deodorant,VP-00319-C,6.89,4.03,0.91,False,0
320,Prime Select,Prime Select Traditional Juice,PS-00320-L,7.93,4.53,0.55,yes,0
321,Meadowbrook,Meadowbrook Classic Vitamins,M-00321-K,8.91,5.97,1.09,0,0
322,Everyday Basics,Everyday Basics Mini Paper Towels,EB-00322-S,4.2,2.45,2.53,1,0
323,Silver Creek,Silver Creek Family Size Ice Cream,SC-00323-U,7.84,3.33,1.34,no,0
324,Prime Select,Prime Select Traditional Pork Chops,PS-00324-Z,10.96,5.56,3.38,0,yes
325,American Classic,American Classic Reduced Fat Cheese,AC-00325-A,2.1,1.04,2.22,True,0
326,Pure Origins,Pure Origins Family Size Cod,PO-00326-W,13.18,8.0,1.62,1,No
327,Premium Choice,Premium Choice Reduced Fat Popcorn,PC-00327-O,3.3,1.69,0.94,0,No
328,Natures Best  ,Natures Best Traditional Paper Towels,NB-00328-U,6.96,4.63,1.14,1,0
329,  Coastal Fresh  ,Coastal Fresh Family Size Lotion,CF-00329-R,6.65,3.26,0.29,0,0
330,TrueTaste,TrueTaste Classic Donuts,T-00330-L,5.24,2.98,1.21,0,0
331,Coastal Fresh,Coastal Fresh Jumbo Potato Chips,CF-00331-C,4.82,,,1.0,0
332,Coastal Fresh,Coastal Fresh Jumbo Rolls,CF-00332-Y,$2.38,1.64,0.6,1,N
333,Heritage Foods,Heritage Foods Low Sodium Trash Bags,HF-00333-V,9.97,3.67,1.29,0,0
334,Silver Creek,Silver Creek Jumbo Shrimp,SC-00334-P,11.71,4.18,2.5,1,0
335,TrueTaste,TrueTaste Classic Aluminum Foil,T-00335-G,4.0,1.4,1.83,Yes,0
336,Pure Origins,Pure Origins Original Tomatoes,PO-00336-M,0.62,0.27,0.57,0,0
337,Wholesome Co,Wholesome Co Fresh Laundry Detergent,WC-00337-W,4.99,2.39,3.71,1,0
338,Heritage Foods,Heritage Foods Organic Cookies,HF-00338-W,2.6,1.02,0.88,1.0,0
339,value plus,Value Plus Deluxe Tuna,VP-00339-O,4.2,2.89,0.77,False,False
340,TrueTaste,TrueTaste Traditional Dish Soap,T-00340-G,3.71,1.98,3.61,0,0.0
341,Farmhouse Select,Farmhouse Select Classic Deodorant,FS-00341-L,8.44,3.32,0.27,1,
342,Sunrise Organics,Sunrise Organics Classic Sour Cream,SO-00342-I,4.88,1.84,1.81,0,0
343,Urban Pantry,Urban Pantry Mini Napkins,UP-00343-T,6.97,4.25,1.48,1,0
344,Wholesome Co,Wholesome Co Jumbo Frozen Vegetables,WC-00344-G,5.02,3.22,1.78,0,N
345,Sunrise Organics,Sunrise Organics Original Croissants,SO-00345-Z,$4.98,2.95,1.1,0,0
346,Natures Best,Natures Best Extra Crunchy Dish Soap,NB-00346-V,$2.81,1.45,0.98,no,0
347,Meadowbrook,Meadowbrook Traditional Donuts,M-00347-B,2.99,1.54,0.79,True,0
348,EcoHarvest,EcoHarvest Deluxe Paper Towels,E-00348-H,3.92,,3.45,0,0
349,  Golden Valley  ,Golden Valley Deluxe Ice Cream,GV-00349-T,2.03,1.37,2.3,1,Y
350,Natures Best,Natures Best Extra Crunchy Crackers,NB-00350-A,4.53,2.49,0.37,N,False
351,Farmhouse Select,Farmhouse Select Family Size Crackers,FS-00351-I,3.12,2.09,0.87,1,0
352,Northern Mills,Northern Mills Extra Crunchy Tilapia,NM-00352-M,12.71,5.26,2.25,1,False
353,Meadowbrook,Meadowbrook Classic Pork Chops,M-00353-R,8.21,3.17,2.6,1,no
354,Wholesome Co,Wholesome Co Organic Sports Drink,WC-00354-B,2.6,1.46,0.75,True,0
355,Sunrise Organics,Sunrise Organics Extra Crunchy Coffee,SO-00355-I,4.09,2.61,2.92,1,False
356,GreenLeaf,GreenLeaf Family Size Ice Cream,G-00356-P,8.69,3.29,1.67,1,0
357,Golden Harvest,Golden Harvest Family Size Crackers,GH-00357-M,1.86,1.01,0.77,Yes,0
358,Hilltop Farms,Hilltop Farms Gourmet Salmon Fillet,HF-00358-K,11.93,7.54,1.39,N,0
359,Everyday Basics  ,Everyday Basics Family Size Potato Chips,EB-00359-D,1.83,0.78,0.98,1,0.0
360,American Classic,American Classic Jumbo Lotion,AC-00360-L,6.17,3.82,0.76,0,0
361,Urban Pantry,Urban Pantry Original Waffles,UP-00361-A,8.49,5.78,2.69,0,False
362,Value Plus,Value Plus Classic Sour Cream,vp-00362-p,1.3,0.55,0.64,Yes,0
363,Premium Choice,Premium Choice Fresh Aluminum Foil,PC-00363-F,5.43,3.42,0.96,0.0,0
364,Pure Origins,Pure Origins Family Size Tea,PO-00364-G,5.36,2.8,1.9,0,0
365,Value Plus,Value Plus Traditional Ice Cream,VP-00365-A,$4.15,2.73,1.56,0,0
366,Pure Origins,Pure Origins Organic Milk,PO-00366-W,4.83,2.06,,True,0
367,TrueTaste,TrueTaste Extra Crunchy Bacon,T-00367-B,11.07,7.12,0.94,No,0.0
368,Pure Origins,Pure Origins Extra Crunchy Apples,PO-00368-K,1.78,1.1,2.54,0,0
369,Wholesome Co,Wholesome Co Organic Muffins,WC-00369-V,3.09,1.24,0.36,1,0
370,BluePeak,BluePeak Traditional Donuts,B-00370-F,3.5,2.42,1.38,0,0.0
371,GreenLeaf,GreenLeaf Family Size Popcorn,G-00371-J,3.6,1.85,0.39,0,0
372,American Classic,American Classic Original Croissants,AC-00372-E,$4.76,1.74,1.08,0,0
373,American Classic,American Classic Fresh Pretzels,AC-00373-D,1.52,0.54,0.44,1,0
374,Golden Valley,Golden Valley Lite Onions,GV-00374-R,0.85,,2.22,0,0
375,BLUEPEAK,BluePeak Value Pack Rolls,B-00375-P,5.48,2.83,0.75,0,N
376,Crystal Springs,Crystal Springs Jumbo Cookies,CS-00376-B,4.0,2.1,0.24,0,0
377,Heritage Foods,Heritage Foods Traditional Chicken Breast,HF-00377-X,4.09,2.19,3.2,0,0
378,Meadowbrook,Meadowbrook Classic Butter,M-00378-F,6.03,2.19,1.15,True,0
379,GreenLeaf,GreenLeaf Classic Milk,G-00379-F,4.98,2.97,1.11,0,0
380,Heritage Foods,Heritage Foods Mini Bagels,HF-00380-Y,2.31,1.47,1.38,0,0
381,Meadowbrook,Meadowbrook Mini Cheese,M-00381-J,3.22,1.89,1.69,0,Y
382,Premium Choice,Premium Choice Value Pack Ham,PC-00382-K,6.4,4.42,2.76,1,1
383,Natures Best,Natures Best Lite Rolls,NB-00383-Q,5.31,2.65,0.92,True,0
384,Prime Select,Prime Select Mini Lettuce,PS-00384-S,1.47,0.6,0.72,1,
385,Family Choice,Family Choice Reduced Fat Laundry Detergent,FC-00385-Y,2.98,1.46,1.88,No,0
386,Coastal Fresh,Coastal Fresh Organic Aluminum Foil,cf-00386-k,8.9,4.76,3.97,0,no
387,PRIME SELECT,Prime Select Lite Sausage,PS-00387-Z,6.87,2.43,2.41,Yes,0
388,Pure Origins,Pure Origins Lite Bar Soap,PO-00388-K,4.51,2.45,0.31,no,False
389,Crystal Springs,Crystal Springs Reduced Fat Tomatoes,CS-00389-Z,0.98,0.66,1.13,No,0
390,Pure Origins,Pure Origins Classic Lettuce,PO-00390-C,3.43,1.4,1.59,False,0
391,Sunrise Organics  ,Sunrise Organics Low Sodium Popcorn,SO-00391-X,4.92,2.33,0.39,0,0
392,Wholesome Co,Wholesome Co Jumbo TV Dinner,WC-00392-F,6.42,4.29,0.84,0,1
393,Golden Valley  ,Golden Valley Value Pack Soda,GV-00393-H,$1.69,1.12,2.23,1,no
394,Prime Select,Prime Select Extra Crunchy Ice Cream,PS-00394-L,5.79,6.94,1.38,N,No
395,bluepeak,BluePeak Jumbo Bar Soap,B-00395-D,8.93,4.81,0.55,1,False
396,Prime Select,Prime Select Lite Cod,PS-00396-U,10.05,6.74,0.95,0.0,0
397,Silver Creek,Silver Creek Classic Sausage,SC-00397-K,$8.13,4.92,0.92,1,no
398,EcoHarvest,EcoHarvest Reduced Fat Bread,E-00398-Q,3.25,1.23,0.74,0,0
399,Northern Mills,Northern Mills Extra Crunchy Lotion,NM-00399-L,6.66,3.9,0.46,1,0
400,Heritage Foods,Heritage Foods Deluxe Aluminum Foil,HF-00400-T,4.97,2.38,1.46,yes,0
401,Value Plus,Value Plus Gourmet Sour Cream,VP-00401-N,2.82,1.86,2.49,1,0
402,  Crystal Springs,Crystal Springs Value Pack Paper Towels,CS-00402-T,9.44,4.05,1.58,1,0
403,TrueTaste,TrueTaste Extra Crunchy Pretzels,T-00403-Z,3.7,1.37,0.29,0,1
404,Silver Creek,Silver Creek Deluxe Bottled Water,SC-00404-D,5.67,3.92,2.12,True,0
405,Premium Choice,Premium Choice Classic Bottled Water,PC-00405-D,6.64,4.19,2.65,0.0,0
406,Coastal Fresh,Coastal Fresh Classic Tuna,CF-00406-G,6.73,4.5,2.3,N,N
407,Sunrise Organics,Sunrise Organics Mini Vitamins,so-00407-k,10.42,4.25,0.24,no,
408,Golden Valley,Golden Valley Family Size Bar Soap,GV-00408-T,11.06,4.03,0.62,False,N
409,Pure Origins,Pure Origins Organic Tilapia,PO-00409-W,6.53,3.55,0.52,1,0
410,Everyday Basics,Everyday Basics Family Size Yogurt,EB-00410-G,4.72,3.24,1.79,0,
411,Hilltop Farms,Hilltop Farms Original Lotion,HF-00411-G,11.57,4.7,0.71,No,False
412,Meadowbrook,Meadowbrook Classic Ham,M-00412-Y,8.65,,,0,1
413,Heritage Foods,Heritage Foods Low Sodium Bacon,HF-00413-W,5.93,2.45,1.49,0,True
414,Family Choice,Family Choice Traditional Trash Bags,FC-00414-J,8.96,4.96,3.4,0,
415,EcoHarvest,EcoHarvest Extra Crunchy Dish Soap,E-00415-Y,2.29,0.81,1.76,1,no
416,American Classic,American Classic Jumbo Bananas,AC-00416-X,3.71,,2.13,1.0,False
417,Wholesome Co,Wholesome Co Mini Muffins,WC-00417-J,1.52,0.94,0.76,1,0
418,Coastal Fresh,Coastal Fresh Classic Juice,CF-00418-V,5.13,2.35,2.02,1,False
419,TrueTaste,TrueTaste Classic Bottled Water,T-00419-V,7.61,3.52,2.94,0,0
420,Coastal Fresh,Coastal Fresh Reduced Fat Carrots,CF-00420-K,1.14,0.75,1.05,Y,0
421,BluePeak,BluePeak Original Muffins,B-00421-N,3.44,2.08,0.5,1,0
422,Everyday Basics,Everyday Basics Traditional Cookies,EB-00422-C,4.09,1.91,0.82,False,1
423,GreenLeaf,GreenLeaf Classic Sports Drink,G-00423-S,5.51,2.55,2.36,Y,0
424,BluePeak,BluePeak Reduced Fat Dish Soap,B-00424-J,$7.63,3.65,3.33,0,0
425,pure origins,Pure Origins Traditional Sausage,PO-00425-C,11.56,4.19,1.31,0,Y
426,Northern Mills,Northern Mills Classic Waffles,NM-00426-Q,6.75,4.51,1.76,1,0
427,Wholesome Co,Wholesome Co Value Pack Milk,WC-00427-R,5.99,3.66,1.76,1,0
428,Golden Valley,Golden Valley Traditional Frozen Fries,GV-00428-J,8.33,5.25,2.63,0,0
429,  Coastal Fresh,Coastal Fresh Value Pack Cod,CF-00429-L,12.8,8.82,0.55,1,0
430,WHOLESOME CO,Wholesome Co Fresh Donuts,WC-00430-X,3.0,1.59,0.41,1.0,False
431,TrueTaste,TrueTaste Value Pack Cod,T-00431-Q,14.36,5.94,1.04,0,0
432,Prime Select,Prime Select Family Size Pork Chops,PS-00432-Y,11.62,14.07,,1.0,0
433,  American Classic  ,American Classic Classic Paper Towels,AC-00433-O,4.36,1.63,2.86,0,0
434,GreenLeaf,GreenLeaf Traditional Chicken Breast,G-00434-A,11.4,7.5,2.88,1,N
435,Sunrise Organics,Sunrise Organics Deluxe Deodorant,SO-00435-J,7.37,4.38,0.89,Y,N
436,Golden Harvest,Golden Harvest Fresh Cod,GH-00436-K,7.15,4.78,1.94,1,False
437,  Meadowbrook  ,Meadowbrook Lite Paper Towels,M-00437-K,$10.49,4.67,,0,0
438,Value Plus,Value Plus Deluxe Tortilla Chips,VP-00438-U,4.69,1.87,0.5,,1
439,  EcoHarvest,EcoHarvest Gourmet Frozen Vegetables,E-00439-E,7.36,2.59,2.99,1,0
440,Crystal Springs,Crystal Springs Traditional Chicken Breast,CS-00440-O,8.33,3.64,1.38,0,1
441,Premium Choice,Premium Choice Extra Crunchy Donuts,PC-00441-Q,2.71,1.09,1.22,1,no
442,EcoHarvest,EcoHarvest Original Sour Cream,E-00442-C,3.92,1.75,2.47,1,1
443,Sunrise Organics,Sunrise Organics Original Sausage,SO-00443-I,3.16,2.06,1.91,0,False
444,Hilltop Farms,Hilltop Farms Mini Vitamins,HF-00444-T,11.33,4.75,0.3,0,no
445,Golden Harvest,Golden Harvest Jumbo Cheese,GH-00445-Z,1.75,1.19,2.32,1,0
446,Meadowbrook,Meadowbrook Lite Butter,M-00446-C,5.74,2.61,2.0,1,0
447,Sunrise Organics,Sunrise Organics Value Pack Chicken Breast,SO-00447-B,3.24,1.91,1.53,1,0
448,BluePeak,BluePeak Classic Bread,B-00448-A,3.03,1.49,0.69,1,no
449,vALUE pLUS,Value Plus Original Cream,VP-00449-P,$2.83,1.48,1.95,1,0
450,GreenLeaf,GreenLeaf Value Pack Bread,G-00450-V,2.92,1.45,1.3,1,0.0
451,Meadowbrook,Meadowbrook Extra Crunchy Tomatoes,M-00451-H,1.43,0.59,1.28,1,0
452,Golden Harvest,Golden Harvest Low Sodium Juice,GH-00452-Y,7.17,3.99,2.94,0,No
453,wHOLESOME cO,Wholesome Co Deluxe Aluminum Foil,WC-00453-A,8.27,4.92,1.61,0,False
454,Golden Valley,Golden Valley Lite Bagels,GV-00454-P,2.12,,0.77,1,No
455,Urban Pantry,Urban Pantry Original Salmon Fillet,UP-00455-U,13.51,5.03,1.1,no,False
456,BluePeak,BluePeak Mini Bacon,B-00456-W,6.52,2.97,3.07,True,0
457,Heritage Foods,Heritage Foods Extra Crunchy Crackers,HF-00457-L,4.89,2.77,0.46,0,1
458,TrueTaste,TrueTaste Extra Crunchy Shampoo,T-00458-V,10.95,5.31,1.18,0,0.0
459,  Natures Best,Natures Best Family Size Shrimp,NB-00459-N,13.64,8.82,1.27,0,0
460,GreenLeaf,GreenLeaf Original Crab Legs,G-00460-U,14.58,8.97,0.86,0,0
461,Crystal Springs,Crystal Springs Low Sodium Cookies,cs-00461-d,2.03,0.79,0.86,Yes,No
462,Premium Choice,Premium Choice Lite Bagels,PC-00462-J,1.83,1.14,0.8,1,no
463,NATURES BEST,Natures Best Value Pack Frozen Pizza,NB-00463-M,3.8,2.1,2.27,1,0.0
464,Urban Pantry,Urban Pantry Lite Bar Soap,UP-00464-F,5.81,3.1,0.54,1,False
465,hERITAGE fOODS,Heritage Foods Deluxe Lotion,HF-00465-N,5.12,2.53,0.49,Yes,0
466,TrueTaste,TrueTaste Mini Shrimp,T-00466-S,13.75,7.94,2.37,1,0
467,Sunrise Organics,Sunrise Organics Fresh Crab Legs,SO-00467-J,8.76,5.65,2.45,yes,no
468,Crystal Springs,Crystal Springs Jumbo Laundry Detergent,CS-00468-T,$2.74,1.48,1.56,1,0
469,Farmhouse Select,Farmhouse Select Value Pack Cheese,FS-00469-A,2.57,1.29,1.53,1,1
470,Wholesome Co,Wholesome Co Lite Sausage,WC-00470-J,11.53,5.39,2.59,1,1
471,natures best,Natures Best Low Sodium Bar Soap,NB-00471-I,5.25,2.2,0.66,1.0,0
472,Urban Pantry,Urban Pantry Jumbo Popcorn,UP-00472-R,1.65,1.15,0.94,Yes,True
473,EcoHarvest,EcoHarvest Family Size Ice Cream,E-00473-S,$4.88,3.15,0.99,1.0,0
474,Northern Mills,Northern Mills Fresh Potato Chips,NM-00474-C,4.74,2.45,0.76,N,N
475,Heritage Foods,Heritage Foods Lite Tuna,HF-00475-Y,6.27,2.64,1.65,0,no
476,  hilltop farms,Hilltop Farms Gourmet Bananas,HF-00476-E,3.99,1.42,1.16,1,0
477,Northern Mills,Northern Mills Deluxe Muffins,NM-00477-N,3.25,1.95,0.5,0,False
478,HILLTOP FARMS,Hilltop Farms Mini Juice,HF-00478-I,4.53,2.69,2.85,0,N
479,EcoHarvest,EcoHarvest Classic Muffins,E-00479-V,$4.34,1.78,0.6,0,0
480,Value Plus,Value Plus Gourmet Cod,VP-00480-R,15.8,5.86,0.89,0,0
481,BluePeak,BluePeak Gourmet Bacon,B-00481-U,4.82,2.66,2.86,0,0
482,TRUETASTE,TrueTaste Jumbo Tomatoes,T-00482-J,1.25,0.57,1.4,1,0.0
483,BluePeak,BluePeak Deluxe Carrots,B-00483-L,3.54,1.92,1.32,1,N
484,BluePeak,BluePeak Jumbo Coffee,B-00484-E,2.06,1.23,2.18,1,0
485,Premium Choice,Premium Choice Organic Waffles,PC-00485-P,4.98,2.58,2.62,Yes,yes
486,northern mills,Northern Mills Fresh Sports Drink,nm-00486-w,4.96,2.36,2.57,1,0
487,Wholesome Co,Wholesome Co Lite Tomatoes,WC-00487-C,$1.87,0.75,1.03,Y,False
488,  NORTHERN MILLS  ,Northern Mills Lite Popcorn,NM-00488-D,1.76,0.95,0.24,yes,0.0
489,BluePeak,BluePeak Original Trash Bags,B-00489-Y,$7.93,3.78,1.63,1,0
490,Everyday Basics,Everyday Basics Classic Bread,EB-00490-E,2.29,1.24,1.29,True,0
491,Wholesome Co,Wholesome Co Jumbo Lettuce,wc-00491-v,3.49,1.94,1.65,N,0
492,Coastal Fresh,Coastal Fresh Organic Donuts,CF-00492-O,2.1,1.36,1.09,0,0.0
493,GreenLeaf,GreenLeaf Extra Crunchy Toothpaste,G-00493-E,5.63,2.48,0.22,1,0
494,Urban Pantry,Urban Pantry Family Size Cod,UP-00494-C,$13.65,7.31,1.67,0,No
495,tRUEtASTE,TrueTaste Lite Cod,T-00495-W,7.76,4.12,1.64,0,0
496,Value Plus,Value Plus Organic Tomatoes,VP-00496-B,3.26,2.22,0.56,1,0
497,Natures Best,Natures Best Mini Sausage,NB-00497-F,8.05,,3.15,1,0
498,Crystal Springs,Crystal Springs Deluxe Juice,CS-00498-K,1.03,0.52,1.39,Y,0
499,Wholesome Co,Wholesome Co Reduced Fat Frozen Vegetables,WC-00499-P,8.89,,2.15,No,1
500,Crystal Springs,Crystal Springs Value Pack Milk,CS-00500-C,4.61,2.75,1.5,True,0
501,NORTHERN MILLS,Northern Mills Fresh Shrimp,NM-00501-Z,15.31,,1.2,0,No
502,GreenLeaf,GreenLeaf Lite Rolls,G-00502-H,4.41,2.93,1.4,No,0
503,Silver Creek,Silver Creek Jumbo Waffles,SC-00503-D,3.94,1.52,2.58,Yes,0
504,Heritage Foods,Heritage Foods Fresh Croissants,HF-00504-O,5.28,3.19,0.75,no,0
505,Coastal Fresh,Coastal Fresh Reduced Fat Sports Drink,CF-00505-M,2.32,1.04,0.89,yes,0
506,Everyday Basics,Everyday Basics Jumbo Cookies,eb-00506-x,4.84,,0.74,yes,1
507,Coastal Fresh,Coastal Fresh Gourmet Ground Beef,CF-00507-E,5.92,3.76,2.26,no,0
508,GreenLeaf,GreenLeaf Classic Ham,G-00508-I,9.23,4.81,1.21,0,True
509,Prime Select,Prime Select Original Carrots,PS-00509-B,1.32,0.57,1.4,1,0
510,Golden Harvest,Golden Harvest Fresh Cream,GH-00510-G,4.06,2.61,2.01,1,0
511,Everyday Basics,Everyday Basics Value Pack Aluminum Foil,EB-00511-I,3.81,1.51,1.24,0.0,0
512,hilltop farms,Hilltop Farms Organic Frozen Pizza,HF-00512-W,6.17,3.12,1.83,0.0,0
513,Northern Mills,Northern Mills Deluxe Laundry Detergent,NM-00513-E,$6.96,3.96,1.28,No,False
514,Heritage Foods,Heritage Foods Organic Muffins,HF-00514-G,3.84,2.02,0.56,1,0.0
515,TrueTaste,TrueTaste Original Paper Towels,T-00515-X,4.62,2.35,1.83,1,no
516,sILVER cREEK,Silver Creek Original Cod,SC-00516-X,15.21,8.37,0.97,True,0
517,TrueTaste,TrueTaste Mini Pretzels,T-00517-V,4.37,2.21,0.76,1,N
518,Value Plus,Value Plus Classic Sports Drink,VP-00518-D,3.12,1.75,0.62,0,0
519,BLUEPEAK,BluePeak Family Size Vitamins,B-00519-M,6.67,2.49,0.57,N,0
520,Golden Valley,Golden Valley Organic Tea,GV-00520-Q,6.14,3.05,1.12,Yes,0.0
521,ecoharvest,EcoHarvest Value Pack Ice Cream,E-00521-B,2.2,0.88,1.81,1.0,N
522,Silver Creek,Silver Creek Fresh Pork Chops,SC-00522-D,5.66,3.47,3.37,True,1
523,TrueTaste,TrueTaste Lite Butter,T-00523-R,5.26,1.93,2.08,1,0
524,Sunrise Organics,Sunrise Organics Mini Muffins,SO-00524-N,$4.00,2.39,1.09,0,N
525,Value Plus,Value Plus Extra Crunchy Lettuce,VP-00525-Q,1.02,0.38,0.8,0,0
526,BluePeak,BluePeak Low Sodium Cod,B-00526-J,9.57,4.22,0.53,1,0
527,Silver Creek,Silver Creek Mini Cod,sc-00527-x,14.25,7.38,0.63,0,N
528,TrueTaste,TrueTaste Classic Juice,T-00528-B,5.06,2.31,2.23,0,0
529,American Classic,American Classic Jumbo Sports Drink,AC-00529-U,3.3,1.81,1.0,yes,No
530,American Classic,American Classic Value Pack Sports Drink,AC-00530-F,5.71,2.5,1.55,1.0,no
531,Golden Harvest,Golden Harvest Deluxe Ham,GH-00531-R,8.01,3.3,3.14,1,0
532,BluePeak,BluePeak Reduced Fat Popcorn,B-00532-A,4.45,2.09,0.53,Y,0.0
533,Everyday Basics,Everyday Basics Family Size Frozen Vegetables,EB-00533-B,7.56,2.72,1.85,1,1
534,GreenLeaf,GreenLeaf Extra Crunchy Ground Beef,G-00534-T,5.02,2.53,1.85,N,0
535,Meadowbrook,Meadowbrook Fresh Salmon Fillet,M-00535-O,4.4,1.66,1.07,No,False
536,eVERYDAY bASICS,Everyday Basics Lite Paper Towels,EB-00536-K,2.14,1.22,1.14,0.0,0
537,Pure Origins,Pure Origins Original Apples,po-00537-r,$2.23,1.49,0.62,1,N
538,  Wholesome Co,Wholesome Co Mini Carrots,WC-00538-B,1.76,2.06,2.74,1,0
539,TrueTaste,TrueTaste Deluxe Rolls,T-00539-B,2.34,1.61,0.82,0,0
540,American Classic,American Classic Reduced Fat Cookies,AC-00540-F,2.49,0.93,0.59,False,0
541,Value Plus,Value Plus Original Carrots,VP-00541-P,2.36,1.24,1.08,N,False
542,Urban Pantry,Urban Pantry Family Size Pretzels,UP-00542-Z,2.32,1.03,0.51,No,0
543,Value Plus,Value Plus Lite Pork Chops,VP-00543-E,10.28,4.71,1.15,N,0
544,Northern Mills,Northern Mills Organic Laundry Detergent,NM-00544-S,4.04,2.05,1.35,1.0,0
545,Silver Creek,Silver Creek Traditional Tortilla Chips,SC-00545-U,3.14,1.3,0.59,0,0
546,Meadowbrook,Meadowbrook Extra Crunchy Lettuce,M-00546-I,2.2,1.29,2.21,Y,0
547,Prime Select,Prime Select Gourmet Soda,PS-00547-S,2.97,1.46,1.02,1,0
548,GreenLeaf,GreenLeaf Reduced Fat Vitamins,G-00548-N,10.75,5.28,0.6,0,N
549,Premium Choice,Premium Choice Value Pack Shampoo,PC-00549-E,3.35,2.04,0.86,No,No
550,TrueTaste,TrueTaste Lite Sports Drink,T-00550-C,3.23,2.11,2.68,1,no
551,BluePeak,BluePeak Jumbo Sausage,B-00551-Z,6.88,3.8,1.94,Y,True
552,Hilltop Farms,Hilltop Farms Fresh Potato Chips,HF-00552-A,4.95,3.29,0.83,1,True
553,sILVER cREEK,Silver Creek Deluxe Dish Soap,SC-00553-C,2.54,1.7,3.25,0,0
554,Farmhouse Select,Farmhouse Select Traditional Tea,FS-00554-I,1.89,0.75,2.58,True,0
555,farmhouse select,Farmhouse Select Fresh Muffins,FS-00555-K,5.07,2.05,0.69,0,0
556,Northern Mills,Northern Mills Traditional Shrimp,NM-00556-V,7.51,3.35,1.01,1,0
557,Golden Valley,Golden Valley Organic Napkins,GV-00557-X,3.73,2.34,3.92,1,False
558,Natures Best,Natures Best Traditional Crackers,nb-00558-h,4.21,1.5,0.68,N,0
559,GreenLeaf,GreenLeaf Organic Cod,g-00559-t,5.57,2.07,1.6,yes,N
560,Family Choice,Family Choice Mini Sports Drink,FC-00560-K,2.88,1.94,0.62,yes,0
561,Farmhouse Select,Farmhouse Select Gourmet Ground Beef,FS-00561-C,3.26,,1.14,,yes
562,Hilltop Farms,Hilltop Farms Traditional Tilapia,HF-00562-H,12.3,8.4,1.62,1,0
563,Premium Choice,Premium Choice Reduced Fat Bananas,PC-00563-F,0.8,0.46,1.56,1,0
564,Natures Best,Natures Best Classic Deodorant,NB-00564-Y,8.42,4.63,0.84,Yes,0
565,Coastal Fresh,Coastal Fresh Organic Sausage,CF-00565-G,3.73,2.45,3.39,1,0
566,Family Choice,Family Choice Classic Potato Chips,FC-00566-I,2.14,0.95,0.89,0,0
567,Silver Creek,Silver Creek Organic Milk,SC-00567-R,6.24,2.29,1.54,0,1
568,GreenLeaf,GreenLeaf Low Sodium Sports Drink,G-00568-E,4.77,2.43,0.67,1.0,0
569,Hilltop Farms,Hilltop Farms Deluxe Coffee,HF-00569-J,6.92,4.77,2.44,False,0
570,Value Plus,Value Plus Value Pack Sports Drink,VP-00570-A,1.48,,2.95,0,False
571,Northern Mills,Northern Mills Lite Lettuce,NM-00571-S,1.96,,1.58,Y,0
572,EVERYDAY BASICS,Everyday Basics Classic Juice,EB-00572-J,1.56,1.05,1.85,1,N
573,Urban Pantry,Urban Pantry Low Sodium Sausage,UP-00573-N,$3.72,2.57,1.51,0,No
574,Sunrise Organics,Sunrise Organics Value Pack Ice Cream,SO-00574-I,6.85,4.46,1.43,1,No
575,Golden Harvest,Golden Harvest Fresh TV Dinner,GH-00575-A,7.87,4.72,1.49,1,0
576,Family Choice,Family Choice Low Sodium Tortilla Chips,FC-00576-Y,2.89,1.97,0.21,0.0,1.0
577,American Classic,American Classic Lite Carrots,AC-00577-C,2.37,1.4,1.97,1,0
578,Urban Pantry,Urban Pantry Jumbo Tuna,UP-00578-V,15.15,7.16,2.18,1,0
579,Family Choice,Family Choice Lite Rolls,FC-00579-J,$2.97,1.92,1.16,,0
580,Crystal Springs,Crystal Springs Lite Napkins,CS-00580-K,5.41,3.11,3.06,1,0
581,American Classic,American Classic Original Napkins,AC-00581-U,7.11,,3.54,1,0
582,Prime Select,Prime Select Low Sodium Donuts,PS-00582-I,4.99,2.43,0.6,0,0
583,Prime Select  ,Prime Select Reduced Fat Deodorant,PS-00583-Q,6.03,3.13,0.54,0,0
584,TrueTaste,TrueTaste Gourmet Apples,T-00584-I,$2.89,1.97,2.62,No,0
585,BluePeak,BluePeak Traditional Frozen Fries,B-00585-E,8.46,5.87,2.19,False,False
586,Golden Valley,Golden Valley Fresh Bread,GV-00586-W,2.67,1.04,0.33,Yes,0.0
587,Family Choice,Family Choice Lite Frozen Pizza,FC-00587-C,5.09,3.27,2.65,1,0
588,Coastal Fresh,Coastal Fresh Deluxe Waffles,CF-00588-Q,6.08,3.78,1.47,0,Y
589,Value Plus,Value Plus Low Sodium Vitamins,vp-00589-v,2.63,0.94,0.47,1,0
590,American Classic,American Classic Family Size Tea,AC-00590-J,1.65,0.7,2.62,0,N
591,Natures Best,Natures Best Reduced Fat Carrots,NB-00591-X,1.44,0.84,1.93,0,0
592,Hilltop Farms,Hilltop Farms Traditional Frozen Fries,HF-00592-C,4.08,1.48,2.15,1,No
593,Silver Creek,Silver Creek Extra Crunchy Bar Soap,SC-00593-F,$4.14,2.0,0.56,True,No
594,Everyday Basics,Everyday Basics Mini Frozen Pizza,EB-00594-D,3.29,2.04,1.43,no,0
595,Sunrise Organics,Sunrise Organics Value Pack Crackers,SO-00595-N,3.48,1.42,0.43,False,True
596,Family Choice,Family Choice Value Pack Laundry Detergent,FC-00596-I,2.68,1.79,1.02,1,0
597,Northern Mills,Northern Mills Family Size Carrots,NM-00597-Q,1.68,1.15,2.55,0,False
598,BluePeak,BluePeak Mini Juice,B-00598-N,4.65,2.65,0.65,0,N
599,FARMHOUSE SELECT,Farmhouse Select Reduced Fat Frozen Pizza,FS-00599-Z,$3.68,2.12,1.69,1,0
600,Premium Choice,Premium Choice Reduced Fat Pretzels,PC-00600-B,2.63,1.83,0.64,1,1
601,Natures Best,Natures Best Mini Frozen Fries,NB-00601-Y,2.95,1.88,1.24,0,True
602,Wholesome Co,Wholesome Co Classic Bar Soap,WC-00602-O,$5.42,2.54,1.11,1,0
603,Natures Best,Natures Best Deluxe Vitamins,NB-00603-X,5.29,1.98,0.93,False,N
604,Northern Mills,Northern Mills Deluxe TV Dinner,NM-00604-E,2.03,1.02,1.79,0,0
605,Pure Origins,Pure Origins Reduced Fat Onions,PO-00605-D,2.57,1.11,1.54,1,0
606,Hilltop Farms,Hilltop Farms Lite Waffles,HF-00606-E,7.54,4.99,2.7,0,0
607,Farmhouse Select,Farmhouse Select Jumbo Shrimp,FS-00607-E,6.82,3.44,1.96,1,0
608,Heritage Foods,Heritage Foods Deluxe Ice Cream,HF-00608-T,8.82,3.77,1.41,yes,False
609,Family Choice,Family Choice Organic Pork Chops,FC-00609-H,5.99,3.52,2.52,1,0
610,Urban Pantry,Urban Pantry Traditional Onions,UP-00610-O,1.8,1.24,2.77,0,No
611,Northern Mills,Northern Mills Value Pack Sports Drink,NM-00611-K,5.36,3.62,2.56,0,0
612,Everyday Basics,Everyday Basics Mini Waffles,eb-00612-q,2.65,0.99,2.42,False,0
613,Silver Creek,Silver Creek Fresh Apples,SC-00613-H,3.43,1.7,2.45,0,False
614,aMERICAN cLASSIC,American Classic Classic Tea,ac-00614-w,4.36,2.95,2.81,True,0
615,Northern Mills,Northern Mills Organic Laundry Detergent,NM-00615-Y,6.99,4.09,1.66,0,False
616,Coastal Fresh,Coastal Fresh Low Sodium Muffins,CF-00616-O,3.48,2.35,1.39,1,0
617,Meadowbrook,Meadowbrook Classic Vitamins,M-00617-L,$3.70,,0.26,False,no
618,Heritage Foods,Heritage Foods Classic Lettuce,hf-00618-y,0.51,0.23,1.43,1,0
619,Golden Harvest,Golden Harvest Fresh Milk,GH-00619-Y,2.44,1.43,1.94,1,0
620,Prime Select,Prime Select Value Pack Lettuce,PS-00620-X,2.09,0.96,2.69,0,N
621,American Classic,American Classic Extra Crunchy Cookies,AC-00621-H,2.34,1.42,0.73,1,0
622,Pure Origins,Pure Origins Deluxe Crackers,PO-00622-R,4.79,2.25,0.3,no,0
623,Farmhouse Select,Farmhouse Select Original Paper Towels,FS-00623-Z,3.52,2.41,1.02,0,no
624,GreenLeaf,GreenLeaf Fresh Waffles,G-00624-C,4.86,2.59,2.46,1,1
625,Everyday Basics,Everyday Basics Low Sodium Ham,EB-00625-Y,9.0,6.2,3.06,yes,N
626,Crystal Springs,Crystal Springs Family Size Bacon,CS-00626-Q,9.96,6.48,1.58,1,0
627,Meadowbrook,Meadowbrook Organic Trash Bags,M-00627-L,8.82,4.44,3.5,0,0
628,Golden Harvest,Golden Harvest Classic Napkins,GH-00628-K,7.25,4.87,2.14,True,0
629,Value Plus,Value Plus Lite Soda,VP-00629-F,6.66,3.91,1.52,False,0
630,Farmhouse Select,Farmhouse Select Jumbo Tea,FS-00630-B,5.39,3.76,2.99,1,
631,Crystal Springs,Crystal Springs Lite Toothpaste,CS-00631-J,12.69,5.26,0.81,0,0
632,Farmhouse Select  ,Farmhouse Select Low Sodium Tortilla Chips,FS-00632-F,3.22,1.93,0.63,1,no
633,Hilltop Farms,Hilltop Farms Lite Apples,HF-00633-V,2.67,1.34,2.93,1.0,
634,Everyday Basics,Everyday Basics Mini Yogurt,EB-00634-O,6.0,3.36,1.83,N,0
635,GreenLeaf,GreenLeaf Value Pack Bread,G-00635-X,3.41,1.96,0.99,1,0
636,GreenLeaf,GreenLeaf Fresh Frozen Vegetables,G-00636-Q,$6.82,3.34,2.83,0,0
637,EcoHarvest,EcoHarvest Lite Tuna,E-00637-R,14.46,7.84,2.13,1,
638,Natures Best,Natures Best Mini Sour Cream,NB-00638-N,4.59,2.51,2.1,1,1
639,Pure Origins,Pure Origins Family Size Deodorant,PO-00639-X,$2.17,1.24,0.7,1,0
640,Everyday Basics,Everyday Basics Traditional Lotion,EB-00640-M,12.77,8.31,0.84,0.0,No
641,Wholesome Co,Wholesome Co Deluxe Crackers,WC-00641-D,2.39,1.01,0.43,1,Yes
642,Farmhouse Select,Farmhouse Select Jumbo Vitamins,FS-00642-R,$12.67,7.16,0.33,0,0
643,Prime Select,Prime Select Traditional Toothpaste,PS-00643-R,8.55,3.4,0.72,1,0
644,Everyday Basics,Everyday Basics Gourmet Tomatoes,EB-00644-N,3.53,1.33,1.44,1,0
645,American Classic,American Classic Mini Popcorn,AC-00645-W,$4.73,1.93,0.29,yes,0
646,Farmhouse Select,Farmhouse Select Fresh Rolls,FS-00646-O,3.05,1.91,1.07,No,0
647,Premium Choice,Premium Choice Traditional Onions,PC-00647-U,3.99,1.64,2.56,1,False
648,Northern Mills,Northern Mills Jumbo Yogurt,NM-00648-C,3.33,1.58,1.71,True,0
649,Sunrise Organics,Sunrise Organics Lite Tomatoes,SO-00649-U,0.59,0.39,0.73,yes,N
650,Coastal Fresh,Coastal Fresh Organic Soda,CF-00650-I,2.18,0.93,0.9,1,0
651,Premium Choice,Premium Choice Lite Bananas,PC-00651-R,$1.08,0.6,2.58,no,0
652,Urban Pantry,Urban Pantry Fresh Lettuce,UP-00652-Q,3.31,1.6,1.81,0,0.0
653,Golden Valley,Golden Valley Lite Cookies,GV-00653-I,$4.42,1.6,0.67,0,1
654,Pure Origins,Pure Origins Deluxe Dish Soap,PO-00654-B,4.99,2.87,3.51,1,0.0
655,Farmhouse Select,Farmhouse Select Extra Crunchy Ground Beef,FS-00655-Q,3.58,2.41,3.24,1.0,0
656,American Classic,American Classic Classic Sour Cream,AC-00656-R,1.47,0.52,1.21,True,0
657,Heritage Foods,Heritage Foods Jumbo Ice Cream,HF-00657-V,$3.20,1.21,1.68,,N
658,Prime Select,Prime Select Traditional Soda,PS-00658-S,2.71,1.66,1.82,1,0
659,sUNRISE oRGANICS,Sunrise Organics Low Sodium Bananas,SO-00659-B,1.47,0.97,2.19,0.0,0
660,Sunrise Organics,Sunrise Organics Family Size Trash Bags,SO-00660-I,10.3,3.77,2.78,0,0
661,Pure Origins,Pure Origins Low Sodium Vitamins,PO-00661-S,9.72,4.67,0.84,0,0
662,GreenLeaf,GreenLeaf Reduced Fat Muffins,G-00662-A,5.5,2.25,0.37,0,0
663,Wholesome Co,Wholesome Co Organic Ice Cream,WC-00663-P,7.91,8.38,0.93,0,0
664,Family Choice,Family Choice Low Sodium Ice Cream,FC-00664-P,3.41,1.46,2.9,0,0
665,  Value Plus  ,Value Plus Family Size Crab Legs,VP-00665-O,6.4,3.92,2.47,Yes,N
666,Golden Valley,Golden Valley Classic Popcorn,GV-00666-B,4.96,2.27,0.4,1.0,0.0
667,GreenLeaf,GreenLeaf Lite Aluminum Foil,G-00667-E,8.89,3.34,1.94,0,0
668,AMERICAN CLASSIC,American Classic Extra Crunchy Dish Soap,AC-00668-P,2.44,1.65,2.77,0,0
669,Northern Mills,Northern Mills Gourmet Crackers,NM-00669-K,3.89,2.39,,yes,False
670,greenleaf,GreenLeaf Gourmet Bar Soap,G-00670-C,4.53,2.94,0.54,0,0
671,BluePeak,BluePeak Extra Crunchy Popcorn,B-00671-E,2.31,1.46,0.26,1,0
672,GreenLeaf,GreenLeaf Organic Sausage,G-00672-K,$11.41,6.91,3.08,1,0
673,Silver Creek,Silver Creek Jumbo Bagels,SC-00673-E,3.12,1.49,1.35,1,No
674,Everyday Basics,Everyday Basics Lite Ice Cream,EB-00674-R,8.66,5.53,2.33,0.0,0
675,Farmhouse Select,Farmhouse Select Lite Onions,FS-00675-Y,1.77,0.77,2.76,Yes,0
676,Golden Harvest,Golden Harvest Reduced Fat Lettuce,GH-00676-Z,2.85,1.96,1.78,False,0
677,Prime Select,Prime Select Reduced Fat Frozen Fries,PS-00677-T,4.42,2.33,1.91,no,no
678,GOLDEN VALLEY,Golden Valley Reduced Fat Dish Soap,GV-00678-A,2.82,1.42,3.87,0,0.0
679,American Classic,American Classic Traditional Potato Chips,AC-00679-Z,3.28,2.11,0.82,1,N
680,Wholesome Co,Wholesome Co Value Pack Donuts,WC-00680-H,3.18,1.66,1.18,0,0.0
681,Urban Pantry,Urban Pantry Extra Crunchy Aluminum Foil,UP-00681-T,$4.31,2.38,1.55,1,0
682,pURE oRIGINS,Pure Origins Original Pretzels,PO-00682-B,3.4,3.8,0.98,1,0
683,Wholesome Co,Wholesome Co Reduced Fat Butter,WC-00683-W,$1.74,0.85,1.59,1,1
684,Premium Choice,Premium Choice Family Size Aluminum Foil,PC-00684-P,2.62,1.4,3.25,N,0
685,Sunrise Organics,Sunrise Organics Original Ice Cream,SO-00685-D,3.7,1.96,1.1,yes,no
686,Sunrise Organics,Sunrise Organics Traditional Shampoo,SO-00686-B,$5.73,4.0,0.67,0,no
687,Prime Select,Prime Select Value Pack Pretzels,PS-00687-W,2.61,1.1,0.7,1,0
688,TrueTaste,TrueTaste Traditional Sausage,T-00688-Y,9.72,3.79,1.04,0,0
689,Heritage Foods,Heritage Foods Organic Ice Cream,HF-00689-L,2.31,1.36,2.54,0,yes
690,  Value Plus,Value Plus Deluxe Tilapia,VP-00690-N,10.68,4.75,2.07,0,0
691,GreenLeaf,GreenLeaf Value Pack Onions,G-00691-K,3.55,1.42,0.61,0,0
692,Wholesome Co,Wholesome Co Deluxe Dish Soap,WC-00692-U,10.62,4.33,0.81,0,0
693,Urban Pantry,Urban Pantry Gourmet Chicken Breast,UP-00693-C,3.24,1.59,1.63,1,0
694,Farmhouse Select,Farmhouse Select Lite Bar Soap,FS-00694-E,8.53,5.8,,1,no
695,Premium Choice,Premium Choice Low Sodium Coffee,PC-00695-N,$3.20,1.48,0.6,1,0
696,Family Choice,Family Choice Original Frozen Fries,FC-00696-J,6.55,3.62,2.51,no,0.0
697,Prime Select,Prime Select Extra Crunchy Lettuce,PS-00697-X,3.52,2.1,1.72,0,0
698,Value Plus,Value Plus Low Sodium Donuts,VP-00698-V,1.84,0.73,1.18,1.0,0
699,Farmhouse Select,Farmhouse Select Reduced Fat Potato Chips,FS-00699-N,2.69,0.99,0.36,1,yes
700,Natures Best  ,Natures Best Deluxe Donuts,NB-00700-T,4.15,2.33,0.52,True,0
701,Meadowbrook,Meadowbrook Reduced Fat Juice,M-00701-A,6.7,3.68,2.36,1,0
702,Urban Pantry,Urban Pantry Traditional Paper Towels,UP-00702-Q,4.5,2.03,2.55,0,0
703,Silver Creek,Silver Creek Traditional Ham,SC-00703-X,$4.08,1.83,1.18,0,N
704,Golden Valley,Golden Valley Classic Ice Cream,GV-00704-Z,$6.14,2.45,1.44,yes,No
705,Premium Choice,Premium Choice Fresh Laundry Detergent,PC-00705-G,4.89,1.98,1.46,1,No
706,Wholesome Co,Wholesome Co Reduced Fat Sports Drink,WC-00706-F,3.85,,1.42,N,0
707,Value Plus,Value Plus Mini Napkins,VP-00707-B,$4.16,2.37,3.46,True,No
708,Golden Harvest,Golden Harvest Deluxe Muffins,GH-00708-F,4.97,2.12,1.32,0,0
709,Natures Best,Natures Best Original Chicken Breast,NB-00709-U,3.76,1.74,2.54,0,1
710,PURE ORIGINS,Pure Origins Low Sodium Milk,PO-00710-A,4.23,1.76,0.7,1,0
711,Golden Harvest,Golden Harvest Deluxe Butter,GH-00711-M,3.06,1.76,2.31,1,1
712,Silver Creek,Silver Creek Classic Sports Drink,SC-00712-V,3.6,1.73,1.91,1,0
713,Pure Origins,Pure Origins Organic Bread,PO-00713-F,1.96,1.27,0.61,0,0
714,Pure Origins,Pure Origins Deluxe Chicken Breast,PO-00714-M,6.73,2.62,3.28,1,No
715,Hilltop Farms,Hilltop Farms Classic Frozen Fries,HF-00715-R,7.03,2.52,1.71,1,0
716,Premium Choice,Premium Choice Organic Onions,PC-00716-C,$3.12,1.23,0.99,0.0,False
717,Natures Best,Natures Best Classic Pretzels,NB-00717-I,3.8,1.83,1.0,0,no
718,bluepeak,BluePeak Jumbo Tuna,B-00718-L,14.21,9.74,1.23,1,False
719,Golden Harvest,Golden Harvest Value Pack Chicken Breast,GH-00719-B,9.99,5.21,2.61,1,0.0
720,TrueTaste,TrueTaste Extra Crunchy Chicken Breast,T-00720-M,6.17,3.81,3.44,0,False
721,Heritage Foods,Heritage Foods Classic Carrots,HF-00721-I,$1.91,0.98,2.5,1,0
722,Urban Pantry,Urban Pantry Traditional Dish Soap,UP-00722-H,9.74,6.73,3.88,no,0
723,Heritage Foods,Heritage Foods Organic Tomatoes,HF-00723-Z,0.71,0.28,0.95,1,0
724,Value Plus,Value Plus Fresh Cod,VP-00724-Y,$11.42,4.15,1.45,0,0.0
725,Premium Choice,Premium Choice Mini Paper Towels,PC-00725-C,10.27,6.6,2.47,0.0,0.0
726,Coastal Fresh,Coastal Fresh Low Sodium Crab Legs,CF-00726-C,5.86,2.06,0.55,True,0
727,Prime Select,Prime Select Low Sodium Cod,PS-00727-Q,8.9,3.62,2.33,Yes,no
728,Value Plus,Value Plus Original Vitamins,VP-00728-Q,7.88,3.28,0.74,yes,0
729,Pure Origins,Pure Origins Original Yogurt,PO-00729-H,2.12,1.32,1.37,0,True
730,TrueTaste,TrueTaste Deluxe Coffee,T-00730-T,7.24,8.55,1.09,0,0
731,Pure Origins,Pure Origins Original Apples,PO-00731-B,0.59,0.26,2.63,0,0
732,Farmhouse Select,Farmhouse Select Reduced Fat Sausage,FS-00732-I,11.03,6.23,2.15,0,Y
733,sILVER cREEK,Silver Creek Mini Dish Soap,SC-00733-S,$7.84,2.98,3.08,yes,False
734,TrueTaste,TrueTaste Jumbo Pretzels,t-00734-b,1.78,1.95,0.49,1,0
735,Pure Origins,Pure Origins Original Dish Soap,PO-00735-I,9.15,5.33,1.61,0,False
736,tRUEtASTE,TrueTaste Family Size Aluminum Foil,T-00736-R,7.65,4.2,3.25,0,0.0
737,Golden Valley,Golden Valley Reduced Fat Popcorn,GV-00737-T,2.31,1.6,0.71,0,0
738,Everyday Basics,Everyday Basics Fresh Cheese,EB-00738-Z,3.51,1.61,1.17,,no
739,Urban Pantry,Urban Pantry Original Lotion,UP-00739-V,10.07,3.57,0.74,1,no
740,EcoHarvest,EcoHarvest Fresh Donuts,E-00740-R,2.05,0.8,0.87,1,0
741,Urban Pantry,Urban Pantry Value Pack Cream,UP-00741-P,6.47,2.5,1.42,True,N
742,  Golden Harvest  ,Golden Harvest Reduced Fat Sports Drink,GH-00742-C,5.85,3.5,1.27,0,0
743,Farmhouse Select,Farmhouse Select Mini Yogurt,FS-00743-C,6.2,3.35,1.72,0,0
744,EcoHarvest,EcoHarvest Low Sodium Bread,E-00744-X,2.74,1.42,0.52,1,0
745,Silver Creek,Silver Creek Extra Crunchy Dish Soap,SC-00745-Y,5.95,2.94,3.29,0,False
746,Prime Select,Prime Select Jumbo Pork Chops,PS-00746-I,7.53,4.3,,0,1
747,Northern Mills,Northern Mills Organic Salmon Fillet,NM-00747-L,14.19,8.44,1.35,0,0
748,Sunrise Organics,Sunrise Organics Extra Crunchy Yogurt,SO-00748-T,$2.96,1.66,,True,0
749,Wholesome Co,Wholesome Co Lite Lotion,WC-00749-F,4.54,5.57,0.21,0,0.0
750,sUNRISE oRGANICS,Sunrise Organics Organic Cookies,SO-00750-S,$3.01,1.46,0.48,No,N
751,Natures Best,Natures Best Classic Pretzels,NB-00751-W,3.26,2.28,0.25,1,0
752,Silver Creek,Silver Creek Reduced Fat Cookies,SC-00752-E,3.37,2.03,0.74,1,False
753,Farmhouse Select,Farmhouse Select Classic Crackers,FS-00753-G,2.4,1.17,0.47,0,0
754,Prime Select,Prime Select Low Sodium Muffins,PS-00754-H,3.3,2.21,1.14,0,0.0
755,Urban Pantry,Urban Pantry Gourmet Tilapia,UP-00755-L,5.3,2.79,0.76,Y,0
756,Natures Best,Natures Best Reduced Fat Rolls,NB-00756-E,4.58,2.56,0.97,True,0
757,Silver Creek,Silver Creek Traditional Ham,SC-00757-C,6.24,3.09,2.85,1,no
758,Prime Select,Prime Select Original Sausage,PS-00758-V,6.95,4.26,2.18,1,
759,Silver Creek,Silver Creek Organic Toothpaste,SC-00759-T,7.89,4.61,0.41,Y,0.0
760,Hilltop Farms  ,Hilltop Farms Low Sodium Potato Chips,HF-00760-K,2.46,1.05,0.59,1,no
761,Wholesome Co,Wholesome Co Low Sodium Bananas,WC-00761-C,3.69,1.5,1.97,0,0
762,Value Plus,Value Plus Mini Vitamins,VP-00762-Y,3.98,2.01,0.45,True,N
763,BluePeak,BluePeak Low Sodium Tea,B-00763-I,4.37,2.33,2.11,0,0
764,Heritage Foods,Heritage Foods Original Tea,HF-00764-T,7.54,,1.16,1,0
765,Family Choice,Family Choice Gourmet Crab Legs,FC-00765-Z,13.53,8.68,2.29,False,N
766,aMERICAN cLASSIC,American Classic Traditional Cod,AC-00766-Q,13.21,,2.0,True,N
767,Prime Select,Prime Select Jumbo Carrots,PS-00767-G,3.91,2.67,2.62,No,0
768,Farmhouse Select,Farmhouse Select Value Pack Dish Soap,FS-00768-A,8.85,5.45,2.66,No,0
769,Everyday Basics,Everyday Basics Extra Crunchy Cream,EB-00769-T,4.62,1.98,1.76,1,no
770,Family Choice,Family Choice Low Sodium Ham,FC-00770-C,10.15,4.2,1.76,1,0
771,Urban Pantry,Urban Pantry Lite Bread,UP-00771-M,4.59,2.17,1.09,1,0
772,BluePeak,BluePeak Original Soda,B-00772-H,$2.02,1.35,2.97,No,0.0
773,Prime Select,Prime Select Reduced Fat Bottled Water,PS-00773-E,1.45,0.79,1.25,True,0
774,Premium Choice,Premium Choice Traditional Paper Towels,PC-00774-C,8.1,3.64,3.76,0,0.0
775,Premium Choice,Premium Choice Gourmet Soda,PC-00775-B,4.42,5.6,2.6,yes,0.0
776,Everyday Basics,Everyday Basics Value Pack Vitamins,EB-00776-V,7.66,3.34,0.42,,0
777,Farmhouse Select,Farmhouse Select Lite Cookies,FS-00777-D,4.71,2.49,0.52,False,0
778,Golden Harvest,Golden Harvest Mini Apples,GH-00778-G,2.02,,0.76,1,False
779,Hilltop Farms,Hilltop Farms Traditional Bacon,HF-00779-C,11.65,7.81,2.29,1,1
780,Pure Origins,Pure Origins Organic Popcorn,PO-00780-R,2.78,1.65,0.66,1,0
781,Urban Pantry,Urban Pantry Low Sodium Croissants,UP-00781-S,4.62,1.84,1.35,True,0
782,Crystal Springs,Crystal Springs Extra Crunchy Tuna,CS-00782-B,11.59,6.31,0.69,0,0
783,Crystal Springs,Crystal Springs Family Size Aluminum Foil,CS-00783-P,8.89,4.08,2.77,No,False
784,Meadowbrook,Meadowbrook Value Pack Frozen Pizza,M-00784-W,6.53,2.79,1.12,0,0
785,Coastal Fresh,Coastal Fresh Fresh Bacon,CF-00785-B,10.23,3.88,2.81,False,0
786,Silver Creek,Silver Creek Original Butter,SC-00786-C,2.14,1.15,1.81,N,0
787,Northern Mills,Northern Mills Value Pack Dish Soap,NM-00787-N,2.09,1.03,,0,0
788,Farmhouse Select,Farmhouse Select Family Size Tuna,FS-00788-W,6.93,4.76,1.72,0,0
789,TrueTaste,TrueTaste Gourmet Cream,T-00789-A,2.07,1.17,0.63,Yes,no
790,Family Choice,Family Choice Family Size Cookies,FC-00790-Q,3.09,2.07,0.22,1,1
791,Farmhouse Select,Farmhouse Select Value Pack Rolls,FS-00791-N,$2.90,2.01,1.05,no,0
792,Sunrise Organics,Sunrise Organics Family Size Shampoo,so-00792-m,4.77,2.84,0.38,yes,0
793,Wholesome Co,Wholesome Co Organic Chicken Breast,WC-00793-R,5.52,2.7,1.83,False,0
794,  Crystal Springs,Crystal Springs Family Size Popcorn,CS-00794-R,2.72,,0.92,1,1
795,Golden Valley,Golden Valley Reduced Fat Sour Cream,GV-00795-D,2.16,0.96,0.73,0,1
796,Meadowbrook,Meadowbrook Fresh Shampoo,M-00796-O,7.58,3.81,1.19,Yes,False
797,GreenLeaf,GreenLeaf Extra Crunchy Popcorn,G-00797-W,4.87,2.12,0.92,No,0
798,WHOLESOME CO,Wholesome Co Fresh Pork Chops,WC-00798-V,9.31,3.27,0.91,1,N
799,Northern Mills,Northern Mills Value Pack Tea,NM-00799-G,1.18,,0.8,False,0
800,Coastal Fresh,Coastal Fresh Mini Trash Bags,CF-00800-Y,3.83,1.58,1.31,0,0
801,American Classic,American Classic Family Size Dish Soap,AC-00801-X,5.67,3.21,2.06,0.0,0
802,Hilltop Farms,Hilltop Farms Family Size Ground Beef,HF-00802-X,10.41,4.4,1.87,1,False
803,Family Choice,Family Choice Extra Crunchy Cheese,FC-00803-Q,2.08,,0.7,0,False
804,Value Plus,Value Plus Classic Ground Beef,VP-00804-L,11.42,4.52,1.79,No,no
805,Value Plus,Value Plus Low Sodium Yogurt,VP-00805-P,2.14,1.27,0.98,no,0
806,TrueTaste,TrueTaste Deluxe Tomatoes,T-00806-Q,$3.70,1.6,1.71,0,0
807,Wholesome Co,Wholesome Co Family Size Ground Beef,wc-00807-n,9.51,5.3,2.07,0,0
808,Crystal Springs,Crystal Springs Low Sodium Rolls,CS-00808-P,1.66,0.75,1.08,0,False
809,  American Classic,American Classic Deluxe Cod,AC-00809-D,7.99,2.88,0.84,1,0
810,NATURES BEST,Natures Best Family Size Potato Chips,NB-00810-R,3.59,2.29,0.39,0,False
811,  Crystal Springs,Crystal Springs Lite Waffles,CS-00811-H,$5.59,2.01,1.49,0,0
812,Everyday Basics,Everyday Basics Organic Salmon Fillet,EB-00812-G,10.66,6.17,0.94,1.0,0
813,Wholesome Co,Wholesome Co Traditional Tea,WC-00813-C,2.73,1.86,1.09,0,0.0
814,Meadowbrook,Meadowbrook Original Bananas,M-00814-R,$3.83,1.83,1.52,0,No
815,Hilltop Farms,Hilltop Farms Reduced Fat Ice Cream,HF-00815-Q,7.08,4.93,1.63,0,0
816,Meadowbrook,Meadowbrook Deluxe Onions,M-00816-Y,2.95,1.18,0.51,1.0,No
817,Family Choice,Family Choice Jumbo Waffles,FC-00817-W,4.31,2.49,1.95,0,N
818,Value Plus,Value Plus Mini Salmon Fillet,VP-00818-X,5.36,3.5,0.52,0.0,No
819,TrueTaste,TrueTaste Gourmet Pretzels,T-00819-V,3.31,2.01,0.71,False,yes
820,Wholesome Co,Wholesome Co Lite Soda,WC-00820-C,7.37,3.57,1.17,,0
821,Family Choice,Family Choice Organic Bottled Water,FC-00821-A,2.94,1.37,0.76,0,0
822,Sunrise Organics,Sunrise Organics Lite Deodorant,SO-00822-E,9.8,4.12,0.64,1,False
823,Heritage Foods,Heritage Foods Classic Lettuce,HF-00823-U,1.18,0.69,1.23,0,0
824,TrueTaste,TrueTaste Extra Crunchy Frozen Fries,t-00824-x,7.97,3.4,1.94,1,0
825,  Everyday Basics,Everyday Basics Original Laundry Detergent,EB-00825-A,2.3,1.38,3.01,0,
826,Heritage Foods,Heritage Foods Reduced Fat Ice Cream,HF-00826-O,4.48,2.69,1.91,1,0
827,cRYSTAL sPRINGS,Crystal Springs Classic Tomatoes,CS-00827-O,3.65,2.31,2.83,Y,0
828,bLUEpEAK,BluePeak Original Bacon,B-00828-W,9.1,5.84,3.42,1,0
829,Silver Creek,Silver Creek Lite Onions,SC-00829-T,1.78,0.73,2.79,Yes,0
830,natures best,Natures Best Fresh Bar Soap,NB-00830-O,4.43,2.94,0.24,yes,0
831,Prime Select,Prime Select Lite Donuts,PS-00831-N,2.3,1.28,1.39,0,0
832,GreenLeaf,GreenLeaf Original Croissants,G-00832-T,4.18,2.2,0.55,Y,0
833,Value Plus,Value Plus Lite Soda,VP-00833-W,5.58,3.03,1.82,no,0
834,EcoHarvest,EcoHarvest Value Pack Bar Soap,E-00834-O,12.66,,0.85,0,False
835,Pure Origins,Pure Origins Lite Coffee,PO-00835-L,3.63,2.46,1.35,False,No
836,WHOLESOME CO,Wholesome Co Gourmet Shrimp,WC-00836-Q,10.27,4.86,1.07,0,0
837,GreenLeaf,GreenLeaf Fresh Sour Cream,G-00837-T,$2.12,0.77,1.09,N,False
838,hERITAGE fOODS,Heritage Foods Original Cod,HF-00838-X,8.83,6.0,0.66,0,0
839,  Crystal Springs  ,Crystal Springs Low Sodium Potato Chips,CS-00839-N,1.67,1.03,0.63,True,0
840,  SUNRISE ORGANICS,Sunrise Organics Extra Crunchy Crackers,SO-00840-Y,1.72,1.03,,1,0
841,Sunrise Organics,Sunrise Organics Extra Crunchy Sour Cream,SO-00841-T,2.7,1.86,0.92,0,
842,Coastal Fresh,Coastal Fresh Mini Potato Chips,CF-00842-M,3.59,4.48,0.98,1,0.0
843,Sunrise Organics,Sunrise Organics Mini Sour Cream,SO-00843-K,3.07,2.0,1.79,1,0
844,Farmhouse Select,Farmhouse Select Fresh Coffee,FS-00844-M,7.44,4.03,1.6,0,0
845,GreenLeaf,GreenLeaf Traditional Cheese,G-00845-H,4.65,1.94,2.34,0,0
846,Crystal Springs,Crystal Springs Mini Tea,CS-00846-A,4.68,2.4,2.16,0,0.0
847,EcoHarvest,EcoHarvest Low Sodium Pretzels,e-00847-m,$4.40,1.68,0.92,yes,N
848,Sunrise Organics,Sunrise Organics Original Tilapia,SO-00848-N,7.54,4.7,1.8,no,0
849,BluePeak,BluePeak Fresh Vitamins,B-00849-T,2.61,1.66,,yes,0
850,American Classic,American Classic Family Size Sour Cream,AC-00850-Y,2.23,1.52,1.61,False,False
851,truetaste,TrueTaste Original Bagels,T-00851-F,1.77,0.65,1.32,1,N
852,gOLDEN vALLEY,Golden Valley Low Sodium Waffles,GV-00852-S,5.01,,0.82,1,0
853,Everyday Basics,Everyday Basics Jumbo Yogurt,EB-00853-C,3.31,2.17,2.02,1,0
854,EcoHarvest,EcoHarvest Traditional Ice Cream,E-00854-D,6.16,3.52,1.25,0,False
855,everyday basics,Everyday Basics Traditional Bar Soap,EB-00855-C,9.79,5.42,0.84,no,0
856,Northern Mills,Northern Mills Original Frozen Vegetables,NM-00856-R,3.37,1.37,1.29,N,0
857,Urban Pantry,Urban Pantry Family Size Potato Chips,UP-00857-Q,2.37,1.35,0.86,1,0
858,Value Plus,Value Plus Family Size Frozen Fries,VP-00858-D,$7.24,2.67,1.21,1,0.0
859,Pure Origins,Pure Origins Family Size Cod,PO-00859-C,7.55,4.82,1.66,1,0
860,Premium Choice,Premium Choice Lite Sausage,PC-00860-K,5.17,2.82,3.3,Y,0
861,Everyday Basics,Everyday Basics Fresh Cookies,EB-00861-X,4.38,2.81,0.98,0,no
862,EcoHarvest,EcoHarvest Value Pack Tuna,E-00862-Q,13.21,6.58,1.2,0.0,False
863,Hilltop Farms  ,Hilltop Farms Extra Crunchy Bananas,HF-00863-K,3.58,2.47,2.5,No,False
864,EcoHarvest,EcoHarvest Low Sodium Ice Cream,E-00864-T,4.3,1.81,2.13,True,0
865,Natures Best,Natures Best Gourmet Bottled Water,NB-00865-H,$1.10,0.44,2.91,1,0
866,Family Choice,Family Choice Extra Crunchy Milk,FC-00866-H,1.25,0.83,1.37,False,0.0
867,GreenLeaf,GreenLeaf Fresh Rolls,G-00867-W,2.09,0.79,0.94,1,N
868,Meadowbrook,Meadowbrook Deluxe Tea,M-00868-H,3.48,1.65,1.65,0,0
869,Premium Choice,Premium Choice Original Lettuce,PC-00869-A,$3.73,2.16,1.08,N,0
870,Meadowbrook,Meadowbrook Deluxe Toothpaste,M-00870-G,3.09,1.12,0.51,,0
871,Golden Valley,Golden Valley Deluxe Pretzels,GV-00871-K,2.01,0.72,0.44,0,1
872,vALUE pLUS,Value Plus Lite Tuna,VP-00872-P,4.58,1.89,2.37,0,0
873,EcoHarvest,EcoHarvest Organic Vitamins,E-00873-C,3.07,1.62,0.42,no,0
874,  Coastal Fresh,Coastal Fresh Lite Sausage,CF-00874-B,5.69,2.33,1.66,0,No
875,TrueTaste,TrueTaste Classic Bagels,T-00875-M,2.16,0.92,0.98,1.0,0
876,TrueTaste,TrueTaste Jumbo Potato Chips,T-00876-A,4.52,1.66,,1,1
877,Northern Mills,Northern Mills Organic Tuna,NM-00877-O,8.59,3.67,1.68,0.0,no
878,GOLDEN HARVEST,Golden Harvest Traditional Crackers,GH-00878-N,2.86,1.62,0.28,1,0
879,Sunrise Organics,Sunrise Organics Gourmet Cream,SO-00879-A,5.31,2.83,1.44,0,0
880,Coastal Fresh,Coastal Fresh Jumbo Juice,CF-00880-Y,5.95,4.02,2.86,,0
881,Farmhouse Select,Farmhouse Select Mini Sour Cream,FS-00881-T,4.06,2.69,1.08,No,
882,Meadowbrook,Meadowbrook Organic Tea,M-00882-G,4.9,2.04,2.17,yes,0
883,EcoHarvest,EcoHarvest Extra Crunchy Toothpaste,E-00883-Y,2.45,0.95,0.88,0,0
884,MEADOWBROOK  ,Meadowbrook Value Pack Carrots,M-00884-A,3.34,1.91,1.95,1,0
885,GreenLeaf,GreenLeaf Gourmet Crackers,G-00885-H,4.46,2.06,0.27,0,0
886,Heritage Foods,Heritage Foods Extra Crunchy Cookies,HF-00886-W,3.89,2.27,0.73,0,0
887,uRBAN pANTRY,Urban Pantry Family Size Toothpaste,UP-00887-T,3.37,1.42,0.6,1.0,0
888,Heritage Foods,Heritage Foods Jumbo Sausage,HF-00888-A,8.23,5.63,2.6,Y,0
889,Coastal Fresh,Coastal Fresh Lite Crab Legs,CF-00889-V,8.04,4.35,1.97,1,False
890,Value Plus,Value Plus Traditional Tilapia,VP-00890-K,11.54,6.3,0.56,1,0
891,Golden Harvest,Golden Harvest Jumbo Cheese,GH-00891-W,4.75,1.86,1.56,1,0
892,Prime Select,Prime Select Classic Rolls,PS-00892-P,5.4,2.43,0.74,0,0
893,Natures Best,Natures Best Low Sodium Sports Drink,NB-00893-S,1.21,0.55,2.37,no,0
894,Silver Creek,Silver Creek Deluxe Shrimp,SC-00894-L,15.3,,0.53,0,False
895,Wholesome Co,Wholesome Co Value Pack Lotion,WC-00895-W,9.19,5.83,0.53,1,0
896,Heritage Foods,Heritage Foods Family Size Yogurt,HF-00896-Y,5.2,2.34,1.44,0,0
897,Northern Mills,Northern Mills Low Sodium Toothpaste,NM-00897-F,$7.55,5.16,0.85,True,0
898,Meadowbrook,Meadowbrook Lite Bagels,M-00898-S,1.63,1.13,1.0,no,0.0
899,Golden Harvest,Golden Harvest Low Sodium Lotion,GH-00899-L,6.72,4.11,0.37,1,no
900,Wholesome Co,Wholesome Co Reduced Fat Potato Chips,WC-00900-D,3.28,1.52,0.79,N,0
901,Northern Mills,Northern Mills Mini Soda,NM-00901-D,2.84,1.49,1.96,0,0
902,Everyday Basics,Everyday Basics Low Sodium Chicken Breast,EB-00902-J,10.15,4.13,2.36,0.0,0
903,Hilltop Farms,Hilltop Farms Classic Salmon Fillet,HF-00903-R,7.26,3.82,1.13,0,0
904,MEADOWBROOK,Meadowbrook Lite Chicken Breast,M-00904-S,5.72,2.96,3.2,yes,No
905,Farmhouse Select,Farmhouse Select Original Pretzels,FS-00905-F,4.25,2.91,0.55,0.0,0
906,Urban Pantry,Urban Pantry Family Size Tilapia,UP-00906-C,$8.87,3.94,2.43,0,0
907,Crystal Springs,Crystal Springs Family Size Carrots,CS-00907-Z,0.87,0.41,2.92,,0
908,Value Plus,Value Plus Original Ice Cream,VP-00908-B,2.44,2.62,1.03,0,0
909,Sunrise Organics,Sunrise Organics Original Cheese,so-00909-w,6.23,2.64,1.79,1,no
910,American Classic,American Classic Organic Milk,AC-00910-R,5.13,2.36,2.45,Y,1
911,Golden Harvest,Golden Harvest Traditional Yogurt,GH-00911-M,2.35,1.58,2.17,1,1
912,nORTHERN mILLS,Northern Mills Low Sodium Ham,NM-00912-O,5.18,,2.79,,0
913,fARMHOUSE sELECT,Farmhouse Select Fresh Cheese,FS-00913-Z,5.61,2.83,2.12,No,False
914,Coastal Fresh,Coastal Fresh Mini Lotion,CF-00914-S,4.48,1.97,0.88,0,0
915,Value Plus,Value Plus Family Size Ham,VP-00915-K,8.94,4.23,2.11,Yes,0
916,nATURES bEST,Natures Best Deluxe Soda,NB-00916-I,4.21,2.44,2.54,0,no
917,Silver Creek,Silver Creek Organic Pretzels,SC-00917-Q,3.57,1.33,0.71,no,0
918,Wholesome Co,Wholesome Co Jumbo Yogurt,WC-00918-Y,1.73,0.79,2.43,0.0,1
919,Natures Best,Natures Best Extra Crunchy Frozen Fries,NB-00919-F,6.93,4.1,1.98,1,
920,Prime Select,Prime Select Original Shampoo,PS-00920-A,10.9,4.01,1.17,0,0
921,Northern Mills,Northern Mills Organic Deodorant,NM-00921-B,5.36,3.01,0.34,1,0
922,Coastal Fresh,Coastal Fresh Jumbo Frozen Pizza,CF-00922-G,3.98,2.61,0.94,No,0
923,Wholesome Co,Wholesome Co Organic Donuts,WC-00923-H,2.56,1.52,1.41,yes,0
924,Farmhouse Select,Farmhouse Select Gourmet Frozen Vegetables,FS-00924-U,$3.41,,2.49,1,1
925,pREMIUM cHOICE,Premium Choice Organic Cream,PC-00925-L,2.57,0.96,1.64,Yes,0
926,Heritage Foods,Heritage Foods Classic Sour Cream,HF-00926-E,5.95,3.65,0.61,No,yes
927,Northern Mills,Northern Mills Fresh Vitamins,NM-00927-J,7.38,3.78,0.31,0,0
928,Golden Harvest,Golden Harvest Extra Crunchy TV Dinner,GH-00928-G,3.5,2.43,2.45,1.0,0.0
929,Wholesome Co,Wholesome Co Extra Crunchy Tilapia,WC-00929-D,9.25,5.44,1.29,1,
930,Natures Best,Natures Best Original Laundry Detergent,NB-00930-O,10.49,4.41,2.24,yes,0
931,Northern Mills,Northern Mills Gourmet Paper Towels,NM-00931-D,3.65,2.02,2.1,1,no
932,Wholesome Co,Wholesome Co Original Aluminum Foil,WC-00932-K,3.36,1.64,1.43,0,0
933,TrueTaste,TrueTaste Original Toothpaste,T-00933-E,8.06,3.02,0.58,1,0
934,Golden Harvest,Golden Harvest Lite Bottled Water,GH-00934-Y,4.28,1.9,0.63,0.0,0
935,golden valley,Golden Valley Fresh Milk,GV-00935-J,2.84,3.18,2.47,no,1
936,EcoHarvest,EcoHarvest Mini Frozen Fries,E-00936-Z,4.25,1.95,1.87,1,0
937,Premium Choice,Premium Choice Lite Sausage,PC-00937-W,10.42,6.38,2.58,yes,0
938,Northern Mills,Northern Mills Family Size Bottled Water,NM-00938-N,2.21,0.87,2.94,True,N
939,BluePeak,BluePeak Family Size Muffins,B-00939-X,3.65,2.01,0.35,yes,0
940,Natures Best,Natures Best Original Ice Cream,NB-00940-R,$8.34,4.19,1.19,1.0,False
941,EcoHarvest,EcoHarvest Original Bar Soap,E-00941-Y,12.73,6.56,0.52,1,no
942,EcoHarvest,EcoHarvest Family Size Toothpaste,E-00942-V,7.61,3.8,0.95,1,N
943,  Heritage Foods  ,Heritage Foods Low Sodium Tilapia,HF-00943-O,6.16,4.12,1.87,1,0
944,Golden Harvest,Golden Harvest Lite Ice Cream,GH-00944-O,2.4,1.29,2.95,1,0
945,Family Choice,Family Choice Low Sodium Cookies,fc-00945-j,3.95,1.71,0.88,Yes,N
946,EcoHarvest,EcoHarvest Mini Laundry Detergent,E-00946-H,10.44,5.6,2.74,1.0,0
947,Natures Best,Natures Best Original Potato Chips,NB-00947-N,3.24,1.85,0.92,1.0,0
948,sUNRISE oRGANICS,Sunrise Organics Extra Crunchy Frozen Pizza,SO-00948-I,7.36,4.45,2.57,yes,1
949,Urban Pantry,Urban Pantry Extra Crunchy Pork Chops,UP-00949-K,10.71,7.22,2.95,True,1
950,Northern Mills,Northern Mills Reduced Fat Crackers,NM-00950-Q,$3.75,2.42,0.81,yes,0
951,Coastal Fresh,Coastal Fresh Mini Croissants,CF-00951-U,5.49,2.53,1.36,1.0,0
952,BluePeak,BluePeak Deluxe Dish Soap,B-00952-N,2.6,1.25,,1,No
953,Value Plus,Value Plus Organic Ground Beef,VP-00953-F,$9.16,3.63,1.11,0,0
954,Everyday Basics,Everyday Basics Low Sodium Ground Beef,EB-00954-W,$7.78,3.32,2.44,0.0,0
955,COASTAL FRESH,Coastal Fresh Gourmet Cod,CF-00955-X,$10.18,11.52,1.65,1,0
956,Golden Valley,Golden Valley Fresh Frozen Fries,GV-00956-N,4.59,2.0,2.83,1.0,0
957,TrueTaste,TrueTaste Fresh Crab Legs,T-00957-K,15.1,5.32,1.43,0,0
958,Family Choice,Family Choice Organic Dish Soap,FC-00958-R,$6.80,2.95,2.07,0,0
959,Hilltop Farms,Hilltop Farms Extra Crunchy Bottled Water,HF-00959-C,2.04,1.2,2.36,Y,0
960,Wholesome Co,Wholesome Co Fresh Lettuce,WC-00960-F,0.71,,1.02,0,0
961,Natures Best,Natures Best Low Sodium Bananas,NB-00961-Q,2.82,1.13,1.53,0.0,0
962,TrueTaste,TrueTaste Family Size Soda,T-00962-Q,1.81,1.0,2.47,No,0
963,Natures Best,Natures Best Original Trash Bags,NB-00963-B,5.33,3.31,2.93,0,N
964,Golden Harvest,Golden Harvest Deluxe Cookies,GH-00964-I,$2.45,1.32,0.63,1,0
965,GreenLeaf,GreenLeaf Value Pack Milk,G-00965-X,4.27,2.39,1.03,True,Y
966,BluePeak,BluePeak Classic Potato Chips,B-00966-N,4.69,2.79,0.77,1,0
967,Wholesome Co,Wholesome Co Mini Cream,WC-00967-R,$4.60,2.98,2.16,0,0
968,Premium Choice,Premium Choice Original Bagels,PC-00968-P,2.58,1.18,,No,0
969,GreenLeaf,GreenLeaf Value Pack Juice,G-00969-J,5.2,,1.46,1,0.0
970,Silver Creek,Silver Creek Original Onions,SC-00970-R,$3.62,2.33,2.94,0.0,no
971,Everyday Basics,Everyday Basics Low Sodium Dish Soap,EB-00971-V,$2.75,1.51,2.52,1,0
972,Family Choice,Family Choice Gourmet TV Dinner,FC-00972-A,5.43,2.32,1.86,1.0,no
973,value plus,Value Plus Reduced Fat TV Dinner,VP-00973-L,8.57,4.83,0.93,0,Y
974,farmhouse select,Farmhouse Select Jumbo Aluminum Foil,FS-00974-L,2.73,1.36,3.24,0,0
975,TrueTaste,TrueTaste Mini Potato Chips,T-00975-S,2.12,1.27,0.34,0,0
976,FARMHOUSE SELECT,Farmhouse Select Mini Coffee,FS-00976-U,$3.53,1.47,0.59,no,
977,BluePeak,BluePeak Gourmet Onions,B-00977-F,3.51,2.19,1.61,1,no
978,Golden Valley,Golden Valley Deluxe Sports Drink,GV-00978-K,1.07,0.48,2.12,0,0
979,Northern Mills,Northern Mills Mini Donuts,NM-00979-A,5.08,2.77,0.35,0,0
980,Northern Mills,Northern Mills Family Size TV Dinner,NM-00980-N,$8.61,4.84,2.57,1,0
981,Crystal Springs,Crystal Springs Classic Ice Cream,CS-00981-C,2.66,1.66,1.73,1,0
982,  Prime Select,Prime Select Mini Bottled Water,PS-00982-T,4.67,1.85,2.68,1,0
983,Hilltop Farms,Hilltop Farms Value Pack Bar Soap,HF-00983-A,2.78,1.34,1.17,1,0
984,Premium Choice,Premium Choice Original Tuna,PC-00984-E,$15.01,7.88,0.86,1,No
985,Coastal Fresh,Coastal Fresh Low Sodium Cream,CF-00985-S,$1.36,0.7,1.42,0,0
986,Urban Pantry,Urban Pantry Organic Bar Soap,UP-00986-Q,7.61,3.62,0.29,1,
987,Crystal Springs,Crystal Springs Value Pack Dish Soap,CS-00987-N,9.03,3.79,0.88,False,0
988,Prime Select,Prime Select Gourmet Cream,PS-00988-U,3.2,1.66,2.12,1.0,1
989,Natures Best,Natures Best Organic Croissants,NB-00989-V,5.25,1.92,0.56,1,0.0
990,Crystal Springs,Crystal Springs Low Sodium Sour Cream,CS-00990-Z,3.62,2.4,2.47,1,0
991,Coastal Fresh,Coastal Fresh Jumbo Bread,CF-00991-W,$2.91,1.15,0.64,1,0
992,GreenLeaf,GreenLeaf Organic Milk,G-00992-T,3.93,2.1,2.43,1,0.0
993,Meadowbrook,Meadowbrook Value Pack Cookies,M-00993-I,4.5,2.96,0.96,0,0
994,Urban Pantry,Urban Pantry Lite Dish Soap,UP-00994-T,8.65,5.57,3.3,1,0
995,Natures Best,Natures Best Mini Ground Beef,NB-00995-K,7.19,2.68,3.3,N,1
996,Prime Select,Prime Select Family Size Shampoo,PS-00996-W,2.34,0.9,0.21,0,0
997,wHOLESOME cO,Wholesome Co Lite Bagels,WC-00997-P,5.3,2.73,1.5,0,0
998,Farmhouse Select,Farmhouse Select Extra Crunchy Crackers,FS-00998-A,2.54,1.53,0.89,0,0
999,GreenLeaf,GreenLeaf Fresh Donuts,g-00999-e,4.73,2.43,1.14,1,0
1000,Urban Pantry,Urban Pantry Value Pack Carrots,UP-01000-L,1.84,1.13,2.5,False,0
1001,Coastal Fresh,Coastal Fresh Organic Bar Soap,CF-01001-E,11.22,4.63,0.72,0,N
1002,Meadowbrook,Meadowbrook Extra Crunchy Salmon Fillet,M-01002-G,4.28,2.92,1.51,no,No
1003,heritage foods,Heritage Foods Mini Apples,HF-01003-C,2.56,,0.73,0,0
1004,Natures Best,Natures Best Family Size Toothpaste,NB-01004-V,10.94,4.52,0.58,True,0
1005,gREENlEAF,GreenLeaf Low Sodium Milk,G-01005-K,4.37,2.31,2.09,0,N
1006,Sunrise Organics,Sunrise Organics Family Size Popcorn,SO-01006-X,3.77,2.36,0.54,1,False
1007,  Family Choice,Family Choice Value Pack Laundry Detergent,FC-01007-P,6.53,4.19,1.73,False,No
1008,Silver Creek,Silver Creek Organic Donuts,SC-01008-O,4.19,1.77,1.48,1,
1009,Urban Pantry,Urban Pantry Classic Paper Towels,UP-01009-K,6.63,3.72,3.86,1,0
1010,Farmhouse Select,Farmhouse Select Fresh Frozen Vegetables,FS-01010-L,8.83,4.57,2.82,0,0.0
1011,Pure Origins,Pure Origins Family Size Popcorn,PO-01011-B,4.09,2.73,0.72,yes,No
1012,Meadowbrook,Meadowbrook Deluxe Potato Chips,M-01012-L,2.98,1.34,0.45,0,1
1013,Value Plus,Value Plus Lite Apples,VP-01013-R,1.1,0.66,0.75,1,0
1014,truetaste,TrueTaste Traditional Trash Bags,T-01014-I,5.12,2.79,3.93,1,No
1015,Urban Pantry,Urban Pantry Traditional Rolls,UP-01015-A,4.56,1.93,0.94,Y,0.0
1016,Sunrise Organics,Sunrise Organics Family Size Lettuce,SO-01016-W,3.89,1.93,2.25,yes,0
1017,Everyday Basics,Everyday Basics Low Sodium Muffins,EB-01017-B,2.89,1.77,0.91,0,0
1018,Family Choice,Family Choice Reduced Fat Sour Cream,FC-01018-S,4.63,2.18,0.57,1,N
1019,GreenLeaf,GreenLeaf Extra Crunchy Waffles,G-01019-E,6.98,4.55,2.03,1.0,0
1020,Northern Mills,Northern Mills Deluxe Onions,NM-01020-A,1.59,0.8,1.45,no,0
1021,Prime Select,Prime Select Organic Bottled Water,PS-01021-P,$3.53,1.77,2.76,No,0.0
1022,Premium Choice,Premium Choice Organic Tilapia,PC-01022-Y,6.34,4.21,2.21,No,N
1023,Coastal Fresh,Coastal Fresh Original Crab Legs,CF-01023-W,8.66,3.51,1.75,yes,0
1024,American Classic,American Classic Family Size Pretzels,AC-01024-E,2.18,1.11,0.67,Yes,0
1025,Prime Select,Prime Select Organic Cream,PS-01025-B,6.47,3.88,2.42,0,0
1026,Northern Mills,Northern Mills Extra Crunchy Milk,NM-01026-J,1.44,0.58,1.12,1,0
1027,Heritage Foods,Heritage Foods Extra Crunchy Cookies,HF-01027-A,2.53,1.11,0.49,0,1
1028,eVERYDAY bASICS,Everyday Basics Mini Sports Drink,EB-01028-Q,5.92,2.76,1.23,yes,False
1029,Value Plus,Value Plus Low Sodium Milk,VP-01029-O,1.34,0.76,0.55,0,0
1030,Natures Best,Natures Best Lite Shampoo,NB-01030-N,3.94,2.45,0.26,Yes,no
1031,EcoHarvest,EcoHarvest Extra Crunchy Bagels,E-01031-F,1.88,1.19,1.07,False,no
1032,Everyday Basics,Everyday Basics Organic Crab Legs,EB-01032-M,5.51,2.17,0.8,N,False
1033,Value Plus,Value Plus Gourmet Sausage,VP-01033-E,$7.37,2.72,2.49,0,False
1034,American Classic,American Classic Lite Shrimp,AC-01034-V,9.59,5.9,,1,0
1035,hilltop farms,Hilltop Farms Jumbo Tilapia,HF-01035-C,13.55,7.12,1.54,N,0
1036,EcoHarvest,EcoHarvest Low Sodium Laundry Detergent,E-01036-Y,3.06,2.06,3.06,0,0
1037,Everyday Basics,Everyday Basics Lite Tuna,EB-01037-M,15.67,8.16,0.52,no,0
1038,EcoHarvest,EcoHarvest Deluxe Sausage,E-01038-C,10.13,6.22,1.06,0,0
1039,American Classic,American Classic Extra Crunchy Rolls,AC-01039-P,$2.55,1.45,0.77,no,0
1040,Northern Mills,Northern Mills Lite Apples,NM-01040-M,1.78,1.01,1.52,no,0
1041,Pure Origins,Pure Origins Lite Coffee,po-01041-g,2.17,1.26,2.7,0,N
1042,Wholesome Co,Wholesome Co Traditional Tilapia,WC-01042-F,4.93,,2.4,N,0
1043,Urban Pantry,Urban Pantry Organic Bar Soap,UP-01043-A,3.45,1.98,0.2,Y,N
1044,BluePeak,BluePeak Deluxe Deodorant,B-01044-Y,$10.76,5.22,0.23,0,0
1045,EcoHarvest,EcoHarvest Reduced Fat Sausage,E-01045-V,$3.17,1.47,1.0,False,0
1046,Value Plus,Value Plus Family Size Salmon Fillet,VP-01046-N,15.82,5.93,1.07,0.0,False
1047,EcoHarvest,EcoHarvest Classic Trash Bags,E-01047-S,2.45,1.38,1.15,no,0
1048,Silver Creek,Silver Creek Original Carrots,SC-01048-P,1.48,0.78,2.78,0,No
1049,TrueTaste,TrueTaste Mini Carrots,T-01049-S,1.52,0.83,2.91,Y,0
1050,Sunrise Organics,Sunrise Organics Classic Onions,SO-01050-Y,1.59,0.77,2.46,1,0
1051,Coastal Fresh,Coastal Fresh Gourmet Shampoo,CF-01051-E,6.1,4.05,1.12,0,0
1052,American Classic,American Classic Mini Bar Soap,AC-01052-K,8.02,4.71,1.02,,0
1053,Coastal Fresh,Coastal Fresh Value Pack TV Dinner,CF-01053-Y,7.44,2.64,2.34,1,N
1054,Crystal Springs,Crystal Springs Jumbo Butter,cs-01054-x,6.34,3.56,,1,No
1055,  Urban Pantry  ,Urban Pantry Low Sodium Sausage,UP-01055-Z,8.95,10.09,1.71,Y,yes
1056,Farmhouse Select,Farmhouse Select Family Size Cod,FS-01056-B,9.68,4.08,0.91,0,0
1057,fAMILY cHOICE,Family Choice Original Milk,FC-01057-A,$4.62,1.87,1.26,1,N
1058,Hilltop Farms,Hilltop Farms Family Size Onions,HF-01058-S,0.83,0.54,0.59,0,No
1059,Crystal Springs,Crystal Springs Lite Crackers,CS-01059-U,4.73,3.12,0.26,1,0
1060,TrueTaste,TrueTaste Mini Rolls,T-01060-P,4.64,2.9,1.11,No,0
1061,Hilltop Farms,Hilltop Farms Family Size Chicken Breast,HF-01061-B,7.06,4.65,1.1,0,True
1062,Meadowbrook,Meadowbrook Deluxe Yogurt,M-01062-W,6.18,3.84,1.01,1,Y
1063,Meadowbrook,Meadowbrook Classic Soda,M-01063-Y,2.44,1.39,1.85,no,no
1064,Everyday Basics,Everyday Basics Value Pack Bananas,EB-01064-H,0.98,0.45,2.91,1,0.0
1065,Pure Origins,Pure Origins Reduced Fat Tortilla Chips,PO-01065-P,$1.78,0.72,0.36,0.0,0
1066,Meadowbrook,Meadowbrook Jumbo Vitamins,M-01066-D,$8.67,4.39,1.02,0,N
1067,Urban Pantry,Urban Pantry Classic Tilapia,UP-01067-W,11.0,4.6,1.97,0,0
1068,EcoHarvest,EcoHarvest Traditional Salmon Fillet,E-01068-I,5.34,3.72,1.04,1,N
1069,Premium Choice,Premium Choice Family Size Bread,PC-01069-D,4.98,2.83,,1,0
1070,Farmhouse Select,Farmhouse Select Deluxe Bananas,FS-01070-K,1.99,0.92,1.66,0,0
1071,nATURES bEST,Natures Best Jumbo Laundry Detergent,NB-01071-P,5.2,3.41,3.43,1.0,no
1072,Heritage Foods,Heritage Foods Family Size Salmon Fillet,hf-01072-c,9.39,5.57,2.41,1,False
1073,Silver Creek,Silver Creek Deluxe Vitamins,SC-01073-H,12.98,4.99,0.6,1,0
1074,TrueTaste,TrueTaste Value Pack Coffee,T-01074-J,7.55,5.2,1.9,yes,No
1075,Northern Mills,Northern Mills Reduced Fat Paper Towels,NM-01075-A,6.74,4.48,1.31,No,0
1076,Value Plus,Value Plus Fresh Salmon Fillet,vp-01076-o,10.15,5.58,1.63,No,N
1077,Heritage Foods,Heritage Foods Traditional Bar Soap,HF-01077-J,6.82,4.46,0.64,1,N
1078,Silver Creek,Silver Creek Traditional Waffles,SC-01078-N,2.69,1.29,1.77,1,no
1079,EcoHarvest,EcoHarvest Deluxe Donuts,E-01079-I,4.52,2.79,1.4,False,no
1080,EcoHarvest,EcoHarvest Family Size Milk,E-01080-H,5.35,2.14,2.36,0,1
1081,Everyday Basics,Everyday Basics Classic Frozen Fries,EB-01081-M,5.76,3.2,,1.0,N
1082,Northern Mills,Northern Mills Value Pack Tilapia,NM-01082-A,4.8,2.02,1.13,0,0
1083,Crystal Springs,Crystal Springs Fresh Dish Soap,CS-01083-D,$3.73,1.82,1.48,1,0
1084,GreenLeaf,GreenLeaf Value Pack Croissants,G-01084-A,5.04,2.37,1.04,1,0
1085,Coastal Fresh,Coastal Fresh Gourmet Donuts,CF-01085-R,2.06,1.18,1.35,1,0
1086,Northern Mills,Northern Mills Family Size Tortilla Chips,NM-01086-G,2.33,1.24,,no,1
1087,TrueTaste,TrueTaste Family Size Yogurt,T-01087-C,6.28,,1.58,0,0
1088,NATURES BEST,Natures Best Organic Tortilla Chips,NB-01088-C,4.81,2.9,0.35,True,False
1089,Farmhouse Select,Farmhouse Select Gourmet Milk,FS-01089-C,2.93,1.09,2.24,0,0.0
1090,Silver Creek,Silver Creek Deluxe Milk,SC-01090-N,2.34,1.2,2.15,1,1.0
1091,Silver Creek,Silver Creek Gourmet Pork Chops,sc-01091-p,7.94,4.75,,True,1
1092,Coastal Fresh,Coastal Fresh Gourmet Tortilla Chips,CF-01092-F,4.64,2.37,0.27,N,N
1093,natures best,Natures Best Extra Crunchy TV Dinner,NB-01093-D,8.98,5.66,2.94,1,1
1094,Wholesome Co,Wholesome Co Original Rolls,WC-01094-K,1.84,0.96,0.41,no,0.0
1095,TrueTaste  ,TrueTaste Deluxe Shrimp,T-01095-V,8.11,3.62,1.66,0.0,0
1096,Prime Select,Prime Select Family Size Tomatoes,PS-01096-Z,0.57,0.24,0.83,1,0
1097,Pure Origins,Pure Origins Organic Coffee,PO-01097-T,7.05,3.25,0.56,0,0
1098,Silver Creek,Silver Creek Gourmet Dish Soap,SC-01098-F,6.47,3.95,3.49,0,0
1099,Silver Creek,Silver Creek Low Sodium Cookies,SC-01099-R,4.22,2.31,0.31,1,0
1100,Hilltop Farms,Hilltop Farms Deluxe Aluminum Foil,HF-01100-R,$3.23,1.31,3.66,0,0
1101,Premium Choice,Premium Choice Mini Rolls,PC-01101-T,2.92,,0.62,1,0.0
1102,Heritage Foods,Heritage Foods Mini Frozen Vegetables,HF-01102-M,8.97,4.17,1.52,1,0
1103,Everyday Basics,Everyday Basics Lite Ice Cream,EB-01103-B,4.36,,0.8,0,0
1104,TrueTaste,TrueTaste Original Frozen Fries,T-01104-J,5.21,2.69,1.57,yes,1
1105,GreenLeaf,GreenLeaf Low Sodium Bacon,G-01105-U,8.24,4.98,1.03,Y,0
1106,Golden Valley,Golden Valley Original Crackers,GV-01106-U,$1.65,0.88,0.82,Yes,N
1107,Value Plus,Value Plus Fresh Coffee,VP-01107-C,2.45,1.43,2.82,0,0
1108,American Classic,American Classic Mini Lotion,AC-01108-X,2.79,1.73,1.07,1,0
1109,Golden Valley,Golden Valley Traditional Croissants,GV-01109-M,2.68,1.47,1.13,1.0,No
1110,Farmhouse Select,Farmhouse Select Original Bacon,FS-01110-L,3.3,1.97,3.26,1,0
1111,Northern Mills,Northern Mills Extra Crunchy Cod,NM-01111-R,4.63,2.79,1.35,1,N
1112,Value Plus,Value Plus Classic Shrimp,VP-01112-W,5.13,2.88,2.35,N,0.0
1113,EcoHarvest,EcoHarvest Classic Cookies,E-01113-R,4.18,2.42,0.93,1,0
1114,Premium Choice,Premium Choice Mini Bottled Water,pc-01114-i,5.44,3.12,2.6,Y,0.0
1115,Golden Valley,Golden Valley Organic Cheese,GV-01115-E,4.91,2.31,0.93,0.0,0
1116,american classic,American Classic Low Sodium Vitamins,AC-01116-X,4.58,3.0,0.81,0.0,0
1117,TrueTaste,TrueTaste Family Size Frozen Pizza,T-01117-P,6.11,2.81,2.89,1.0,0.0
1118,Northern Mills,Northern Mills Original Trash Bags,NM-01118-Y,7.03,4.24,1.12,N,0
1119,American Classic,American Classic Family Size Rolls,AC-01119-M,5.19,2.11,0.63,0,N
1120,Wholesome Co,Wholesome Co Deluxe Laundry Detergent,WC-01120-P,6.23,4.23,1.05,1,0
1121,Natures Best,Natures Best Lite Milk,NB-01121-T,$3.70,1.89,1.18,1,0
1122,truetaste,TrueTaste Organic Juice,T-01122-A,2.65,1.59,2.39,True,0
1123,American Classic,American Classic Original Napkins,AC-01123-V,9.6,,2.38,1,N
1124,Premium Choice,Premium Choice Original Carrots,PC-01124-G,3.83,2.23,0.58,0,No
1125,Heritage Foods,Heritage Foods Organic Donuts,HF-01125-H,2.51,1.31,0.82,0,No
1126,EcoHarvest,EcoHarvest Gourmet Pretzels,E-01126-G,4.59,1.69,0.48,Yes,no
1127,Silver Creek,Silver Creek Mini Milk,SC-01127-X,6.43,3.19,,0,0
1128,BluePeak,BluePeak Jumbo Trash Bags,B-01128-G,3.58,1.34,2.98,Yes,0
1129,Silver Creek,Silver Creek Reduced Fat Onions,SC-01129-P,3.77,1.57,1.35,1,0
1130,Crystal Springs,Crystal Springs Traditional Juice,CS-01130-B,2.71,1.0,0.8,1.0,0
1131,Premium Choice,Premium Choice Reduced Fat Frozen Fries,PC-01131-R,$2.81,1.25,1.01,1,yes
1132,TrueTaste,TrueTaste Fresh Trash Bags,t-01132-q,4.89,2.91,3.62,0,no
1133,GreenLeaf,GreenLeaf Traditional Tortilla Chips,G-01133-U,3.5,2.28,0.27,0.0,0.0
1134,EcoHarvest,EcoHarvest Lite Cod,E-01134-P,14.01,6.64,0.59,1,
1135,Value Plus,Value Plus Gourmet Dish Soap,VP-01135-L,4.89,2.83,3.26,no,N
1136,Heritage Foods,Heritage Foods Extra Crunchy Frozen Vegetables,HF-01136-L,4.89,1.85,2.69,0,yes
1137,Golden Valley,Golden Valley Traditional Muffins,GV-01137-L,4.82,2.89,0.95,yes,0
1138,Family Choice,Family Choice Value Pack Shampoo,FC-01138-K,9.26,6.12,1.13,1,0
1139,Everyday Basics,Everyday Basics Value Pack Frozen Vegetables,EB-01139-O,8.53,4.08,,False,False
1140,cRYSTAL sPRINGS,Crystal Springs Extra Crunchy Salmon Fillet,CS-01140-V,13.75,8.7,2.39,no,0
1141,Natures Best,Natures Best Fresh Milk,NB-01141-M,6.46,3.77,2.32,1,False
1142,EVERYDAY BASICS,Everyday Basics Classic Muffins,EB-01142-G,1.85,0.89,1.05,1.0,0
1143,Meadowbrook,Meadowbrook Low Sodium Tea,M-01143-A,$7.21,4.39,0.73,no,0
1144,Value Plus,Value Plus Original Shampoo,VP-01144-R,$4.06,2.09,1.12,1,No
1145,  Crystal Springs  ,Crystal Springs Value Pack Apples,CS-01145-N,$2.53,1.55,2.24,Y,0
1146,Northern Mills,Northern Mills Organic Lettuce,NM-01146-Q,0.89,0.43,2.76,N,0
1147,Meadowbrook,Meadowbrook Jumbo Ground Beef,M-01147-W,4.26,2.86,3.42,1,No
1148,EcoHarvest,EcoHarvest Gourmet Vitamins,E-01148-I,5.66,3.11,0.66,1,N
1149,EcoHarvest,EcoHarvest Extra Crunchy Bottled Water,E-01149-Y,7.44,5.1,2.37,0,No
1150,Value Plus,Value Plus Family Size Tomatoes,VP-01150-E,$0.91,0.45,2.26,1,False
1151,GreenLeaf,GreenLeaf Gourmet TV Dinner,G-01151-K,6.84,4.08,1.85,1,False
1152,Silver Creek,Silver Creek Reduced Fat Sausage,SC-01152-Y,11.36,4.27,1.87,1,0
1153,Northern Mills,Northern Mills Deluxe Muffins,NM-01153-P,$3.10,1.53,1.01,0,No
1154,COASTAL FRESH,Coastal Fresh Jumbo Bagels,CF-01154-J,4.14,2.73,0.78,0,0
1155,Coastal Fresh,Coastal Fresh Fresh Tortilla Chips,CF-01155-V,2.77,1.76,0.29,0,0
1156,Crystal Springs,Crystal Springs Fresh Pork Chops,CS-01156-W,6.6,3.06,1.46,No,0
1157,Northern Mills,Northern Mills Gourmet Sour Cream,NM-01157-Z,1.58,0.95,0.87,,0.0
1158,Value Plus,Value Plus Family Size Yogurt,VP-01158-V,6.23,4.35,1.63,1.0,1
1159,GreenLeaf,GreenLeaf Jumbo Cream,G-01159-U,4.12,2.53,1.92,no,0
1160,Farmhouse Select,Farmhouse Select Traditional Bagels,FS-01160-Y,3.58,1.91,0.92,0,0
1161,EcoHarvest,EcoHarvest Family Size Tortilla Chips,E-01161-S,1.72,0.69,0.82,0,0.0
1162,Northern Mills,Northern Mills Gourmet Butter,NM-01162-I,3.21,1.19,2.05,1,0.0
1163,FAMILY CHOICE,Family Choice Classic Frozen Fries,FC-01163-B,4.2,2.86,1.46,Y,0
1164,Northern Mills,Northern Mills Original Soda,NM-01164-D,$6.36,4.14,,0,0
1165,Natures Best,Natures Best Extra Crunchy Sports Drink,NB-01165-G,4.78,2.4,1.8,1,0
1166,Everyday Basics,Everyday Basics Classic Tuna,EB-01166-W,11.89,,1.27,0,0
1167,Golden Harvest,Golden Harvest Jumbo Crab Legs,GH-01167-X,11.27,3.97,2.38,Yes,0
1168,  Hilltop Farms  ,Hilltop Farms Classic Tea,HF-01168-E,5.78,6.39,2.15,0,0
1169,Everyday Basics,Everyday Basics Lite Potato Chips,EB-01169-U,$3.74,2.14,0.82,Y,0
1170,Crystal Springs,Crystal Springs Organic Popcorn,CS-01170-Q,2.7,1.55,0.6,0,0
1171,URBAN PANTRY,Urban Pantry Fresh Dish Soap,UP-01171-V,4.1,2.57,1.03,No,0
1172,BluePeak,BluePeak Classic Bread,B-01172-O,2.74,1.38,1.41,1,0
1173,TrueTaste,TrueTaste Original Tortilla Chips,T-01173-S,4.09,2.76,0.51,0,0.0
1174,Golden Valley,Golden Valley Traditional Paper Towels,GV-01174-Z,7.95,2.97,1.39,1,0
1175,Golden Harvest,Golden Harvest Classic Muffins,GH-01175-J,2.06,1.18,0.62,no,0
1176,Northern Mills,Northern Mills Classic Crackers,NM-01176-M,$4.69,1.83,0.37,Y,0
1177,Sunrise Organics,Sunrise Organics Gourmet Napkins,SO-01177-Z,10.38,4.95,1.14,1,0
1178,Northern Mills,Northern Mills Gourmet Bottled Water,NM-01178-P,6.67,4.33,1.29,0.0,0
1179,GreenLeaf,GreenLeaf Family Size Napkins,G-01179-L,5.63,2.95,1.21,True,0
1180,GreenLeaf,GreenLeaf Value Pack Popcorn,G-01180-U,4.19,2.54,0.94,0,1
1181,Meadowbrook,Meadowbrook Value Pack Laundry Detergent,M-01181-B,5.09,2.21,3.39,0,0
1182,Family Choice,Family Choice Family Size Waffles,FC-01182-P,5.76,3.85,1.34,yes,0
1183,Wholesome Co,Wholesome Co Mini Sour Cream,WC-01183-M,4.96,2.55,2.36,0,yes
1184,Heritage Foods,Heritage Foods Value Pack Bananas,HF-01184-K,2.64,3.2,0.84,0,0.0
1185,tRUEtASTE,TrueTaste Lite Butter,T-01185-E,3.34,1.8,1.2,1,1
1186,Wholesome Co,Wholesome Co Organic Lettuce,WC-01186-X,1.71,1.16,2.15,0,N
1187,Family Choice,Family Choice Family Size Popcorn,FC-01187-C,1.76,1.07,0.44,0,N
1188,BluePeak,BluePeak Traditional Aluminum Foil,B-01188-L,$4.53,1.91,3.09,0,0.0
1189,TrueTaste,TrueTaste Value Pack Soda,t-01189-e,6.82,3.91,2.87,1,0
1190,Crystal Springs,Crystal Springs Jumbo Tomatoes,CS-01190-J,1.87,0.98,2.01,N,0
1191,Value Plus,Value Plus Traditional Tomatoes,VP-01191-H,0.64,0.38,1.99,1,0
1192,GreenLeaf,GreenLeaf Value Pack Bottled Water,G-01192-M,5.53,2.39,1.66,0,False
1193,Golden Valley,Golden Valley Fresh Pretzels,GV-01193-M,3.32,1.69,0.66,1,0
1194,Premium Choice,Premium Choice Deluxe Bagels,PC-01194-A,3.9,1.6,0.53,0,0
1195,TrueTaste,TrueTaste Jumbo Deodorant,T-01195-N,7.11,3.46,0.39,1,0
1196,Prime Select,Prime Select Mini Cookies,PS-01196-E,4.72,2.4,0.42,1,1
1197,Wholesome Co,Wholesome Co Reduced Fat Soda,WC-01197-C,1.73,1.12,2.79,,0
1198,Meadowbrook,Meadowbrook Original Sour Cream,M-01198-Y,2.61,1.47,0.88,0,0
1199,Prime Select,Prime Select Low Sodium Cookies,PS-01199-Q,1.59,0.98,0.81,1,0
1200,Sunrise Organics,Sunrise Organics Extra Crunchy Cream,SO-01200-Q,5.48,1.93,1.97,0,Y
1201,Urban Pantry,Urban Pantry Extra Crunchy Bananas,UP-01201-X,$0.69,0.46,1.53,1,0
1202,premium choice,Premium Choice Original Tortilla Chips,PC-01202-N,4.28,2.95,0.78,1,1
1203,BluePeak,BluePeak Organic Shampoo,B-01203-E,10.61,3.92,0.58,1,0.0
1204,Meadowbrook,Meadowbrook Value Pack Butter,M-01204-K,1.98,0.71,1.99,Y,N
1205,American Classic,American Classic Jumbo Tilapia,AC-01205-S,8.9,4.02,0.54,0,False
1206,Northern Mills,Northern Mills Gourmet Bacon,NM-01206-Y,6.86,2.44,1.53,0,No
1207,Premium Choice,Premium Choice Extra Crunchy Onions,PC-01207-R,1.77,0.67,1.75,1,N
1208,hERITAGE fOODS,Heritage Foods Jumbo Sports Drink,HF-01208-V,2.61,1.38,0.75,1,0
1209,Sunrise Organics,Sunrise Organics Classic Toothpaste,SO-01209-Y,8.11,4.95,,1,0.0
1210,Urban Pantry,Urban Pantry Fresh Vitamins,UP-01210-I,$10.03,5.92,1.07,True,N
1211,Golden Harvest,Golden Harvest Extra Crunchy Pretzels,GH-01211-C,3.57,1.48,0.82,Yes,0
1212,golden harvest,Golden Harvest Extra Crunchy Pork Chops,GH-01212-L,11.24,4.31,0.84,1,0
1213,BluePeak,BluePeak Classic Vitamins,B-01213-J,10.58,4.53,,No,0
1214,GreenLeaf,GreenLeaf Fresh Sausage,G-01214-C,3.87,2.32,,1,0
1215,Northern Mills,Northern Mills Reduced Fat TV Dinner,NM-01215-K,4.7,2.27,1.85,True,True
1216,Hilltop Farms,Hilltop Farms Jumbo Ground Beef,HF-01216-E,3.88,1.7,3.14,0,0
1217,Urban Pantry,Urban Pantry Original Salmon Fillet,UP-01217-O,15.45,,1.34,0,0
1218,Prime Select,Prime Select Value Pack Onions,PS-01218-N,3.05,1.43,0.59,0,False
1219,Value Plus,Value Plus Deluxe Shrimp,VP-01219-P,6.7,4.03,2.49,no,0
1220,Wholesome Co,Wholesome Co Extra Crunchy Frozen Pizza,WC-01220-F,4.27,2.04,1.83,Yes,No
1221,Pure Origins,Pure Origins Extra Crunchy Paper Towels,PO-01221-C,10.69,,3.14,0,0
1222,Pure Origins,Pure Origins Low Sodium Chicken Breast,PO-01222-W,3.13,1.81,2.9,0.0,1
1223,Pure Origins,Pure Origins Reduced Fat Bagels,PO-01223-T,$1.82,0.74,1.19,1,0
1224,Value Plus,Value Plus Mini Sports Drink,VP-01224-G,1.98,1.37,2.37,0,False
1225,Premium Choice,Premium Choice Classic Donuts,PC-01225-E,2.39,1.35,0.77,1,0
1226,Meadowbrook,Meadowbrook Family Size Juice,M-01226-J,6.15,2.67,2.11,1,0
1227,Crystal Springs,Crystal Springs Value Pack Potato Chips,CS-01227-C,4.54,2.99,0.6,1,1
1228,PURE ORIGINS,Pure Origins Jumbo Milk,PO-01228-L,1.95,0.75,0.78,1,1
1229,Urban Pantry,Urban Pantry Extra Crunchy Ham,UP-01229-S,7.65,3.28,0.83,1,No
1230,ecoharvest,EcoHarvest Original Cookies,E-01230-L,1.69,0.68,0.92,no,1
1231,Coastal Fresh,Coastal Fresh Organic Bagels,CF-01231-G,5.19,2.96,0.84,False,0
1232,Sunrise Organics,Sunrise Organics Mini Shampoo,so-01232-n,7.04,2.83,0.43,1,False
1233,Meadowbrook,Meadowbrook Deluxe Soda,M-01233-A,$7.40,4.24,1.95,0,0
1234,Golden Harvest,Golden Harvest Original Potato Chips,GH-01234-W,3.93,2.31,0.82,0,0
1235,Value Plus,Value Plus Fresh Frozen Pizza,VP-01235-P,3.37,2.19,0.8,0,N
1236,Sunrise Organics,Sunrise Organics Lite Bacon,SO-01236-W,4.59,2.43,2.54,yes,No
1237,Family Choice,Family Choice Jumbo Deodorant,FC-01237-Y,11.53,5.59,1.04,0,0
1238,Crystal Springs,Crystal Springs Organic Tuna,CS-01238-C,13.23,8.72,2.24,1.0,0
1239,Farmhouse Select,Farmhouse Select Value Pack Butter,FS-01239-Z,3.94,1.65,,No,1
1240,Hilltop Farms,Hilltop Farms Value Pack Pork Chops,HF-01240-Z,5.17,2.01,2.33,0,0
1241,Sunrise Organics,Sunrise Organics Extra Crunchy Milk,SO-01241-I,4.06,2.81,1.64,0,
1242,Value Plus,Value Plus Original Cookies,VP-01242-M,4.02,2.06,0.43,0,No
1243,Meadowbrook,Meadowbrook Deluxe Sausage,M-01243-R,3.55,2.39,2.82,1,1
1244,HILLTOP FARMS,Hilltop Farms Jumbo Pork Chops,hf-01244-o,7.39,2.66,1.75,0,no
1245,Silver Creek,Silver Creek Gourmet Pork Chops,SC-01245-O,11.03,5.84,1.46,0,0
1246,  Wholesome Co,Wholesome Co Mini Sour Cream,WC-01246-Y,$4.88,1.74,0.72,0.0,Yes
1247,Natures Best,Natures Best Original Onions,NB-01247-X,1.54,0.56,1.58,1,0
1248,Sunrise Organics,Sunrise Organics Organic Ground Beef,SO-01248-L,7.0,4.74,2.51,0,N
1249,Crystal Springs,Crystal Springs Reduced Fat Lettuce,CS-01249-I,2.73,1.28,2.64,0,N
1250,Hilltop Farms,Hilltop Farms Mini Cookies,HF-01250-Y,2.03,1.27,0.38,1,0
1251,Prime Select,Prime Select Fresh Cheese,PS-01251-M,3.88,1.82,0.82,1.0,0
1252,Northern Mills,Northern Mills Value Pack Sports Drink,NM-01252-L,7.18,4.69,1.06,1,no
1253,Wholesome Co,Wholesome Co Value Pack Rolls,WC-01253-E,2.49,1.25,1.28,Y,no
1254,  cOASTAL fRESH,Coastal Fresh Family Size Deodorant,CF-01254-O,3.25,1.27,0.45,Y,0.0
1255,WHOLESOME CO,Wholesome Co Extra Crunchy Toothpaste,WC-01255-V,9.4,3.37,1.02,1,N
1256,SUNRISE ORGANICS,Sunrise Organics Extra Crunchy Deodorant,so-01256-o,9.77,6.51,1.04,0,no
1257,Sunrise Organics,Sunrise Organics Mini Lettuce,SO-01257-Y,2.39,0.95,1.88,0,0
1258,Prime Select  ,Prime Select Reduced Fat Ground Beef,PS-01258-B,4.07,1.54,1.16,0,0
1259,EcoHarvest,EcoHarvest Organic Bagels,E-01259-Z,5.16,2.51,1.24,0,0
1260,Premium Choice,Premium Choice Mini Deodorant,PC-01260-B,9.06,5.26,0.55,0,0
1261,Coastal Fresh,Coastal Fresh Lite Coffee,CF-01261-Q,2.7,0.97,1.29,1,0
1262,Meadowbrook,Meadowbrook Classic Napkins,M-01262-U,5.42,3.77,3.8,1,0
1263,Hilltop Farms,Hilltop Farms Traditional Ice Cream,HF-01263-U,8.13,4.2,1.96,1,0
1264,Meadowbrook,Meadowbrook Family Size Lotion,M-01264-J,6.3,3.0,1.04,0,0
1265,silver creek,Silver Creek Extra Crunchy Bananas,SC-01265-T,2.85,1.73,2.76,1,0.0
1266,GreenLeaf,GreenLeaf Deluxe Cookies,G-01266-I,1.89,1.11,0.7,0,0
1267,American Classic,American Classic Jumbo Sour Cream,AC-01267-K,3.9,2.21,1.28,1,0
1268,Sunrise Organics,Sunrise Organics Low Sodium Frozen Fries,SO-01268-N,2.78,1.7,2.84,1,0
1269,Wholesome Co,Wholesome Co Mini Toothpaste,WC-01269-A,4.2,2.68,1.15,0,0
1270,Value Plus,Value Plus Low Sodium Cookies,VP-01270-R,4.82,2.28,0.84,0,1
1271,Prime Select,Prime Select Low Sodium Pork Chops,PS-01271-Z,9.22,3.27,2.02,1,
1272,CRYSTAL SPRINGS,Crystal Springs Organic Coffee,CS-01272-O,3.67,1.66,0.7,1,0.0
1273,American Classic,American Classic Deluxe Cookies,AC-01273-P,3.98,2.12,0.52,,0
1274,GOLDEN VALLEY,Golden Valley Gourmet Ice Cream,GV-01274-O,7.93,5.29,1.12,1.0,N
1275,Sunrise Organics,Sunrise Organics Traditional Tuna,SO-01275-M,14.18,5.03,1.42,1,0
1276,Meadowbrook,Meadowbrook Gourmet Bread,M-01276-B,2.5,1.41,1.21,1,0
1277,COASTAL FRESH,Coastal Fresh Mini Apples,CF-01277-Z,3.41,1.71,2.45,1,0.0
1278,Family Choice,Family Choice Deluxe Chicken Breast,FC-01278-X,$3.26,2.01,2.82,No,1.0
1279,Golden Valley,Golden Valley Gourmet Onions,GV-01279-A,3.85,1.49,2.56,1,No
1280,tRUEtASTE,TrueTaste Low Sodium Sausage,T-01280-N,11.95,8.27,2.21,0,N
1281,Pure Origins,Pure Origins Fresh Juice,po-01281-w,3.07,1.53,0.84,0,0
1282,TrueTaste,TrueTaste Fresh Bacon,T-01282-E,7.88,3.6,,0,no
1283,PREMIUM CHOICE,Premium Choice Organic Bread,PC-01283-S,4.49,2.35,1.26,N,0
1284,Coastal Fresh,Coastal Fresh Classic Muffins,CF-01284-W,$4.84,3.11,1.08,1,0
1285,Northern Mills,Northern Mills Gourmet Bottled Water,NM-01285-X,2.91,1.71,2.17,yes,0
1286,premium choice,Premium Choice Low Sodium Paper Towels,PC-01286-B,9.18,5.83,3.01,0,no
1287,Family Choice,Family Choice Value Pack Dish Soap,FC-01287-Q,$3.18,1.76,3.19,0,0
1288,Coastal Fresh,Coastal Fresh Family Size Sausage,CF-01288-K,8.94,4.51,1.03,1,0
1289,Coastal Fresh,Coastal Fresh Low Sodium Cream,CF-01289-F,5.11,3.14,1.74,1,0
1290,Northern Mills,Northern Mills Reduced Fat Laundry Detergent,NM-01290-L,8.75,3.4,3.08,1.0,0
1291,Sunrise Organics,Sunrise Organics Reduced Fat Tea,SO-01291-I,2.23,1.3,2.05,Yes,0
1292,Hilltop Farms,Hilltop Farms Organic Juice,HF-01292-E,3.52,1.65,,yes,N
1293,Golden Harvest,Golden Harvest Value Pack Potato Chips,GH-01293-D,3.05,1.73,0.32,0,0
1294,fARMHOUSE sELECT,Farmhouse Select Fresh Bread,FS-01294-W,5.16,2.21,0.8,1,no
1295,GreenLeaf,GreenLeaf Organic Ham,G-01295-V,8.6,3.82,2.57,0.0,0
1296,Wholesome Co,Wholesome Co Family Size Salmon Fillet,WC-01296-G,15.67,9.18,1.16,0,0
1297,American Classic,American Classic Organic Bacon,AC-01297-J,11.2,5.95,2.14,0,1
1298,Prime Select,Prime Select Low Sodium Yogurt,PS-01298-C,4.24,1.85,1.22,No,True
1299,Pure Origins,Pure Origins Deluxe Tortilla Chips,PO-01299-C,4.86,1.87,0.82,1,Y
1300,EcoHarvest,EcoHarvest Classic Carrots,E-01300-S,3.2,1.94,,No,False
1301,Value Plus,Value Plus Lite Crackers,VP-01301-A,4.94,,0.83,no,0
1302,heritage foods,Heritage Foods Value Pack Crab Legs,HF-01302-C,8.07,5.11,0.59,1,0
1303,EcoHarvest,EcoHarvest Value Pack Tomatoes,E-01303-A,1.46,1.0,2.22,,No
1304,Silver Creek,Silver Creek Traditional Crab Legs,SC-01304-X,9.66,4.4,1.9,1,No
1305,Coastal Fresh,Coastal Fresh Original Milk,CF-01305-S,3.44,2.18,1.52,0,No
1306,Natures Best,Natures Best Organic Lotion,NB-01306-C,11.46,6.96,0.32,True,0
1307,EcoHarvest,EcoHarvest Low Sodium Crackers,E-01307-C,2.17,0.95,0.35,0,0
1308,Family Choice,Family Choice Lite Coffee,FC-01308-B,$3.31,1.87,2.35,1,0
1309,Silver Creek,Silver Creek Value Pack Coffee,SC-01309-R,2.05,1.29,1.92,0,N
1310,Coastal Fresh  ,Coastal Fresh Lite Tortilla Chips,CF-01310-J,1.67,0.74,0.44,1,N
1311,Coastal Fresh,Coastal Fresh Value Pack Trash Bags,CF-01311-J,6.8,3.27,,1,0
1312,TrueTaste,TrueTaste Organic Ice Cream,T-01312-V,2.75,1.33,2.95,1,0
1313,Golden Valley,Golden Valley Original Tortilla Chips,GV-01313-K,$1.63,0.99,0.71,1,0
1314,Golden Valley,Golden Valley Low Sodium Paper Towels,GV-01314-T,6.45,3.86,1.13,0,0
1315,Golden Harvest,Golden Harvest Original Juice,GH-01315-X,1.91,0.9,1.0,1,0
1316,Northern Mills,Northern Mills Organic Sour Cream,NM-01316-M,1.59,0.63,2.19,no,False
1317,TrueTaste  ,TrueTaste Organic Ham,T-01317-M,$6.54,3.63,3.47,no,0
1318,eVERYDAY bASICS,Everyday Basics Lite Cookies,eb-01318-q,3.65,2.55,0.82,1,1
1319,Pure Origins,Pure Origins Deluxe Butter,PO-01319-E,1.98,1.26,0.77,0,No
1320,EcoHarvest,EcoHarvest Lite Bread,E-01320-T,2.4,1.59,0.78,0,0
1321,Farmhouse Select,Farmhouse Select Classic Frozen Vegetables,FS-01321-B,5.03,3.35,0.99,yes,0
1322,Crystal Springs,Crystal Springs Lite Pretzels,CS-01322-N,4.27,2.62,0.54,1,no
1323,BluePeak,BluePeak Low Sodium Potato Chips,B-01323-G,1.96,0.74,0.32,1,0
1324,Golden Valley,Golden Valley Low Sodium Shampoo,GV-01324-S,12.43,5.41,0.95,0,0
1325,meadowbrook,Meadowbrook Organic Croissants,M-01325-W,$5.49,1.94,1.43,1,0
1326,Premium Choice,Premium Choice Fresh Bagels,pc-01326-b,3.85,2.59,0.31,1,0
1327,Hilltop Farms,Hilltop Farms Original Muffins,HF-01327-Q,4.14,1.84,1.24,0,no
1328,Wholesome Co,Wholesome Co Family Size Frozen Fries,WC-01328-I,6.45,3.39,1.71,1,0
1329,Family Choice,Family Choice Gourmet Waffles,FC-01329-Z,8.92,4.3,2.13,0,0
1330,American Classic,American Classic Reduced Fat Shrimp,AC-01330-Z,10.8,5.98,1.85,True,N
1331,Pure Origins,Pure Origins Value Pack Sports Drink,PO-01331-M,2.18,1.36,1.24,False,0
1332,Golden Harvest,Golden Harvest Jumbo Tilapia,GH-01332-S,13.49,8.93,0.72,0,0
1333,TrueTaste,TrueTaste Low Sodium Tortilla Chips,T-01333-A,4.67,2.0,0.56,1,True
1334,Family Choice,Family Choice Lite Milk,FC-01334-N,6.43,3.4,0.54,0,yes
1335,gREENlEAF,GreenLeaf Family Size Vitamins,G-01335-G,11.8,6.82,1.07,1,0
1336,Northern Mills,Northern Mills Traditional Frozen Fries,NM-01336-J,7.92,5.06,1.05,1,False
1337,BluePeak,BluePeak Family Size Pork Chops,B-01337-G,10.89,7.52,2.28,1,0
1338,Coastal Fresh,Coastal Fresh Traditional Crab Legs,CF-01338-J,8.87,5.81,0.79,False,0
1339,gOLDEN hARVEST,Golden Harvest Low Sodium Crab Legs,GH-01339-X,12.32,5.85,1.02,True,0
1340,Coastal Fresh,Coastal Fresh Mini Milk,CF-01340-K,6.0,2.91,2.39,0.0,No
1341,Northern Mills,Northern Mills Low Sodium Bacon,NM-01341-A,5.96,,3.31,0,False
1342,HILLTOP FARMS,Hilltop Farms Fresh Potato Chips,HF-01342-F,5.0,2.62,0.75,N,yes
1343,gOLDEN hARVEST,Golden Harvest Reduced Fat Vitamins,GH-01343-Z,3.27,1.3,0.95,True,False
1344,Natures Best,Natures Best Reduced Fat Shampoo,NB-01344-Q,11.2,6.77,0.47,No,0
1345,Golden Harvest,Golden Harvest Fresh Tortilla Chips,GH-01345-A,$3.99,2.47,0.5,1,1
1346,Hilltop Farms,Hilltop Farms Fresh Pretzels,HF-01346-H,4.69,2.16,0.49,1,0
1347,  Golden Harvest,Golden Harvest Jumbo Frozen Pizza,GH-01347-A,$4.00,1.57,2.83,0,Y
1348,GreenLeaf,GreenLeaf Fresh Ice Cream,G-01348-V,6.42,2.71,1.66,True,Y
1349,coastal fresh,Coastal Fresh Organic Tilapia,CF-01349-L,11.3,4.38,,Yes,0
1350,Crystal Springs,Crystal Springs Fresh Bread,CS-01350-B,1.59,0.62,1.23,False,0
1351,Premium Choice,Premium Choice Value Pack Trash Bags,PC-01351-I,9.05,5.18,1.4,0,False
1352,Crystal Springs,Crystal Springs Deluxe Tilapia,CS-01352-N,6.92,3.84,2.47,0,0
1353,Crystal Springs,Crystal Springs Extra Crunchy Carrots,CS-01353-C,2.87,1.59,2.25,0,0
1354,Silver Creek,Silver Creek Value Pack Deodorant,SC-01354-B,12.12,7.37,0.69,0,0.0
1355,Natures Best,Natures Best Jumbo Ice Cream,NB-01355-Y,4.22,2.95,2.12,1,1
1356,American Classic,American Classic Family Size Cookies,AC-01356-E,3.29,1.57,0.94,1,False
1357,Hilltop Farms  ,Hilltop Farms Reduced Fat Bananas,HF-01357-D,$2.82,1.37,1.29,1,0
1358,American Classic,American Classic Low Sodium Napkins,AC-01358-J,9.28,3.98,0.97,True,No
1359,Heritage Foods,Heritage Foods Fresh Crab Legs,HF-01359-T,14.12,7.84,1.5,No,0
1360,Hilltop Farms,Hilltop Farms Family Size Rolls,HF-01360-C,1.91,0.78,0.64,1,0
1361,Meadowbrook,Meadowbrook Deluxe Laundry Detergent,M-01361-N,4.32,1.97,1.81,0,No
1362,American Classic,American Classic Lite Sports Drink,AC-01362-K,7.07,2.74,2.56,Yes,0.0
1363,Coastal Fresh,Coastal Fresh Jumbo Deodorant,CF-01363-Z,7.49,5.1,0.41,0,0
1364,Hilltop Farms,Hilltop Farms Mini Apples,HF-01364-Y,1.2,0.83,2.03,0,False
1365,Heritage Foods,Heritage Foods Mini Shrimp,HF-01365-V,6.62,4.18,0.79,1,0
1366,Crystal Springs,Crystal Springs Lite Laundry Detergent,CS-01366-L,7.86,4.91,3.82,0,0
1367,Everyday Basics,Everyday Basics Original Aluminum Foil,EB-01367-Q,3.17,1.3,,0.0,0
1368,eVERYDAY bASICS,Everyday Basics Mini Vitamins,EB-01368-C,6.13,2.54,0.66,no,no
1369,EcoHarvest,EcoHarvest Deluxe Pretzels,E-01369-Y,$1.65,0.78,0.56,0,0
1370,Premium Choice,Premium Choice Lite Bread,PC-01370-G,1.86,1.14,0.72,Yes,0
1371,Urban Pantry,Urban Pantry Original Juice,UP-01371-X,7.06,3.21,1.55,1,False
1372,wholesome co,Wholesome Co Reduced Fat Onions,WC-01372-F,1.38,0.69,2.61,1,0
1373,Value Plus,Value Plus Low Sodium Tea,VP-01373-I,4.35,1.64,1.38,No,0
1374,eCOhARVEST,EcoHarvest Jumbo Shrimp,E-01374-G,13.89,7.16,0.7,1.0,False
1375,VALUE PLUS,Value Plus Reduced Fat Popcorn,VP-01375-I,2.32,1.49,0.31,0,True
1376,GreenLeaf,GreenLeaf Traditional Trash Bags,G-01376-D,10.92,7.26,2.89,1,0
1377,Golden Harvest,Golden Harvest Extra Crunchy Shampoo,GH-01377-Q,4.27,2.5,1.17,Yes,N
1378,hERITAGE fOODS,Heritage Foods Deluxe Popcorn,HF-01378-J,3.54,2.21,0.29,0,0
1379,Prime Select,Prime Select Original Tea,PS-01379-T,3.53,1.8,1.8,1,0
1380,Prime Select,Prime Select Low Sodium Potato Chips,PS-01380-E,1.76,1.06,0.99,1,No
1381,Crystal Springs,Crystal Springs Organic Chicken Breast,CS-01381-V,9.62,3.92,1.33,no,0.0
1382,Pure Origins,Pure Origins Low Sodium Frozen Fries,PO-01382-K,$8.38,4.06,1.28,0,no
1383,Prime Select,Prime Select Mini Shrimp,PS-01383-Z,10.2,6.88,1.65,1,0.0
1384,TrueTaste,TrueTaste Deluxe Chicken Breast,T-01384-X,9.1,5.64,1.35,,0
1385,Golden Valley,Golden Valley Low Sodium TV Dinner,GV-01385-E,4.46,,,Y,0.0
1386,Pure Origins,Pure Origins Organic Bar Soap,PO-01386-Y,9.43,5.69,0.29,1,0
1387,Value Plus,Value Plus Jumbo Waffles,VP-01387-V,8.72,5.41,1.45,0,0
1388,Golden Valley,Golden Valley Family Size Bar Soap,GV-01388-W,9.24,4.54,0.44,N,no
1389,Value Plus,Value Plus Reduced Fat Shampoo,VP-01389-Y,9.9,4.91,1.03,Y,N
1390,Heritage Foods,Heritage Foods Mini Cod,hf-01390-i,7.74,2.74,1.89,1,0
1391,Farmhouse Select,Farmhouse Select Extra Crunchy Toothpaste,FS-01391-L,3.98,1.5,0.82,0,0
1392,Coastal Fresh,Coastal Fresh Deluxe Bar Soap,CF-01392-O,3.47,1.31,0.77,0,0
1393,MEADOWBROOK,Meadowbrook Extra Crunchy Apples,M-01393-I,0.99,0.52,0.58,1,0
1394,Value Plus,Value Plus Extra Crunchy Sports Drink,VP-01394-R,5.63,2.11,2.65,yes,0.0
1395,Prime Select,Prime Select Extra Crunchy Bottled Water,PS-01395-B,1.31,0.85,1.47,Yes,0.0
1396,Golden Harvest,Golden Harvest Traditional Soda,GH-01396-F,2.73,1.43,1.54,True,0
1397,Everyday Basics,Everyday Basics Extra Crunchy Sour Cream,EB-01397-H,5.33,3.12,1.37,1,0
1398,Heritage Foods,Heritage Foods Classic Shrimp,HF-01398-F,13.72,6.36,1.53,0,0
1399,SILVER CREEK,Silver Creek Lite Salmon Fillet,SC-01399-C,14.42,7.35,2.39,Y,0
1400,Farmhouse Select,Farmhouse Select Gourmet Sour Cream,FS-01400-V,3.96,1.75,0.82,1,0
1401,Hilltop Farms,Hilltop Farms Mini Frozen Vegetables,HF-01401-R,$5.21,2.65,1.63,1,
1402,American Classic,American Classic Value Pack Sausage,AC-01402-Z,$4.15,2.39,3.34,Y,0
1403,TrueTaste,TrueTaste Lite Frozen Fries,T-01403-S,5.69,3.77,2.38,1.0,No
1404,Heritage Foods,Heritage Foods Gourmet Frozen Fries,HF-01404-G,4.27,2.74,1.38,0,No
1405,Golden Harvest,Golden Harvest Mini Cod,GH-01405-Y,$8.46,4.83,1.12,0,0
1406,Coastal Fresh,Coastal Fresh Classic Cheese,CF-01406-G,2.59,1.12,1.27,0,Yes
1407,Farmhouse Select,Farmhouse Select Low Sodium Paper Towels,FS-01407-Y,10.54,5.38,1.53,1,0
1408,Coastal Fresh,Coastal Fresh Lite Frozen Fries,CF-01408-Z,6.84,2.88,2.57,0,No
1409,  Family Choice,Family Choice Organic Dish Soap,FC-01409-G,4.03,2.12,1.48,0,False
1410,premium choice,Premium Choice Organic Tea,pc-01410-m,4.38,1.7,1.59,True,0
1411,Value Plus,Value Plus Traditional Ground Beef,VP-01411-W,5.06,2.9,1.63,yes,no
1412,TrueTaste,TrueTaste Reduced Fat Cookies,T-01412-Q,2.74,0.96,0.9,0,1.0
1413,American Classic,American Classic Gourmet Cod,AC-01413-T,10.73,6.42,0.84,0,0
1414,Farmhouse Select,Farmhouse Select Jumbo Butter,FS-01414-N,2.98,2.07,1.72,1,Y
1415,Crystal Springs,Crystal Springs Jumbo Dish Soap,CS-01415-G,3.24,1.71,2.79,1.0,N
1416,Northern Mills,Northern Mills Family Size TV Dinner,NM-01416-F,5.85,3.11,2.82,Y,0
1417,GREENLEAF,GreenLeaf Low Sodium Sausage,G-01417-V,10.06,11.78,1.3,0,no
1418,Golden Harvest,Golden Harvest Gourmet Bottled Water,GH-01418-G,3.98,2.59,0.64,Y,0
1419,Silver Creek,Silver Creek Extra Crunchy Trash Bags,SC-01419-X,$2.18,0.93,3.09,0,0
1420,Family Choice,Family Choice Original Ice Cream,FC-01420-N,7.56,4.37,2.79,,1
1421,Heritage Foods,Heritage Foods Organic Lotion,HF-01421-L,$11.99,5.49,0.9,1.0,0
1422,EcoHarvest,EcoHarvest Mini Juice,E-01422-F,2.33,1.19,1.9,0,No
1423,GreenLeaf,GreenLeaf Value Pack Muffins,G-01423-J,2.29,1.26,1.32,1,0
1424,Urban Pantry,Urban Pantry Extra Crunchy Cheese,UP-01424-P,$3.13,2.01,1.63,0.0,1
1425,Farmhouse Select,Farmhouse Select Extra Crunchy Laundry Detergent,FS-01425-E,3.14,2.13,1.03,0,0
1426,Prime Select,Prime Select Reduced Fat Sour Cream,PS-01426-R,4.13,,1.17,0,0
1427,Everyday Basics,Everyday Basics Fresh Butter,EB-01427-X,$4.36,1.81,1.93,0,Y
1428,American Classic,American Classic Mini Pork Chops,AC-01428-G,4.35,2.93,1.64,0.0,1
1429,Everyday Basics,Everyday Basics Organic Bread,EB-01429-B,$4.17,2.83,0.43,N,False
1430,GreenLeaf,GreenLeaf Classic Ground Beef,G-01430-C,3.53,2.27,2.05,1,0
1431,Sunrise Organics,Sunrise Organics Reduced Fat Crackers,SO-01431-Q,3.15,1.69,0.98,0.0,N
1432,Crystal Springs,Crystal Springs Organic Tilapia,CS-01432-P,8.43,4.84,0.64,1,N
1433,Everyday Basics,Everyday Basics Traditional Yogurt,EB-01433-N,5.56,3.37,0.89,1,No
1434,Silver Creek,Silver Creek Gourmet Ground Beef,SC-01434-V,$8.52,3.72,1.67,1,0
1435,Everyday Basics,Everyday Basics Classic Lettuce,EB-01435-X,3.74,2.06,1.06,Yes,0
1436,Coastal Fresh,Coastal Fresh Lite Bacon,CF-01436-Y,5.21,2.96,2.28,1,0
1437,TrueTaste,TrueTaste Extra Crunchy Tea,T-01437-N,7.95,3.92,1.99,0,no
1438,Meadowbrook,Meadowbrook Low Sodium TV Dinner,M-01438-J,6.17,3.87,2.19,1,False
1439,Urban Pantry,Urban Pantry Mini Salmon Fillet,UP-01439-I,8.75,5.14,,0,0
1440,EcoHarvest,EcoHarvest Classic Sports Drink,E-01440-Q,1.71,1.18,1.76,0,False
1441,Urban Pantry,Urban Pantry Deluxe Bagels,UP-01441-J,3.13,2.15,0.53,0,0
1442,BluePeak,BluePeak Original Ham,B-01442-E,7.41,2.76,1.69,1,0
1443,Hilltop Farms,Hilltop Farms Low Sodium Shampoo,HF-01443-O,5.62,2.48,0.98,1,0
1444,Golden Valley,Golden Valley Reduced Fat Crackers,GV-01444-D,4.1,1.52,0.52,0,No
1445,Pure Origins,Pure Origins Original Apples,PO-01445-Z,3.57,1.39,2.52,0,0
1446,Heritage Foods,Heritage Foods Organic Tuna,HF-01446-F,14.87,9.7,1.59,1,No
1447,Family Choice  ,Family Choice Value Pack Juice,FC-01447-P,5.73,2.14,0.53,1,0
1448,EcoHarvest,EcoHarvest Organic Muffins,E-01448-N,4.23,1.86,0.39,1,
1449,Hilltop Farms,Hilltop Farms Mini Bottled Water,HF-01449-E,6.31,7.89,1.92,0,0.0
1450,Prime Select,Prime Select Gourmet Bar Soap,PS-01450-W,11.38,7.0,0.29,No,0
1451,Coastal Fresh,Coastal Fresh Original Cream,CF-01451-Y,3.41,1.33,1.93,Y,0
1452,Natures Best,Natures Best Value Pack Pork Chops,nb-01452-t,11.61,5.56,0.95,0,Y
1453,TrueTaste,TrueTaste Lite Rolls,T-01453-Z,4.92,2.09,1.4,0,0
1454,Coastal Fresh,Coastal Fresh Fresh Crackers,CF-01454-D,2.41,1.34,0.33,0,True
1455,Everyday Basics,Everyday Basics Family Size Frozen Vegetables,EB-01455-Y,6.45,2.99,1.79,1,0
1456,Silver Creek,Silver Creek Extra Crunchy Bread,SC-01456-Y,1.69,0.96,0.88,1,0.0
1457,Everyday Basics,Everyday Basics Original Tea,EB-01457-I,3.91,2.27,0.72,0,0
1458,Pure Origins,Pure Origins Family Size Pretzels,PO-01458-N,3.73,1.46,0.46,1,0
1459,Wholesome Co,Wholesome Co Value Pack Tea,WC-01459-P,6.62,2.88,2.65,False,0
1460,Family Choice,Family Choice Mini Carrots,FC-01460-T,2.7,1.66,2.45,no,0
1461,TrueTaste,TrueTaste Reduced Fat Bananas,T-01461-T,3.81,2.65,2.18,Y,0
1462,Heritage Foods,Heritage Foods Deluxe Rolls,HF-01462-C,4.1,2.15,1.32,1,0
1463,Premium Choice,Premium Choice Family Size Ground Beef,PC-01463-A,3.2,1.93,1.92,yes,0
1464,crystal springs,Crystal Springs Organic Laundry Detergent,CS-01464-E,6.04,2.81,0.97,1,No
1465,Sunrise Organics,Sunrise Organics Deluxe TV Dinner,SO-01465-P,7.5,4.85,,N,1.0
1466,GreenLeaf,GreenLeaf Deluxe Frozen Pizza,G-01466-G,5.28,,2.61,Yes,yes
1467,Golden Valley,Golden Valley Original Laundry Detergent,gv-01467-f,6.03,3.07,1.92,0,0
1468,mEADOWBROOK,Meadowbrook Organic Coffee,M-01468-B,6.21,2.59,1.12,0,0
1469,URBAN PANTRY,Urban Pantry Value Pack Crackers,UP-01469-M,3.74,1.84,0.8,Yes,1
1470,EcoHarvest,EcoHarvest Extra Crunchy Sour Cream,E-01470-E,3.49,1.33,1.99,0,False
1471,Silver Creek,Silver Creek Deluxe Muffins,SC-01471-U,1.57,0.77,0.33,1,No
1472,Everyday Basics,Everyday Basics Reduced Fat Cheese,eb-01472-h,5.13,2.18,1.06,0,1
1473,GreenLeaf  ,GreenLeaf Lite Tortilla Chips,G-01473-V,2.39,1.04,0.78,1,Y
1474,Heritage Foods,Heritage Foods Deluxe Aluminum Foil,HF-01474-L,$9.32,3.55,1.17,0,False
1475,American Classic,American Classic Lite TV Dinner,AC-01475-A,4.22,2.25,,1,0
1476,Everyday Basics,Everyday Basics Fresh Napkins,EB-01476-T,$3.62,2.49,1.62,0,0.0
1477,TrueTaste,TrueTaste Reduced Fat Lettuce,T-01477-O,3.21,2.15,0.8,1,0
1478,Urban Pantry,Urban Pantry Original Aluminum Foil,UP-01478-M,9.9,5.43,3.26,1,0
1479,Northern Mills,Northern Mills Reduced Fat Lotion,NM-01479-R,3.14,1.28,0.61,Yes,0
1480,pRIME sELECT,Prime Select Gourmet Frozen Fries,PS-01480-B,4.41,1.9,1.17,Yes,0
1481,Sunrise Organics,Sunrise Organics Traditional Cheese,SO-01481-S,1.72,0.97,1.38,0.0,0
1482,GreenLeaf,GreenLeaf Fresh TV Dinner,G-01482-L,3.09,1.65,1.13,Yes,N
1483,Silver Creek,Silver Creek Deluxe TV Dinner,SC-01483-T,3.63,1.39,,True,1
1484,Urban Pantry,Urban Pantry Fresh Potato Chips,UP-01484-X,2.08,1.4,0.23,1.0,1
1485,Family Choice,Family Choice Fresh Crackers,FC-01485-Y,3.18,1.99,,0,0
1486,Crystal Springs,Crystal Springs Extra Crunchy Butter,CS-01486-S,4.55,2.18,1.36,0.0,False
1487,American Classic,American Classic Classic Deodorant,AC-01487-P,11.23,4.3,0.58,0,0.0
1488,GreenLeaf,GreenLeaf Original Lotion,G-01488-V,8.97,,1.07,no,0
1489,Crystal Springs,Crystal Springs Lite Bread,CS-01489-D,3.58,1.62,1.43,yes,False
1490,Meadowbrook,Meadowbrook Low Sodium Aluminum Foil,M-01490-B,9.13,3.44,1.81,1,0
1491,Crystal Springs,Crystal Springs Reduced Fat Milk,CS-01491-W,2.22,1.14,1.48,False,1
1492,Value Plus,Value Plus Deluxe Laundry Detergent,VP-01492-D,9.31,4.38,3.85,0.0,No
1493,NORTHERN MILLS,Northern Mills Organic Cheese,NM-01493-S,5.12,2.18,0.95,1,0
1494,Coastal Fresh,Coastal Fresh Family Size Croissants,CF-01494-M,2.59,1.64,0.93,1,0
1495,Value Plus,Value Plus Traditional Sour Cream,VP-01495-W,4.21,2.62,1.14,1,0
1496,BluePeak,BluePeak Value Pack Tuna,B-01496-E,4.27,2.42,,0,0
1497,EcoHarvest,EcoHarvest Jumbo Bottled Water,E-01497-O,1.66,0.77,2.77,0.0,no
1498,Meadowbrook,Meadowbrook Classic Napkins,M-01498-Z,7.16,4.56,3.8,0,no
1499,Natures Best,Natures Best Lite Tea,NB-01499-R,3.9,1.5,1.92,1,no
1500,Meadowbrook,Meadowbrook Mini Coffee,M-01500-T,3.66,2.28,1.87,1,0
1501,Family Choice,Family Choice Jumbo Ice Cream,FC-01501-Y,5.59,3.51,2.51,yes,0
1502,  Golden Harvest  ,Golden Harvest Jumbo Pretzels,GH-01502-P,4.52,3.16,0.65,no,0
1503,Prime Select,Prime Select Reduced Fat Frozen Pizza,PS-01503-H,3.59,1.77,1.28,Y,yes
1504,Everyday Basics,Everyday Basics Organic Frozen Fries,EB-01504-X,8.29,3.99,1.3,False,0
1505,EcoHarvest,EcoHarvest Lite Shrimp,E-01505-O,15.65,6.15,1.35,No,0
1506,Sunrise Organics,Sunrise Organics Organic Bar Soap,SO-01506-Y,9.11,4.69,1.06,1,0
1507,  BluePeak,BluePeak Original Muffins,B-01507-V,3.09,1.95,0.47,0,0
1508,Pure Origins,Pure Origins Family Size Sports Drink,PO-01508-B,7.07,2.53,2.0,1.0,0
1509,Coastal Fresh,Coastal Fresh Family Size Frozen Pizza,CF-01509-R,8.28,4.58,2.04,Yes,0
1510,TRUETASTE,TrueTaste Jumbo Potato Chips,T-01510-A,2.42,1.45,0.94,1,1
1511,Wholesome Co,Wholesome Co Value Pack Apples,WC-01511-B,0.87,0.59,1.85,True,0
1512,Prime Select,Prime Select Gourmet Tortilla Chips,PS-01512-T,2.86,1.82,0.26,yes,Y
1513,sILVER cREEK,Silver Creek Lite Tuna,SC-01513-U,12.45,5.4,1.55,0,False
1514,GreenLeaf,GreenLeaf Extra Crunchy Salmon Fillet,G-01514-P,12.19,6.47,2.13,Y,0
1515,Sunrise Organics,Sunrise Organics Family Size Shampoo,SO-01515-T,$12.14,4.86,1.2,1,0
1516,Heritage Foods,Heritage Foods Family Size Frozen Fries,HF-01516-A,$4.31,1.8,1.94,0,0
1517,Golden Harvest,Golden Harvest Family Size Tuna,GH-01517-C,12.8,7.79,1.48,0,0
1518,American Classic,American Classic Organic Milk,AC-01518-E,4.89,3.19,1.69,1,0
1519,  Urban Pantry,Urban Pantry Extra Crunchy Tomatoes,UP-01519-Q,0.91,0.56,0.97,1,0.0
1520,Premium Choice,Premium Choice Low Sodium Cod,PC-01520-D,14.78,6.69,0.97,yes,0
1521,Value Plus,Value Plus Low Sodium Deodorant,VP-01521-S,12.5,8.14,0.76,N,0
1522,Family Choice,Family Choice Extra Crunchy Croissants,FC-01522-P,4.75,2.45,1.19,True,No
1523,Natures Best,Natures Best Organic Butter,NB-01523-V,2.11,0.87,2.49,0,0
1524,TrueTaste,TrueTaste Reduced Fat Toothpaste,T-01524-I,12.33,5.6,0.63,0,0
1525,HILLTOP FARMS,Hilltop Farms Deluxe Frozen Fries,HF-01525-L,6.46,4.16,2.82,yes,0
1526,Family Choice,Family Choice Original Crab Legs,FC-01526-O,9.31,4.72,0.8,0,0
1527,Golden Harvest,Golden Harvest Jumbo Crab Legs,GH-01527-O,8.19,5.28,2.2,N,no
1528,Coastal Fresh,Coastal Fresh Deluxe Cookies,CF-01528-Z,2.85,1.42,0.83,0,1
1529,Prime Select,Prime Select Traditional Bottled Water,PS-01529-C,5.35,3.65,1.07,0,0
1530,Everyday Basics,Everyday Basics Traditional Deodorant,EB-01530-P,$4.89,1.74,0.86,1,no
1531,Family Choice,Family Choice Family Size Popcorn,FC-01531-N,$2.31,0.83,0.99,1,0
1532,Urban Pantry,Urban Pantry Extra Crunchy Tea,UP-01532-N,$4.46,1.56,2.04,0,0
1533,American Classic,American Classic Gourmet Crab Legs,AC-01533-P,4.71,3.09,2.24,1,0
1534,Heritage Foods,Heritage Foods Mini Shampoo,HF-01534-N,8.62,5.85,,1,0
1535,Wholesome Co,Wholesome Co Fresh Soda,WC-01535-D,6.1,2.38,1.72,0,0
1536,Crystal Springs,Crystal Springs Low Sodium Vitamins,CS-01536-K,$12.46,6.43,0.8,True,N
1537,TrueTaste,TrueTaste Classic Rolls,T-01537-U,4.45,2.88,1.25,1,0
1538,EcoHarvest,EcoHarvest Organic TV Dinner,E-01538-G,$6.55,3.02,1.49,1,0
1539,American Classic,American Classic Jumbo Muffins,AC-01539-T,5.14,1.93,,0,0
1540,silver creek,Silver Creek Organic Muffins,SC-01540-R,$5.45,2.07,0.43,0,0
1541,Everyday Basics,Everyday Basics Original Bar Soap,EB-01541-Q,10.34,4.32,0.32,Y,0
1542,Wholesome Co,Wholesome Co Organic Onions,WC-01542-T,2.96,1.07,2.19,1,0
1543,Golden Harvest,Golden Harvest Jumbo Ground Beef,GH-01543-W,8.42,3.34,1.9,Y,0
1544,Sunrise Organics,Sunrise Organics Classic Ham,SO-01544-M,5.93,3.49,3.27,,0
1545,Farmhouse Select,Farmhouse Select Deluxe Bar Soap,FS-01545-K,$5.79,2.43,1.0,0,0
1546,Urban Pantry,Urban Pantry Fresh Soda,UP-01546-Q,7.21,4.04,2.89,0,0
1547,Premium Choice,Premium Choice Mini Lotion,PC-01547-S,8.65,5.21,0.6,1,N
1548,American Classic,American Classic Reduced Fat TV Dinner,AC-01548-Y,8.43,4.2,,1,0
1549,Natures Best,Natures Best Reduced Fat Lettuce,NB-01549-I,$0.98,0.54,2.95,0,0
1550,  Premium Choice,Premium Choice Low Sodium Cod,PC-01550-H,8.44,4.8,1.1,yes,0
1551,heritage foods,Heritage Foods Jumbo Chicken Breast,hf-01551-z,6.36,3.47,1.0,1.0,1
1552,Wholesome Co,Wholesome Co Organic Laundry Detergent,WC-01552-U,5.32,3.62,2.11,N,no
1553,EcoHarvest,EcoHarvest Original Frozen Fries,E-01553-B,4.63,2.72,2.06,0,0
1554,Everyday Basics,Everyday Basics Classic Shrimp,EB-01554-T,4.86,2.59,1.76,no,0
1555,Family Choice,Family Choice Family Size Deodorant,FC-01555-N,10.85,6.59,0.99,0,0
1556,Pure Origins,Pure Origins Organic Ice Cream,PO-01556-A,5.25,3.16,,0,1
1557,Northern Mills,Northern Mills Lite Sports Drink,NM-01557-P,2.72,1.56,,0,0.0
1558,Natures Best,Natures Best Organic Bread,NB-01558-V,1.53,0.95,0.72,1,0
1559,Golden Harvest,Golden Harvest Reduced Fat Dish Soap,GH-01559-A,$8.43,5.63,1.68,0,0
1560,Sunrise Organics,Sunrise Organics Gourmet Shampoo,SO-01560-K,10.45,6.26,0.68,1,0.0
