return_date,product_id,store_id,quantity
1998-08-27,206,4,3.0
1998/08/04,1224,6,3.0
1998/12/17,295,5,2.0
28-09-1998,231,11,
18 Sep 1998,295,8,2.0
1998-10-23,856,18,3.0
1998-09-06,785,4,3.0
02 Sep 1998,809,15,2.0
1998-09-16,48,18,3.0
24-05-1998,556,14,4.0
26-09-1997,1295,1,3.0
1998/12/12,486,10,4.0
1998/03/22,325,18,1.0
1997/06/12,220,4,3.0
02/14/1998,1426,2,2.0
1998-12-11,185,18,1.0
08/20/1998,700,15,2.0
02-01-1998,1557,3,5.0
1997-05-29,754,4,1.0
1998/09/14,1545,18,
04 Apr 1998,246,14,1.0
27-05-1998,672,8,1.0
1998-05-01,754,6,4.0
1998/05/17,544,18,5.0
1998-07-24,1457,1,2.0
27 Jul 1997,825,8,1.0
1998/08/05,840,9,4.0
21 Feb 1998,1344,2,1.0
06 Jan 1998,851,19,4.0
1998-08-15,864,14,1.0
,149,17,4.0
05/07/1998,288,21,1.0
28 Dec 1997,625,4,5.0
02-03-1998,1112,5,5.0
18-02-1997,281,12,4.0
1998-11-05,849,4,4.0
1998-04-05,20,2,5.0
1997-12-11,1153,14,1.0
1998-06-11,840,5,1.0
21 Mar 1998,1224,3,2.0
1997/02/08,20,3,5.0
1998-11-28,637,16,3.0
11/24/1998,1407,10,1.0
1998-08-28,556,22,3.0
08/22/1997,1380,14,2.0
13-05-1997,1139,7,4.0
1997/12/30,562,5,2.0
1997-05-23,760,15,5.0
25 Jan 1999,1139,11,4.0
1998-09-17,231,8,2.0
1997-12-12,300,14,3.0
22-07-1998,123,18,2.0
08 Apr 1998,1426,7,2.0
1997/09/11,1139,8,1.0
1998-06-15,764,15,1.0
1997/07/31,850,15,5.0
27-03-1997,231,12,3.0
21-01-1999,355,2,4.0
1998-10-24,1492,7,1.0
01/17/1998,1095,4,3.0
1998-07-20,1531,11,3.0
1998-11-26,1139,13,3.0
14-10-1998,825,18,3.0
1998/10/19,267,3,1.0
1998-07-15,902,22,3.0
06/09/1998,432,9,5.0
1998/12/26,624,8,5.0
1999/01/10,1382,9,1.0
26-04-1998,592,5,5.0
1997/03/12,736,7,1.0
1998/02/28,295,14,1.0
1998/04/14,231,11,1.0
1999/02/03,965,11,3.0
07/28/1997,267,9,4.0
19-10-1998,578,19,4.0
13-03-1998,754,16,4.0
1999-01-04,1220,10,5.0
04-09-1998,231,14,3.0
19-10-1998,901,18,4.0
1998-04-19,878,7,1.0
07/04/1998,795,7,4.0
25 Dec 1998,1397,6,3.0
04-05-1998,672,3,3.0
19 Dec 1998,858,21,1.0
1997/08/31,262,3,3.0
04/13/1997,215,8,5.0
,535,18,5.0
1998/09/27,1312,18,2.0
1999-02-03,699,17,2.0
21-11-1998,734,2,4.0
1998-11-16,1001,11,2.0
1997/09/11,901,5,1.0
20 Sep 1997,1172,10,5.0
13 Oct 1997,1190,11,4.0
01/14/1999,1552,1,1.0
1999-01-10,809,9,3.0
14-04-1997,1367,5,4.0
05 Feb 1999,300,11,3.0
1998-02-05,1583,11,
23 Mar 1997,109,11,
20 Feb 1998,738,5,4.0
,474,20,3.0
05/28/1998,1022,3,1.0
1999-01-08,295,13,4.0
1998-10-09,851,8,4.0
1998-10-17,20,18,1.0
01-01-1999,67,5,1.0
1998-11-04,689,11,
05/08/1998,535,23,2.0
24-08-1998,769,4,1.0
1998/08/03,1203,22,
11/08/1997,1196,14,4.0
18 Feb 1998,215,1,2.0
1997-07-06,750,9,2.0
18 Jan 1999,864,22,2.0
24 May 1998,754,11,5.0
1998-08-27,994,24,4.0
04-02-1999,246,18,1.0
01-01-1999,215,18,2.0
29 Apr 1998,1457,10,3.0
1997/03/18,578,6,4.0
08/08/1998,802,22,2.0
05/24/1998,176,24,5.0
08 Feb 1998,246,21,2.0
1998/03/17,1172,13,1.0
16-07-1998,317,21,2.0
1998/07/04,1397,15,1.0
1998/12/28,802,9,3.0
1998/03/12,62,5,1.0
09-03-1998,1066,22,1.0
1998-07-21,48,5,4.0
1997-07-07,1420,8,1.0
07/24/1997,1293,7,2.0
1998-08-21,231,24,4.0
05/16/1998,198,11,2.0
21-05-1998,355,23,2.0
18 Apr 1998,413,19,4.0
1998/11/07,675,20,5.0
22 Jun 1997,1230,11,2.0
27 Jun 1997,85,7,5.0
18 May 1998,231,14,1.0
26 Feb 1998,1301,12,4.0
25 Aug 1998,426,7,3.0
11/11/1997,198,20,2.0
22 Mar 1997,231,8,1.0
1997/05/31,1229,9,5.0
01 May 1998,1421,4,4.0
05/29/1998,1426,19,5.0
1998/06/15,962,2,2.0
1997-12-16,246,17,1.0
17-05-1998,1402,4,1.0
1997-02-20,26,8,5.0
01/12/1999,1453,13,2.0
09/24/1998,176,20,1.0
01/07/1998,231,3,5.0
1997-06-26,753,11,3.0
11/10/1998,543,19,4.0
1998/01/12,843,3,1.0
03/14/1998,864,6,4.0
19-12-1998,1135,14,3.0
1997/12/08,149,14,3.0
1999/01/01,300,24,3.0
1998-01-23,206,11,2.0
07 Jan 1999,1224,9,1.0
05-12-1997,1212,20,3.0
01-01-1999,711,4,
12-08-1997,1451,1,1.0
01 Feb 1999,1151,24,4.0
01/09/1999,383,9,5.0
1998/12/27,581,10,1.0
02 Jun 1998,500,5,
10/20/1998,58,6,4.0
1999-01-05,130,18,4.0
29 Nov 1998,802,5,4.0
15 Jun 1998,1177,11,5.0
1997/09/03,1102,10,4.0
13-12-1997,1303,5,2.0
1999/01/13,1452,10,1.0
04 Oct 1998,1318,17,2.0
02-02-1998,1017,3,3.0
08-07-1998,1426,13,3.0
18-05-1998,1124,12,2.0
1998/12/18,855,11,4.0
17 Aug 1998,332,8,3.0
11/12/1997,1153,15,2.0
07/19/1998,970,14,1.0
1998/12/19,209,5,1.0
25-12-1998,378,4,1.0
22-05-1998,524,5,5.0
28 May 1997,1469,2,4.0
28 Jul 1998,1154,3,4.0
1998-12-01,1116,12,1.0
12/15/1998,231,9,1.0
28-07-1997,345,17,4.0
15-01-1999,775,23,5.0
25 Feb 1998,1064,18,1.0
05-08-1998,76,23,5.0
1998-07-19,1251,7,1.0
1997-04-24,151,11,2.0
01-12-1998,1178,20,4.0
14 Aug 1997,287,18,2.0
03-04-1998,149,6,3.0
25-09-1998,348,18,1.0
27 Mar 1998,48,18,
08/23/1997,1388,14,4.0
19 Nov 1998,1537,20,1.0
27-09-1998,592,18,4.0
1997/11/09,1293,18,4.0
03-08-1998,464,10,1.0
1997-10-05,20,3,3.0
14-12-1998,1112,2,4.0
02-06-1998,592,10,1.0
01-02-1998,1177,4,3.0
11/06/1997,149,3,3.0
04-06-1998,1299,3,2.0
03-03-1998,1165,5,3.0
1998-04-17,1139,11,2.0
1998-04-15,48,3,4.0
12/16/1998,1281,18,1.0
1998/10/26,383,3,3.0
1998/06/23,20,3,5.0
07-12-1998,257,14,1.0
1997-08-05,135,12,1.0
10/01/1997,496,15,4.0
1998-08-23,556,14,4.0
1997-07-01,307,4,4.0
13 Jan 1999,515,15,5.0
23-11-1997,151,5,4.0
15 May 1997,1487,14,1.0
1997/08/25,1153,14,2.0
1997-04-14,215,14,1.0
25 Apr 1998,806,7,3.0
1998/04/27,625,12,3.0
07/17/1998,592,3,3.0
1997-12-01,965,19,5.0
29 Dec 1998,613,24,3.0
1998/05/07,287,23,4.0
03 Feb 1998,718,15,1.0
1998-12-25,998,18,1.0
27-03-1998,1172,18,5.0
21 Jul 1997,1064,14,4.0
10/21/1998,1406,7,5.0
21-12-1997,20,6,2.0
1998/03/12,578,8,5.0
1998/05/13,295,18,4.0
31-12-1998,169,8,2.0
16-07-1998,365,13,1.0
14 May 1998,442,5,1.0
30 Nov 1998,391,19,5.0
08/06/1998,231,3,3.0
08/14/1998,293,2,1.0
14-06-1997,1539,15,4.0
10/04/1997,806,8,3.0
07/03/1998,1531,11,2.0
29 Oct 1998,17,4,1.0
08/24/1998,1281,8,5.0
11/21/1998,807,12,
1998-05-18,1380,3,
05-08-1997,535,13,2.0
1998/11/27,531,3,2.0
17 Jun 1997,837,7,5.0
22 Nov 1998,48,7,2.0
1998-05-16,339,22,3.0
1997/10/31,149,14,4.0
30 Dec 1998,231,11,4.0
1998/09/07,1283,19,1.0
30-07-1997,313,4,1.0
1997/02/08,618,11,2.0
16 Apr 1997,385,7,5.0
02-12-1998,802,22,3.0
1998-12-17,14,24,3.0
23-08-1998,272,20,4.0
1998-06-21,62,3,4.0
1997/03/02,212,3,2.0
29-07-1998,5,22,4.0
18 Nov 1998,1382,15,3.0
1999-02-04,287,18,1.0
1998/11/05,48,14,1.0
1997-03-29,1304,2,3.0
1998/06/23,1131,5,4.0
1997/11/27,1457,4,1.0
05/19/1998,785,2,5.0
04/09/1997,198,9,2.0
1998-04-14,215,12,1.0
21 Oct 1998,869,15,1.0
13-06-1998,231,10,3.0
06 Sep 1997,487,10,4.0
1997-05-21,382,5,3.0
27 May 1998,564,18,2.0
1998/11/01,1546,18,1.0
19 Nov 1998,1509,2,3.0
04-02-1999,564,14,1.0
21-08-1998,1528,11,2.0
25-06-1997,1506,1,
1998-01-12,678,11,1.0
1998-07-18,1091,23,5.0
1997/12/06,901,5,3.0
02/06/1998,231,19,1.0
22-12-1998,1316,7,5.0
08-01-1999,595,13,3.0
12/30/1998,958,10,3.0
1999/01/01,1348,14,1.0
1998-08-10,48,8,3.0
1998/08/24,1426,18,5.0
15 May 1997,231,11,4.0
01/11/1999,464,21,5.0
07/28/1997,1149,3,5.0
26-09-1997,612,10,3.0
08 Sep 1997,934,8,5.0
1998-12-11,1285,5,5.0
01-02-1999,76,3,2.0
1998/06/24,472,9,3.0
13 Sep 1998,231,2,4.0
04/01/1998,845,3,5.0
13-06-1998,1465,10,4.0
1998-05-31,231,23,2.0
05 Feb 1998,578,3,2.0
05/28/1998,965,18,4.0
16 May 1998,1382,4,5.0
12/04/1998,1382,16,2.0
17-01-1999,1224,9,4.0
10 Jun 1997,802,3,3.0
1998-12-26,231,7,1.0
26 Dec 1998,1527,7,4.0
11/21/1998,675,9,3.0
1998-07-14,51,14,2.0
1997-06-29,538,11,4.0
14 Oct 1998,809,23,4.0
1997-07-05,1139,8,4.0
31 Dec 1998,1019,20,3.0
1998/01/27,229,20,2.0
07/23/1997,680,5,2.0
1998-11-17,1151,8,1.0
1998/07/18,1422,22,4.0
11/07/1998,1521,22,5.0
1997/05/21,802,4,5.0
03-02-1998,809,18,1.0
1998-12-21,1487,10,5.0
1997/03/04,1105,4,2.0
1998/08/02,32,22,1.0
27-04-1998,719,15,5.0
1997-07-28,1172,3,3.0
1998-03-02,1293,3,1.0
1998-08-01,295,24,5.0
05-09-1998,1318,4,5.0
23 Jun 1997,464,5,1.0
03/29/1997,231,10,5.0
03/24/1998,20,6,4.0
30 Jun 1998,1053,9,1.0
01 Jul 1998,287,2,2.0
1997-09-25,1172,10,3.0
01-12-1998,807,11,3.0
24-07-1997,929,4,3.0
25 Nov 1998,220,3,2.0
1997-12-04,1089,19,4.0
1998/04/02,625,10,4.0
08/14/1998,864,22,1.0
11 Dec 1998,1415,11,4.0
1997-09-22,147,8,
10-07-1997,464,11,3.0
1997-08-22,1100,14,1.0
28 Sep 1998,346,7,3.0
20 May 1997,1064,8,2.0
07/26/1998,878,24,3.0
1998-09-18,287,23,5.0
09/20/1997,1426,11,5.0
1998-09-02,82,18,4.0
1998-04-15,958,18,1.0
1998-02-07,778,3,2.0
1998-03-27,246,13,4.0
23 Oct 1998,625,19,4.0
12 Sep 1998,879,11,4.0
1998-03-30,864,18,2.0
19-09-1998,1497,23,1.0
08/28/1997,231,2,1.0
14-11-1997,413,19,4.0
1998-03-16,767,19,4.0
1997-08-07,1477,8,1.0
10/14/1998,68,12,1.0
06/02/1997,80,7,4.0
1997/04/16,850,5,2.0
10/11/1997,754,18,2.0
1998/04/17,964,2,1.0
29 Mar 1997,230,3,5.0
13 Nov 1997,213,6,3.0
06/03/1998,228,19,4.0
1998-11-15,1459,23,5.0
01-03-1997,1104,14,3.0
09-06-1998,1105,23,2.0
21 May 1997,1089,7,1.0
11-03-1997,231,5,4.0
1998/07/12,1380,6,5.0
03/21/1998,855,6,4.0
02 Jun 1998,881,4,5.0
25-03-1998,102,9,5.0
14 Sep 1997,399,14,1.0
05/20/1998,540,23,2.0
1998-12-12,1064,18,5.0
1998-05-03,935,28,1.0
23 Jun 1997,482,15,4.0
08/25/1998,1153,21,1.0
1998/06/28,812,19,3.0
1998-08-03,785,4,5.0
30 Jun 1998,958,5,1.0
05-07-1997,1442,4,5.0
10/12/1998,864,18,5.0
28-08-1998,231,10,1.0
01 Feb 1998,315,14,4.0
08 Apr 1998,403,22,3.0
1998/09/15,64,4,4.0
1998-09-16,496,10,3.0
1997/06/30,448,6,4.0
,878,13,3.0
1998/02/08,231,4,1.0
04-07-1998,813,4,3.0
05/01/1998,349,18,4.0
06/01/1998,36,11,5.0
1998/11/13,248,12,4.0
1998-11-26,514,20,4.0
1998/09/15,622,17,5.0
1998/12/10,365,18,3.0
02-11-1998,1426,4,1.0
30-11-1998,198,22,1.0
14 Jul 1997,965,3,2.0
02/26/1998,287,13,2.0
06-04-1997,421,3,2.0
1997/11/17,563,14,2.0
1997-04-11,581,5,2.0
1997/08/25,507,4,1.0
1997/08/11,1266,14,4.0
20 Jul 1997,231,10,3.0
07 Mar 1998,515,13,3.0
13-05-1997,1128,2,2.0
08/19/1998,464,21,5.0
04/11/1997,332,1,2.0
22-12-1997,410,11,5.0
02-05-1997,20,1,5.0
1997/04/12,332,13,2.0
26-02-1998,215,4,1.0
18-01-1998,332,8,2.0
11-04-1998,818,14,3.0
1998-04-17,71,10,3.0
25-11-1998,612,23,3.0
06/05/1998,313,18,4.0
09 Aug 1998,1455,1,4.0
1998/08/30,1358,21,5.0
05/15/1998,1323,8,4.0
20-09-1998,231,5,5.0
1997/09/26,149,14,5.0
12-01-1998,1080,3,3.0
1998/06/27,1151,4,4.0
14-11-1998,151,23,5.0
23 Nov 1997,1293,7,1.0
18 Aug 1998,215,5,5.0
09-01-1998,5,9,5.0
1997/12/23,176,4,1.0
1997-03-13,206,7,4.0
1998-12-15,1394,6,5.0
12-04-1998,1161,18,5.0
06-06-1998,901,12,2.0
1998-08-20,1295,22,2.0
1998/01/10,807,4,4.0
01/23/1999,364,11,3.0
19 Sep 1998,942,11,
13 May 1998,1296,24,1.0
11/14/1998,300,20,3.0
06/03/1998,625,15,4.0
1997/07/19,59,3,5.0
1998-07-08,613,22,4.0
1997/07/14,491,11,5.0
1997-01-30,1305,14,4.0
07/21/1998,1508,22,5.0
09/21/1998,295,23,3.0
1998-09-27,581,18,4.0
1997-08-01,91,4,2.0
05/18/1998,840,11,1.0
22-09-1997,215,12,1.0
02/05/1998,245,20,3.0
05 Jun 1998,518,11,1.0
09 Jan 1998,672,11,3.0
03-12-1998,231,18,5.0
03/26/1998,1139,22,3.0
05 Jan 1999,1190,18,4.0
26-09-1998,732,10,1.0
12/29/1998,20,7,5.0
1998-01-22,845,6,5.0
22 Dec 1997,1426,9,
1998-11-27,1295,3,5.0
09/29/1997,965,4,4.0
02 Oct 1997,1167,6,5.0
27-11-1998,291,14,3.0
1998/12/25,625,11,1.0
03/05/1997,1260,3,1.0
1998/04/17,1397,3,4.0
08/30/1997,438,11,4.0
12/31/1997,831,9,5.0
1999/01/04,1220,14,4.0
29 Jul 1998,728,8,2.0
1997/02/13,754,7,5.0
1998-05-21,231,19,5.0
1997/07/19,703,7,4.0
,1426,14,2.0
1998/01/16,965,15,2.0
14 Jun 1997,980,5,5.0
18-10-1997,287,3,5.0
1997-09-22,1364,14,1.0
1997/08/12,1353,15,
09/05/1998,1536,9,3.0
24 Jul 1998,850,21,5.0
1999-01-27,478,2,5.0
07 May 1997,287,3,1.0
03/20/1997,1380,6,5.0
22 Feb 1997,1552,10,1.0
1998/01/26,1402,22,4.0
28 Jun 1997,185,4,3.0
24-12-1997,835,4,3.0
1998/05/18,1452,6,1.0
1997-09-23,735,4,5.0
1998-07-08,1552,10,2.0
1999/01/16,20,9,2.0
1998/07/15,1027,14,1.0
23-08-1998,1097,9,4.0
15 Dec 1998,1442,9,5.0
07/19/1998,741,5,3.0
11/30/1998,1260,3,3.0
09/22/1998,1457,17,2.0
1998/04/14,64,4,4.0
23-11-1998,61,3,3.0
01/04/1998,215,18,5.0
26 Nov 1998,231,23,4.0
06/13/1998,198,10,3.0
01/06/1999,754,3,1.0
18-10-1998,1390,24,1.0
1998-01-07,215,12,3.0
10-09-1997,685,9,1.0
1997/12/29,748,2,5.0
05 Jul 1997,969,3,3.0
06 Jan 1999,198,3,1.0
27-01-1999,802,14,2.0
11-12-1998,48,13,3.0
09/14/1998,85,3,1.0
21 Feb 1998,1509,14,3.0
11 Oct 1998,421,5,1.0
12/30/1998,837,3,3.0
07-01-1999,414,13,3.0
08/09/1998,246,14,3.0
22 Nov 1998,1189,14,5.0
1997-11-17,1293,14,3.0
29-08-1997,789,11,3.0
12-08-1997,262,18,2.0
09/06/1998,1467,1,2.0
10 Oct 1997,829,11,2.0
17 Apr 1997,1250,11,1.0
08/13/1998,1001,6,1.0
1998-01-23,231,18,1.0
10 Sep 1998,300,18,4.0
1997/09/20,1212,18,2.0
18 Dec 1997,672,1,5.0
23-11-1998,864,19,3.0
1998/04/09,1452,11,5.0
11 Oct 1997,754,18,1.0
1998/07/13,287,12,3.0
05/01/1998,231,17,5.0
29-03-1998,1139,21,5.0
15 Mar 1997,1172,2,4.0
05-05-1998,168,9,2.0
1998-08-26,48,11,3.0
27-04-1998,1380,5,2.0
23-07-1997,1429,2,3.0
05/18/1997,613,5,5.0
1998-03-26,215,4,5.0
23 May 1998,414,14,1.0
1998/03/27,246,1,5.0
09/17/1998,1106,18,4.0
1998/01/31,1380,8,2.0
1998-04-20,20,14,1.0
1998-03-27,802,10,2.0
1998-10-03,1147,18,1.0
10/11/1998,219,17,3.0
1998-09-06,251,9,1.0
01/08/1998,835,18,4.0
13 Dec 1998,822,7,2.0
04/09/1998,287,18,1.0
22-11-1998,246,3,2.0
20-05-1998,764,8,1.0
09/08/1997,198,3,3.0
21-09-1997,215,9,5.0
07/17/1997,1156,3,5.0
1998/03/20,168,6,
21 Sep 1997,1095,18,2.0
14 Jan 1998,1302,3,3.0
1998-09-17,754,12,4.0
1997/05/15,942,9,2.0
19 Feb 1997,182,4,1.0
1999/01/26,807,3,5.0
06-04-1998,215,12,2.0
19-07-1998,1139,18,2.0
1999-01-21,1105,7,2.0
22 Aug 1998,549,3,2.0
1998/05/24,896,24,4.0
1998/05/26,1380,8,1.0
1998/07/13,416,10,3.0
07/04/1998,1172,12,2.0
1997/04/08,533,14,4.0
06-06-1997,231,12,5.0
12/05/1997,168,5,
11-11-1998,64,4,4.0
09-03-1997,20,5,5.0
12/30/1998,864,5,2.0
01/21/1999,1127,11,4.0
04-02-1998,494,7,5.0
1998/10/27,54,13,4.0
07/24/1998,681,5,4.0
27-03-1998,563,18,4.0
1997-12-01,1280,5,
30 Dec 1997,1200,10,2.0
20-11-1997,1421,14,5.0
27 Apr 1997,556,3,2.0
17 Mar 1998,1161,11,3.0
1997-07-05,835,8,3.0
1998/09/29,1293,23,4.0
28 Nov 1998,864,6,4.0
1998/10/20,1214,12,2.0
1997-12-19,1008,18,4.0
03-03-1997,1139,4,2.0
1999-01-21,48,18,
16-07-1998,1139,24,3.0
1998-12-16,231,9,3.0
1998/10/16,1023,2,
25 Jan 1998,1196,8,
04 Jun 1997,1486,3,2.0
1998/05/19,581,6,4.0
09/03/1998,1139,9,5.0
1997/10/01,1089,7,4.0
02 Jul 1998,1353,21,5.0
01/18/1999,367,6,1.0
1997/11/29,854,4,1.0
25-04-1998,3,7,2.0
16 Dec 1998,754,22,5.0
1998/07/31,1539,10,1.0
12/30/1998,348,24,2.0
1998/08/15,556,14,1.0
09/05/1997,1232,1,5.0
10-12-1997,176,4,2.0
1999-01-23,1139,14,3.0
1997-08-11,64,10,5.0
1998-09-23,1063,5,5.0
16 Dec 1998,1068,5,5.0
09-01-1998,310,15,3.0
1998/08/19,1344,7,4.0
1997/05/31,1250,10,
1998-05-24,507,12,1.0
1998/03/11,269,21,4.0
15 Apr 1998,1139,6,1.0
24 Aug 1998,460,19,1.0
26-11-1997,414,14,3.0
1998/06/07,231,3,5.0
12 Mar 1998,1293,4,1.0
04/17/1998,1048,9,3.0
11/17/1997,1429,4,2.0
05/18/1998,1001,18,4.0
1997-09-25,1445,3,5.0
1997/04/12,1426,5,5.0
,1139,5,1.0
05/03/1998,734,13,1.0
1998/08/31,732,14,5.0
1998-12-03,231,9,1.0
12/25/1998,401,10,4.0
1998-08-25,246,24,2.0
1998/10/09,901,12,1.0
1997-06-29,572,2,4.0
13-11-1998,1224,19,5.0
03/05/1998,621,14,4.0
09/23/1998,802,24,2.0
,846,10,5.0
14-11-1998,576,7,5.0
05 Apr 1998,48,13,4.0
1997-09-02,1189,12,5.0
23 Aug 1998,1490,3,5.0
13 Aug 1998,231,23,2.0
1998/06/30,355,2,3.0
12/28/1998,683,18,4.0
14-09-1998,764,8,5.0
1997/02/12,504,3,3.0
14-10-1998,680,3,4.0
1998/08/13,579,11,2.0
1999-01-30,578,22,3.0
03/02/1998,64,15,2.0
1998-06-11,1177,1,1.0
09 Dec 1998,1292,19,1.0
1997/04/13,1064,6,5.0
30-11-1998,600,4,1.0
08-11-1998,413,9,2.0
19 Oct 1997,461,14,5.0
07/06/1998,578,11,1.0
03/27/1998,1183,2,5.0
11 Jul 1997,132,14,5.0
22 Jul 1998,1426,2,2.0
1998-10-26,754,1,4.0
02/19/1998,184,8,2.0
1997-05-20,231,5,4.0
1997-02-07,1508,6,4.0
11 Apr 1997,556,3,3.0
21-03-1998,231,10,1.0
17-06-1998,1452,22,5.0
1998/11/13,231,3,3.0
10/12/1998,621,18,4.0
06-01-1999,73,3,
12-01-1999,764,12,4.0
20 Mar 1998,198,4,1.0
20 Apr 1998,864,18,4.0
1997-05-07,877,5,3.0
09-11-1998,1298,9,5.0
19 May 1998,54,17,5.0
28-06-1997,1305,4,3.0
12/09/1998,502,4,5.0
29 Sep 1998,802,24,3.0
1997-11-15,680,15,3.0
11-08-1998,223,10,4.0
1998-01-15,1016,3,2.0
05/18/1997,578,5,5.0
06 Sep 1998,813,10,
1998/12/08,198,6,4.0
10/01/1998,231,8,3.0
29 Oct 1998,883,5,1.0
02 Nov 1997,80,1,1.0
01 Sep 1998,972,18,3.0
1998/05/17,894,19,5.0
1997-09-15,535,14,4.0
1997-09-06,246,7,4.0
12/15/1997,675,4,5.0
1997-08-16,1016,14,1.0
1997/12/02,1144,7,3.0
03/28/1998,1553,8,5.0
12/07/1998,1429,14,5.0
01/30/1998,754,2,3.0
,1105,8,1.0
11 Sep 1998,120,9,2.0
14-12-1997,559,3,5.0
12/08/1997,905,11,4.0
1997-08-04,116,11,3.0
07 Oct 1998,1139,8,5.0
1998-07-21,625,17,3.0
18 Dec 1997,666,11,5.0
01 Dec 1997,581,1,3.0
1998-03-23,1426,14,5.0
1998-10-21,64,17,5.0
1999/01/23,67,12,3.0
05/02/1997,1250,4,1.0
04-12-1998,149,4,5.0
09/08/1998,994,5,1.0
02 Jul 1997,246,3,1.0
07 Mar 1998,229,23,3.0
1998/07/09,995,17,1.0
23-12-1998,300,5,5.0
1998-06-03,62,7,
29-12-1998,208,14,1.0
1998-08-08,876,4,2.0
05/19/1998,965,22,4.0
1997/05/05,556,9,2.0
29-11-1998,321,2,5.0
24 Oct 1998,490,5,1.0
1997/09/20,352,5,5.0
01/17/1999,578,15,4.0
1997-12-20,1209,18,5.0
1998/08/25,102,7,3.0
1999-01-08,802,6,1.0
1998/05/24,32,18,5.0
04 Jan 1998,231,9,5.0
24-12-1998,295,22,5.0
06/02/1998,1380,3,4.0
1998-01-26,464,10,1.0
1998-09-24,7,3,3.0
1997/09/18,934,14,1.0
,231,19,3.0
27-05-1997,496,3,5.0
25-06-1997,182,14,4.0
07/04/1998,754,7,5.0
03/21/1998,807,12,2.0
26-08-1998,1492,4,5.0
1998-02-28,480,11,5.0
10-01-1999,1394,3,4.0
29-03-1998,556,13,3.0
27-03-1998,789,8,4.0
1997-07-21,1406,6,5.0
1998/01/19,287,14,2.0
14 Dec 1998,1411,5,
28-09-1998,974,14,3.0
1998-03-28,490,23,2.0
11/08/1998,287,3,2.0
1998-08-20,1318,23,3.0
16 Jan 1999,754,22,1.0
02/04/1998,491,11,1.0
1998/04/04,986,11,3.0
25 Mar 1997,1390,14,4.0
03/19/1998,1359,7,2.0
15 Aug 1998,822,11,1.0
11/15/1997,1324,2,5.0
12 Dec 1998,287,23,5.0
14-01-1998,807,11,2.0
26-01-1999,1426,18,1.0
1997-12-18,1293,10,1.0
10-12-1998,1224,19,4.0
1998-10-09,231,11,1.0
1998/05/06,487,3,3.0
21-04-1998,325,5,2.0
18-02-1998,1172,13,3.0
1999-01-26,457,17,3.0
1997/08/23,854,6,4.0
1998-10-18,315,21,5.0
1998/11/15,177,12,2.0
,789,14,5.0
31 Jul 1998,840,3,1.0
1998/04/19,670,11,4.0
1998/11/18,680,5,1.0
08 Sep 1997,504,13,1.0
06/03/1998,639,9,4.0
10 Sep 1998,1293,5,1.0
22-10-1998,383,6,2.0
1998-11-29,1100,10,1.0
1998-01-28,556,3,3.0
02-10-1998,994,20,5.0
20-08-1998,1153,9,1.0
1998/06/07,359,11,
29 Jul 1998,1064,9,3.0
05/16/1998,161,18,
07-06-1997,642,14,5.0
16-05-1997,904,5,3.0
1998/03/23,48,19,1.0
04-05-1997,295,10,3.0
1999/01/15,176,3,3.0
1998-11-19,48,11,5.0
08/03/1998,1323,12,3.0
1998/05/31,1363,5,4.0
19-01-1999,563,8,2.0
1997-07-19,1177,10,2.0
05/16/1998,901,14,5.0
08-11-1998,111,9,2.0
20-04-1997,1153,2,2.0
12/29/1997,280,15,5.0
17 Jun 1997,81,13,4.0
1999/01/22,264,12,4.0
07/27/1998,1148,14,2.0
15 Jun 1998,116,17,4.0
21-06-1998,578,1,3.0
23 Jul 1998,791,14,5.0
01/10/1997,1426,3,1.0
1998-01-11,62,5,2.0
10/07/1998,1295,3,4.0
1998-07-04,212,18,2.0
08/12/1997,830,11,3.0
11-04-1997,20,4,1.0
03/09/1997,982,12,
1997/04/20,732,8,4.0
16 Apr 1998,754,12,2.0
1998-05-10,1224,2,5.0
1998-10-27,1064,12,5.0
09/09/1998,158,19,5.0
06/13/1998,553,7,3.0
1998/07/23,51,9,2.0
07/31/1997,588,14,2.0
1997-04-07,191,1,3.0
11/27/1998,1426,11,5.0
05/13/1998,1400,9,2.0
15-07-1997,1222,12,
30 Nov 1998,1214,7,2.0
21-01-1997,295,15,2.0
27-09-1997,428,14,2.0
1998/08/06,888,10,1.0
05 Oct 1998,185,15,5.0
16-05-1998,1486,11,1.0
13 Aug 1998,1536,17,3.0
03/12/1997,179,11,3.0
09 Mar 1997,1065,10,3.0
23-12-1998,1139,6,1.0
14 Nov 1997,20,5,1.0
1998/01/31,641,3,4.0
1998-11-13,556,6,5.0
1997/09/17,956,18,4.0
1998/12/21,390,14,
1998-07-17,1100,8,2.0
1998-03-31,507,10,2.0
1998-06-23,366,18,4.0
04-08-1997,1379,4,3.0
25 Oct 1998,1111,11,4.0
1998-05-23,647,15,5.0
1998-03-16,1220,4,3.0
17 Jun 1998,54,5,1.0
1997/10/03,1139,11,5.0
07/23/1998,556,13,3.0
23 Nov 1997,1212,2,4.0
1998-03-27,1292,23,3.0
02/05/1998,1230,3,3.0
09/27/1997,1541,6,1.0
14 Aug 1998,703,18,2.0
07/17/1998,355,4,5.0
1998-11-30,198,11,4.0
1999-01-14,535,8,3.0
09-01-1998,1232,4,5.0
1997/07/30,366,2,4.0
1998-11-28,54,1,4.0
1998-05-17,383,24,3.0
07 Jan 1999,382,3,1.0
04/01/1998,1452,5,2.0
01-06-1998,467,24,4.0
29 Dec 1998,1542,24,4.0
1998-04-16,1475,9,4.0
03/15/1998,299,2,1.0
1998/05/15,48,10,1.0
30-12-1998,856,23,5.0
09/23/1997,325,9,2.0
1997-08-26,672,4,2.0
1998/09/12,1383,5,3.0
07-01-1999,215,1,1.0
04-10-1997,1273,9,1.0
11/12/1997,1342,11,4.0
,414,11,3.0
1998/07/03,355,7,2.0
07 Oct 1998,1260,14,5.0
04-06-1998,231,3,1.0
1997-07-12,652,8,1.0
1999/01/17,1064,2,4.0
1998/02/23,537,4,3.0
1997-09-23,231,6,2.0
12/18/1998,1552,5,5.0
,231,3,3.0
1998/04/24,1089,18,2.0
25-10-1997,1212,12,4.0
12 Feb 1998,502,21,
25 Jul 1998,231,14,2.0
1998-03-14,1290,2,1.0
1999-01-04,547,6,3.0
05/25/1998,1172,5,5.0
09/26/1998,535,14,2.0
1997-11-08,982,10,1.0
28 Jan 1997,578,2,2.0
11/27/1998,238,14,2.0
10/25/1998,1005,3,3.0
1998-12-18,457,14,2.0
1998/07/03,1397,2,1.0
22 Feb 1998,1426,22,3.0
24 Aug 1998,149,6,4.0
21 Oct 1998,965,8,4.0
17 Jan 1998,704,5,5.0
16-07-1998,1553,7,4.0
1997/11/21,691,7,4.0
03/30/1998,287,5,1.0
1998/09/14,1273,18,2.0
1999-01-23,592,10,1.0
06/20/1997,1533,1,2.0
17-12-1998,1429,5,5.0
1998/12/02,20,5,5.0
06 Nov 1998,1268,7,5.0
16-02-1998,1341,17,3.0
1998/04/06,1172,3,5.0
12/05/1998,355,7,3.0
08/27/1997,549,18,2.0
12 Apr 1998,287,9,
25-07-1998,699,14,3.0
12/15/1998,1183,14,3.0
09/16/1998,1531,15,3.0
1999/01/27,198,3,1.0
04-04-1998,556,19,5.0
1998-09-16,1457,3,3.0
01 Jul 1998,1293,14,1.0
1998/12/25,1280,17,3.0
08 Nov 1998,231,15,2.0
1998-03-13,1151,22,5.0
1998/01/05,20,8,3.0
23-05-1998,287,7,5.0
1998/10/30,1104,4,1.0
1998/03/25,1433,21,5.0
1997-10-07,965,1,
16-01-1999,1224,9,1.0
06/23/1997,553,7,5.0
08/14/1997,345,4,3.0
1998-11-13,1229,8,5.0
1998-07-26,800,18,4.0
28-05-1998,80,19,3.0
1997-05-06,704,13,5.0
1998-12-09,231,8,5.0
1998/11/26,581,22,4.0
1997-11-04,177,8,2.0
12/26/1997,48,14,1.0
24 Sep 1998,1007,15,5.0
1997/06/16,996,1,1.0
12/12/1998,905,5,1.0
10/21/1998,150,4,4.0
09/28/1997,1220,1,2.0
1998/03/02,1430,14,5.0
24-03-1997,20,13,1.0
1997/12/27,607,14,
1998/12/19,48,16,1.0
09/08/1997,1161,4,3.0
21 May 1998,347,3,2.0
11/23/1998,231,8,1.0
1997-08-26,82,3,4.0
1999-01-21,680,18,1.0
,80,2,3.0
12/06/1998,864,2,5.0
17 Dec 1997,1046,3,1.0
1997/02/10,682,15,4.0
08/11/1997,734,3,2.0
1998/03/13,231,7,4.0
21-08-1997,535,4,3.0
09/11/1997,1228,5,3.0
1998-06-30,399,5,3.0
24 Jun 1998,1064,5,2.0
26 Nov 1998,1293,14,4.0
1997-04-07,1000,5,2.0
01-01-1999,1557,3,5.0
,535,9,2.0
09/20/1998,578,12,4.0
04 Mar 1998,348,12,3.0
1998/05/03,364,3,1.0
1998/11/10,556,13,3.0
01/09/1998,399,5,3.0
16-01-1999,556,23,2.0
23 Dec 1998,48,11,3.0
18-02-1998,708,7,1.0
06/06/1998,48,7,3.0
1998/10/29,231,3,4.0
1998/07/11,231,4,1.0
1997-05-03,105,12,3.0
1998/06/02,1358,11,4.0
05/24/1998,1347,20,3.0
02/11/1997,231,9,2.0
1997-11-17,556,14,2.0
11/21/1997,553,17,1.0
27-11-1998,1063,5,4.0
1997-02-19,1295,13,5.0
11/25/1998,391,18,3.0
11/25/1997,76,20,2.0
07/10/1997,1452,14,3.0
20-06-1997,1273,11,1.0
1998/08/24,384,3,2.0
12/01/1997,1341,3,5.0
,1456,5,3.0
1998-10-16,355,24,4.0
1998/07/18,496,2,1.0
1998/11/17,1214,5,2.0
1997/06/15,1394,3,5.0
1997/07/11,295,6,5.0
16-07-1998,124,11,2.0
1997-12-19,1241,11,1.0
17 Dec 1998,1579,9,4.0
02/27/1998,1260,5,4.0
14-12-1998,680,20,2.0
28-12-1998,876,11,4.0
1998/10/15,1436,11,3.0
20-10-1998,198,7,2.0
27 Mar 1998,535,12,2.0
03 Nov 1997,996,11,3.0
1998/09/16,630,11,3.0
1998-06-09,855,18,5.0
25-06-1997,1245,2,3.0
01/18/1999,691,14,4.0
14-02-1997,231,3,2.0
04/05/1998,495,18,4.0
25 Mar 1997,206,13,4.0
15 Dec 1998,1009,15,2.0
1998-01-27,1326,7,3.0
1999-01-14,535,8,3.0
1997/04/27,1172,5,3.0
25 May 1998,1155,18,4.0
1998/01/03,864,11,5.0
09-07-1998,828,6,2.0
14-09-1998,1415,19,5.0
04 Sep 1998,1527,23,5.0
01/22/1997,1293,7,4.0
1997/10/06,607,7,2.0
12/10/1998,135,18,4.0
1998/12/11,1187,11,3.0
17-05-1997,636,5,4.0
06/27/1998,1105,2,1.0
26 May 1998,1397,1,5.0
14-12-1998,95,5,5.0
1997-07-03,1139,4,1.0
11-12-1998,809,6,2.0
1997-12-04,1257,9,2.0
11-06-1998,864,3,2.0
14 Jul 1998,131,18,1.0
1997-07-14,840,4,4.0
17-06-1998,1348,2,1.0
1998-09-19,1153,11,5.0
1999/01/13,699,5,4.0
1998/07/28,1172,4,1.0
1998/12/10,228,21,2.0
21 Mar 1998,1443,20,2.0
1997-08-28,734,11,1.0
1998/05/03,1426,21,3.0
1998-01-18,813,3,1.0
12/25/1998,1153,5,5.0
1998/07/31,704,17,4.0
1997-08-22,740,5,2.0
1998-11-04,61,10,5.0
05/30/1998,383,8,3.0
1997-05-11,610,7,1.0
12/12/1998,1,24,3.0
07-08-1997,556,14,4.0
1997/03/01,1139,2,4.0
25-12-1998,612,13,
1998-07-14,399,4,4.0
1998/12/19,36,11,4.0
07/19/1998,62,2,1.0
24-05-1998,734,3,5.0
1997-07-31,681,9,2.0
05/13/1998,675,14,2.0
1998/12/16,149,18,4.0
1999/01/19,1494,3,
1997/09/21,20,3,1.0
29-10-1998,556,8,5.0
1998/08/10,741,22,3.0
1997-06-03,399,14,3.0
1997-02-16,1015,11,3.0
01/25/1998,864,18,5.0
03 Jan 1999,300,4,2.0
30-07-1998,1542,9,4.0
28-02-1998,48,3,4.0
1998-05-06,1382,5,2.0
25 Jun 1997,421,14,2.0
1997-12-12,231,14,4.0
17 Sep 1998,1415,10,1.0
1998-03-13,1105,2,3.0
15-12-1998,1452,17,2.0
25-07-1998,985,1,2.0
1998-08-08,602,10,2.0
1998-08-14,1318,2,1.0
07-12-1998,564,24,3.0
1998-08-01,293,5,2.0
20 Feb 1998,279,14,2.0
11/13/1998,1064,14,4.0
29-09-1998,1250,18,2.0
14-08-1997,1250,1,2.0
15-07-1997,198,3,4.0
1998/07/04,825,11,
1998/01/03,185,14,4.0
01-05-1997,1196,9,2.0
03/23/1998,808,23,2.0
19 May 1997,1295,3,2.0
1997/07/27,1139,11,3.0
1997/09/30,231,14,4.0
09/24/1998,1133,3,3.0
04 Dec 1998,1457,14,2.0
1999-01-06,761,1,3.0
1997-06-12,1064,15,3.0
21-07-1998,612,8,5.0
1998-10-03,226,14,5.0
1997/01/07,498,11,2.0
16-12-1997,680,9,5.0
26-10-1998,1248,18,1.0
11/17/1997,295,5,3.0
1997-08-19,599,6,3.0
08-08-1997,20,11,1.0
22-09-1997,36,18,2.0
1998/07/28,613,20,5.0
12 Jun 1997,51,13,5.0
03/12/1998,1172,14,5.0
09-08-1998,970,7,2.0
29 Oct 1998,67,11,1.0
30-12-1997,300,4,1.0
07 Feb 1999,1073,18,2.0
02/15/1997,1266,14,3.0
1997-09-16,1109,7,4.0
1998/06/09,491,23,3.0
1999-01-08,36,7,5.0
12 Jun 1998,118,3,3.0
1998-11-08,1299,7,5.0
1997-08-19,864,14,5.0
17-11-1997,556,11,1.0
1997-04-08,1508,8,2.0
04/03/1998,20,22,5.0
11/28/1998,37,19,1.0
01-12-1997,285,14,4.0
1997/11/05,215,7,5.0
1998/05/23,1531,3,4.0
02/28/1997,1121,13,2.0
04/12/1998,574,1,3.0
27-10-1998,231,1,2.0
06/20/1997,1177,3,2.0
11/19/1997,1471,3,1.0
01 Feb 1998,507,17,3.0
17-02-1997,1260,8,5.0
1997/11/13,231,4,3.0
1998/06/18,183,8,1.0
30 Dec 1998,20,23,1.0
1998/01/14,48,18,5.0
24-10-1998,1222,9,3.0
1998-12-04,1468,8,5.0
1997-07-03,1172,4,2.0
17-03-1997,1393,11,2.0
1998/07/22,1097,3,2.0
,383,21,5.0
11-03-1998,864,21,4.0
08-10-1997,1293,11,4.0
26 Nov 1998,684,9,5.0
1997/09/06,151,17,
04/27/1997,20,5,5.0
05/08/1997,231,10,2.0
04-06-1997,614,8,1.0
22 Jan 1997,658,14,1.0
1998/08/25,1106,5,4.0
01/07/1999,1139,9,5.0
06-07-1998,143,18,2.0
08-04-1997,662,14,1.0
1998-04-14,1139,4,5.0
06/30/1998,813,9,4.0
21-06-1998,1257,12,4.0
04 Jun 1998,20,8,1.0
14 Jan 1998,234,1,5.0
26-12-1998,748,21,1.0
06 Feb 1999,1124,13,3.0
17-04-1997,48,3,1.0
06/04/1998,231,11,4.0
05-09-1997,287,15,2.0
09/20/1998,1452,5,1.0
1998/04/20,769,5,3.0
30 Jul 1998,1552,10,1.0
1998-11-08,556,2,4.0
24-07-1997,467,5,
1998/06/20,1196,4,4.0
17-04-1998,514,5,3.0
10 Apr 1998,149,13,5.0
1998/07/09,764,7,1.0
29 Sep 1998,1064,3,5.0
11/20/1998,231,9,1.0
1998/04/22,802,22,1.0
09 Jul 1997,300,10,5.0
02-07-1998,680,17,2.0
1998/07/01,611,15,1.0
07/23/1997,807,13,3.0
02/16/1997,1539,11,4.0
1998/02/16,965,15,
,109,8,5.0
29 Dec 1998,1064,12,5.0
1998-09-22,32,18,2.0
04/18/1998,1224,16,2.0
20 Aug 1997,1531,14,5.0
07/25/1998,547,3,5.0
11 Apr 1998,287,5,5.0
24 Jan 1999,231,5,2.0
02 Sep 1998,238,3,4.0
1997/07/23,1106,2,4.0
1998-02-04,1021,12,5.0
1998/10/05,845,18,1.0
1998/06/02,231,3,3.0
1998/12/05,1442,8,3.0
25-11-1997,754,14,5.0
20 Dec 1997,82,8,3.0
06 Mar 1998,1040,13,3.0
11 Nov 1998,231,10,5.0
13 Jan 1999,869,18,3.0
1998/11/04,500,24,4.0
17-05-1998,98,3,5.0
21 Feb 1997,1293,7,5.0
05/25/1997,675,10,3.0
1998/01/20,1057,14,5.0
1998/05/03,48,9,5.0
07-02-1998,578,11,2.0
1997/09/15,1254,11,5.0
1998-05-23,48,21,
1998/11/19,1066,11,2.0
08-12-1998,727,2,5.0
27-06-1997,807,5,1.0
1998/04/10,1064,23,5.0
1997/03/05,840,5,4.0
03/29/1998,1139,12,5.0
1999-01-20,188,14,5.0
1998-12-01,864,16,1.0
10/18/1997,689,3,5.0
1998/05/14,491,3,3.0
13-04-1997,727,11,5.0
1997-06-02,48,5,4.0
1998/05/06,1172,22,5.0
1998/11/10,20,14,5.0
1997/10/22,150,17,5.0
12/15/1997,1177,1,5.0
1997/07/10,552,8,2.0
1998-12-30,177,12,2.0
09/22/1997,1457,2,1.0
29-12-1998,355,12,4.0
1998-01-06,48,4,
25 Aug 1998,791,14,1.0
10/12/1998,176,17,1.0
25 Nov 1998,1202,13,5.0
1997/08/02,1196,3,5.0
01/25/1999,244,7,5.0
22 Dec 1997,1232,4,4.0
03-11-1998,948,23,3.0
1998-12-26,901,9,5.0
04/14/1997,622,5,2.0
1998/04/26,901,5,3.0
31-01-1999,703,2,2.0
1998/09/17,54,9,3.0
1998-07-15,498,10,3.0
1997/04/04,1082,7,4.0
1998-01-14,556,5,1.0
1997-10-26,843,11,3.0
30-08-1998,1334,21,1.0
1998/10/02,45,22,2.0
20 Sep 1998,1397,3,4.0
29-06-1998,1309,21,2.0
1998-03-19,1219,4,3.0
05/01/1998,556,5,3.0
26-07-1997,231,4,5.0
19-05-1998,1017,17,1.0
21-05-1998,365,3,4.0
26 May 1998,464,24,5.0
12/19/1998,54,14,4.0
02/13/1997,554,6,5.0
01/08/1999,1173,8,2.0
23-03-1998,1096,12,3.0
29-10-1998,85,18,1.0
02 Jan 1999,578,12,4.0
1997/06/22,1408,10,1.0
1997/12/05,185,14,4.0
1998/02/20,333,5,1.0
1998-07-31,1554,11,1.0
08/16/1997,394,4,5.0
1997/01/25,869,3,1.0
1997-06-22,231,14,5.0
27 Jun 1998,741,11,5.0
12/21/1998,741,2,2.0
1998-04-29,1139,10,4.0
06 Jul 1998,1161,4,5.0
04/07/1998,285,2,3.0
1999-01-27,1306,20,4.0
1997/11/21,1426,14,
1998-05-25,124,21,1.0
1998/11/09,1202,3,1.0
1998-01-02,675,15,3.0
1998/07/16,1090,18,3.0
08-07-1998,672,3,2.0
1997/12/08,1149,12,4.0
1998-01-02,1295,4,1.0
02/06/1999,1407,5,3.0
1998-08-04,1172,18,3.0
02 Oct 1997,1426,9,4.0
02-01-1999,1234,9,1.0
1998/12/30,735,15,5.0
1998-08-16,921,5,5.0
04/25/1998,231,18,1.0
24 May 1998,1027,14,4.0
1998-03-30,573,11,5.0
1998/09/30,612,9,5.0
16 Jul 1997,271,14,5.0
18-06-1998,837,2,1.0
08 Jun 1998,539,9,3.0
21 Oct 1998,1359,12,4.0
06/27/1998,556,18,1.0
02-11-1998,426,10,5.0
09/27/1998,515,18,2.0
24 Jun 1998,1332,10,5.0
19-05-1998,51,2,3.0
1997/05/24,1139,5,4.0
1998/05/28,1186,8,5.0
29 Aug 1998,1402,4,4.0
25-11-1997,198,9,
1997-12-18,479,3,4.0
16 Dec 1998,1265,11,1.0
1998/08/16,1124,7,4.0
1998/12/14,556,8,4.0
28-08-1998,1230,15,1.0
1998-06-18,1257,11,2.0
1998-06-17,399,5,4.0
10/21/1997,1426,4,2.0
1998-08-08,1426,21,1.0
17-04-1998,625,14,4.0
1999/01/02,1426,8,2.0
1998/08/04,1172,7,3.0
1999/01/30,1292,17,2.0
28 Apr 1998,1266,7,1.0
18-09-1998,1127,14,
14 Dec 1998,1139,23,3.0
1997/10/04,168,15,1.0
1997-10-08,280,9,4.0
1998/04/14,21,9,2.0
09-09-1998,1080,4,1.0
03 Apr 1998,717,14,1.0
1998/04/11,1443,18,1.0
01-08-1998,378,9,1.0
18 Oct 1998,198,7,3.0
1997/10/16,287,13,4.0
18-07-1997,233,2,5.0
1997-03-01,262,2,1.0
1999-02-02,864,5,2.0
1998/10/14,93,14,4.0
11 Mar 1998,1067,22,3.0
1998-04-13,432,10,1.0
1998/01/12,1426,2,4.0
11/06/1998,898,14,4.0
1998-09-15,413,15,3.0
1999/01/18,1102,14,2.0
1998/08/20,1293,22,4.0
13 Jan 1998,1531,16,3.0
09/14/1998,1380,4,5.0
1998-08-11,107,3,
10/04/1998,64,5,5.0
09/29/1998,383,8,5.0
1998-01-03,1139,6,3.0
01-12-1997,186,18,4.0
06/11/1998,754,19,5.0
01 Jul 1998,878,22,1.0
11/23/1997,976,1,
1997-03-09,1295,7,1.0
17-12-1998,843,3,2.0
10/04/1998,48,8,5.0
18-02-1998,231,13,3.0
17-06-1998,958,12,3.0
06/04/1998,467,24,4.0
09/25/1998,231,17,2.0
22 Dec 1998,581,4,
08-06-1998,1219,9,4.0
22 Apr 1997,109,11,2.0
09/28/1998,1114,12,4.0
18-03-1998,965,22,4.0
1998/11/14,80,7,2.0
02/17/1997,364,8,1.0
1998/07/25,364,16,2.0
09 Sep 1998,835,24,3.0
1998-07-07,1172,4,5.0
17 Nov 1998,1293,3,3.0
28 Jun 1998,1509,17,4.0
1998/03/26,176,11,1.0
10-01-1999,778,18,3.0
1998-10-17,531,2,2.0
1998-07-06,500,7,1.0
26 Aug 1998,1169,7,1.0
03/20/1998,465,14,2.0
1997-12-22,1178,4,3.0
06-02-1999,1358,18,3.0
27 Jul 1998,1492,3,1.0
1997-04-29,1027,14,3.0
1998/08/17,680,3,4.0
1998-09-02,1348,22,5.0
04/16/1998,493,17,4.0
18-07-1997,98,5,2.0
1998-04-28,1457,5,3.0
1998/11/30,994,20,4.0
03/20/1998,149,13,1.0
1998-03-11,837,5,3.0
30-03-1998,408,20,2.0
1998/04/13,917,4,1.0
05-07-1998,260,10,1.0
19-12-1998,48,17,5.0
10 Jan 1998,562,14,2.0
09/05/1998,1457,11,5.0
20-04-1998,28,1,1.0
01-12-1997,802,5,5.0
08/04/1997,613,8,3.0
15 Jan 1999,1220,8,5.0
11/10/1998,238,12,5.0
1998/04/21,231,4,5.0
06-11-1998,231,7,2.0
02 May 1998,636,14,2.0
1997/11/08,830,19,4.0
1998-07-30,44,22,1.0
02/08/1998,934,20,4.0
23 Aug 1998,901,18,3.0
1997-02-16,748,5,3.0
07/20/1998,949,16,5.0
01/27/1998,20,22,3.0
1998-08-03,720,4,2.0
15 Jul 1998,1139,21,2.0
1998-12-01,958,8,4.0
21 Jun 1998,778,18,3.0
21 Jun 1998,1148,13,4.0
17 May 1998,350,7,4.0
11/27/1998,578,18,2.0
14-03-1997,271,5,4.0
01/03/1999,1211,19,4.0
1998/03/13,1426,14,3.0
1997/02/10,666,8,3.0
1998-11-23,578,18,3.0
1998-01-04,807,6,1.0
29 Oct 1998,615,1,2.0
1998/11/28,1371,24,2.0
12 Mar 1998,433,15,4.0
1997-07-26,1509,6,2.0
07/01/1997,1045,8,1.0
18-11-1998,813,23,2.0
1998-07-03,48,5,1.0
1998/08/29,1280,6,3.0
1997/03/19,1390,10,3.0
05/16/1997,231,11,5.0
12/30/1998,496,11,3.0
1998/10/20,246,8,4.0
1998/03/29,1492,10,1.0
20 Dec 1998,976,14,2.0
13 Jul 1997,807,15,2.0
09/29/1997,898,14,1.0
12/14/1998,364,3,1.0
17 Aug 1998,802,3,1.0
10-11-1998,1224,18,5.0
10 Sep 1998,402,23,3.0
28 May 1998,287,14,3.0
23 Jan 1998,1117,8,4.0
21 Jan 1997,994,3,3.0
22-01-1999,1273,5,2.0
02 Jan 1998,504,4,2.0
22 Dec 1998,149,4,2.0
1997-12-10,622,4,1.0
1997/06/14,754,14,5.0
02-01-1999,641,18,3.0
21 Apr 1997,1457,12,4.0
08-07-1998,1192,11,4.0
1997/07/09,1336,10,4.0
10-11-1998,1064,14,
30 Aug 1998,1531,3,5.0
04 Sep 1998,1224,11,5.0
07-11-1998,1212,3,3.0
15-04-1998,680,3,2.0
09/24/1998,537,4,1.0
16-04-1998,1105,19,4.0
1997-08-10,231,1,1.0
1998-10-18,417,10,2.0
09 Sep 1998,1527,8,2.0
10-08-1998,20,18,1.0
13 Sep 1998,20,5,2.0
1997/08/24,1520,17,2.0
05/01/1998,20,9,1.0
02-03-1997,1172,14,1.0
22 May 1998,1209,17,5.0
15 Feb 1998,982,6,2.0
11 Aug 1998,1224,10,1.0
15-03-1997,1089,2,5.0
1997/06/14,246,14,4.0
1997-09-28,166,2,2.0
1998/05/25,295,3,1.0
09/16/1998,231,24,4.0
02/12/1998,295,18,4.0
1998-04-12,48,7,5.0
1998/02/01,1397,14,3.0
09/07/1998,260,17,4.0
05/03/1998,1131,4,3.0
1998-12-27,804,9,2.0
1997/10/05,1426,6,3.0
03-11-1998,578,16,1.0
15-09-1998,231,6,3.0
04/15/1997,149,5,1.0
1998/11/06,500,8,3.0
1998/08/23,231,10,5.0
20 Nov 1998,862,23,1.0
1997-07-10,573,7,4.0
11 Sep 1998,1112,5,4.0
1997-12-26,556,11,1.0
1998-12-15,1293,14,3.0
18 Jul 1997,166,4,4.0
1998-08-26,41,10,1.0
02-07-1997,898,11,3.0
10/06/1998,300,7,2.0
1998-06-04,1487,14,1.0
29 Oct 1998,355,11,3.0
22 Aug 1998,385,9,2.0
1997-04-16,224,8,2.0
1998-08-17,231,3,4.0
08/14/1997,1426,3,2.0
16-01-1999,1488,6,2.0
1998-11-25,256,10,2.0
17 Mar 1998,822,21,3.0
05/30/1998,1397,4,4.0
09/10/1997,20,13,3.0
07/22/1997,231,17,4.0
1997/05/19,198,14,4.0
08/17/1998,794,17,3.0
21 Apr 1997,1457,12,4.0
05 Mar 1998,1172,11,3.0
10-09-1997,754,4,4.0
1998/03/26,574,5,3.0
1997/04/26,654,15,2.0
10/25/1997,1209,8,4.0
17 Aug 1998,787,8,2.0
12 Jun 1997,1485,16,2.0
1997/09/25,763,3,3.0
1999-01-17,689,11,3.0
05-12-1998,1105,15,3.0
1998-07-01,689,2,3.0
1998-03-04,703,23,4.0
12-07-1998,807,23,3.0
21-01-1999,802,9,3.0
19 Mar 1997,537,13,2.0
1998-11-19,266,1,4.0
1997-08-03,290,12,4.0
1998-01-18,20,5,3.0
1998/05/13,981,9,2.0
13 Nov 1998,1280,20,1.0
07-01-1999,318,5,1.0
1998/08/17,287,1,3.0
26 Sep 1998,1172,4,5.0
1998/12/31,1459,11,3.0
07/29/1998,1260,4,
1998-08-29,949,3,3.0
01/14/1998,1552,15,4.0
12/18/1998,433,3,2.0
11-10-1997,1257,10,1.0
03-02-1999,1487,14,4.0
1998-11-19,1224,12,3.0
1999/01/02,246,5,2.0
04/14/1998,864,18,5.0
04-11-1997,1153,10,5.0
14 Apr 1997,349,13,4.0
06/12/1998,570,3,4.0
1998-05-16,230,1,1.0
1998-05-22,1344,14,1.0
1998/08/02,48,5,3.0
01-05-1998,699,21,5.0
25-08-1997,778,12,2.0
30 Apr 1997,365,10,2.0
19 Dec 1998,885,17,2.0
10-04-1998,215,8,3.0
1998-12-25,305,11,4.0
1997-07-23,581,5,1.0
1998/01/04,1065,11,1.0
1998-03-12,367,1,2.0
1998/11/28,1321,1,5.0
08/10/1997,533,17,5.0
1999/01/03,59,3,3.0
1997/05/25,1064,14,5.0
22-11-1998,246,3,2.0
1998/05/30,692,18,5.0
24 Feb 1998,48,5,5.0
1998/01/25,54,3,4.0
11 Feb 1998,198,12,3.0
06 Dec 1998,361,18,1.0
1998/04/10,153,23,4.0
1998/10/07,779,23,5.0
14 Sep 1998,1245,14,5.0
09-11-1997,1505,3,5.0
1998/05/20,1212,18,5.0
16-01-1998,835,14,5.0
1998-12-18,769,10,3.0
07 Sep 1998,1457,9,5.0
18-11-1997,1266,19,3.0
1997/06/02,1318,7,5.0
14-07-1998,29,15,5.0
15 Nov 1998,636,2,1.0
04 May 1998,1139,11,3.0
21 Jun 1997,260,9,2.0
1998/07/02,399,4,1.0
01 Aug 1998,421,3,1.0
1998-04-30,1112,18,5.0
1997/12/23,500,12,1.0
11-03-1998,1131,11,5.0
07/11/1997,646,13,2.0
1998/03/27,556,2,5.0
1997-04-19,1406,10,3.0
10 Aug 1997,547,17,3.0
06-11-1997,997,11,5.0
06/01/1998,85,10,1.0
1998/01/11,1293,7,2.0
1997-03-02,617,8,4.0
31 May 1998,20,2,1.0
21-02-1998,48,8,4.0
02/27/1998,270,14,1.0
1998-01-11,228,3,2.0
1998-04-02,654,7,
11/05/1998,1167,5,4.0
18-10-1997,287,15,4.0
1997-05-26,1483,11,5.0
1997/04/23,636,5,1.0
13-12-1998,1212,11,1.0
12-04-1998,727,2,2.0
26-06-1998,399,5,4.0
24-12-1998,1465,5,2.0
1998-07-19,1469,7,5.0
04 Feb 1998,345,18,1.0
10/29/1998,1316,3,3.0
12/19/1998,260,14,3.0
1998-12-11,642,24,1.0
1998-01-19,763,3,3.0
1998/12/01,168,21,3.0
17-05-1998,613,5,5.0
10/04/1998,1024,9,3.0
1998/02/13,1355,4,3.0
18-10-1998,231,23,1.0
11 Mar 1998,231,4,3.0
30-06-1998,185,3,4.0
12 May 1997,680,13,2.0
1998/06/15,1209,18,2.0
1998-12-16,300,2,3.0
1997/07/11,1172,1,4.0
1997/07/31,515,7,3.0
1998/10/11,231,11,4.0
1999/01/04,231,10,3.0
06/07/1998,1295,4,4.0
11/12/1998,272,24,4.0
02-09-1998,734,15,5.0
1998-01-14,684,12,3.0
18 Oct 1998,332,11,2.0
1998/02/02,1457,14,3.0
28 Dec 1997,177,11,3.0
10-10-1998,1531,4,1.0
09/08/1998,1286,19,4.0
11/17/1998,1457,22,4.0
1997/08/06,539,5,1.0
1997-02-19,691,10,5.0
1997-03-02,1250,7,
1998/09/18,864,7,1.0
1998/02/10,1513,10,4.0
1997-12-18,1102,19,4.0
18 Dec 1998,318,5,4.0
11 Dec 1997,328,10,2.0
06-06-1998,1429,3,4.0
26 Jul 1998,901,21,5.0
12-10-1998,1520,6,4.0
12/27/1998,982,14,2.0
08/11/1998,740,23,2.0
04/06/1998,633,5,1.0
03/31/1997,578,5,4.0
01/22/1998,1172,11,3.0
1998/03/30,285,18,
30-09-1998,762,3,3.0
06/07/1998,231,17,4.0
1998-08-30,1552,4,
1997-04-25,36,3,5.0
13-06-1997,198,10,4.0
1999-02-05,355,9,4.0
15 Dec 1998,610,10,2.0
1998/06/30,1210,21,1.0
1997-11-21,20,7,4.0
20 Dec 1998,905,5,5.0
1998/09/08,238,14,4.0
1997-08-20,680,4,5.0
1998-12-29,110,12,5.0
18 Dec 1997,666,11,5.0
02/25/1997,85,4,4.0
27 Aug 1998,549,4,1.0
09 Dec 1998,1426,13,3.0
1998/12/22,718,4,2.0
06-10-1998,647,5,3.0
11 Jun 1998,54,11,3.0
1997/10/26,1442,7,2.0
20 Feb 1998,231,18,3.0
03/21/1997,699,4,5.0
1997-10-09,556,10,5.0
30-07-1997,906,3,2.0
12-07-1998,1150,18,4.0
1998/12/20,1293,23,5.0
1997/08/18,419,9,3.0
02/09/1999,901,23,5.0
14 Aug 1998,681,23,4.0
28-09-1998,1095,14,3.0
1998/09/20,1366,5,4.0
1998-12-21,188,23,1.0
18 Apr 1997,556,5,2.0
1998-10-22,232,13,4.0
09-06-1998,399,9,1.0
04/28/1997,1570,8,5.0
1998-03-15,884,6,1.0
1998/01/23,1161,21,4.0
1997-08-21,1153,10,5.0
1998/03/06,1426,3,5.0
08-05-1997,20,4,1.0
02/24/1998,464,7,
13-08-1998,1139,17,1.0
17-07-1997,1163,7,4.0
21 May 1998,1064,18,5.0
23 Mar 1998,48,6,4.0
19 Jan 1999,556,11,2.0
29-05-1998,1139,10,4.0
19 Feb 1998,752,6,1.0
03 Feb 1998,496,10,1.0
02-02-1998,215,10,2.0
04/25/1998,295,2,4.0
06/19/1998,1064,8,4.0
1998/06/21,48,11,5.0
10/16/1998,474,10,3.0
04/26/1997,20,5,2.0
1998-06-24,1177,24,4.0
29 Nov 1997,401,5,4.0
03 Oct 1997,562,1,3.0
13 Jul 1997,1100,9,5.0
1998-12-04,361,14,2.0
07-08-1997,701,3,5.0
1998/03/13,573,5,3.0
1998-08-28,691,4,5.0
26 Sep 1998,965,20,2.0
05/21/1998,215,18,1.0
10/28/1997,464,11,3.0
1998-11-17,1283,11,1.0
23-09-1998,680,2,3.0
1998/08/12,1172,1,4.0
01/01/1998,1095,14,1.0
1997/03/14,1224,5,4.0
1998/10/22,690,1,2.0
1998/06/27,549,19,4.0
19 Dec 1998,754,13,5.0
1998/04/27,864,1,5.0
16-09-1998,153,14,4.0
09/29/1998,313,4,2.0
21 Oct 1997,614,5,1.0
16 Oct 1997,556,4,1.0
11/23/1998,1139,3,1.0
20-06-1997,461,14,5.0
12 Mar 1998,1318,10,4.0
17-03-1997,176,13,1.0
1998/11/14,1275,11,5.0
1997-05-24,1442,11,1.0
17 Dec 1998,1139,12,4.0
14 Aug 1998,716,18,3.0
1998/01/22,457,10,5.0
1998/01/05,1382,9,3.0
29-01-1999,500,24,2.0
1997/11/26,750,14,1.0
1997-12-30,856,11,3.0
1998/10/07,1426,20,3.0
04/16/1997,1509,12,1.0
25-06-1998,198,3,4.0
1998-01-09,1426,4,1.0
05/08/1998,802,23,4.0
19-10-1997,48,10,3.0
1998-11-21,1400,10,3.0
10/30/1998,646,9,5.0
11/13/1997,1452,5,5.0
01/24/1999,198,4,5.0
15-12-1998,556,24,1.0
1998-03-03,583,9,1.0
23-08-1998,143,22,3.0
1998-12-31,365,23,2.0
1998/06/13,231,5,3.0
27-09-1998,98,11,5.0
1998/04/22,1181,22,1.0
11/23/1998,37,14,5.0
04/01/1998,1552,5,3.0
27-06-1998,150,19,4.0
17-10-1998,1533,14,4.0
06/30/1998,1161,3,2.0
14 Apr 1998,76,11,5.0
15-01-1999,204,24,1.0
26 Dec 1997,741,1,3.0
09 May 1998,1426,19,3.0
1998-02-09,20,3,3.0
1997-04-16,1292,5,2.0
15-02-1998,1100,11,3.0
31 Jul 1997,413,8,3.0
1997-03-23,321,4,5.0
1998-10-27,1147,1,1.0
1998/05/06,807,4,4.0
07/08/1998,555,5,5.0
1998-08-12,1153,4,4.0
21-05-1998,638,3,2.0
04 Dec 1998,675,4,
26-12-1998,1468,7,1.0
09/01/1997,215,10,4.0
26 Sep 1997,994,10,
1999-01-19,1393,10,3.0
22-12-1998,1124,3,3.0
1998/10/16,500,12,1.0
1997/04/03,1295,10,4.0
02 Oct 1998,231,15,1.0
11/10/1998,325,23,5.0
1998/12/24,705,5,1.0
10 Sep 1998,760,23,3.0
1998/08/28,1147,4,4.0
06-09-1998,1426,21,
1997/04/16,212,10,2.0
1997-05-07,295,6,1.0
1997/11/06,809,5,3.0
06-04-1997,1382,3,5.0
20-12-1998,491,8,1.0
1998/06/27,1139,3,1.0
1998-08-26,1380,23,
07/04/1998,1457,5,1.0
1998-06-26,598,7,2.0
20-02-1998,613,10,1.0
29 Nov 1998,21,4,2.0
1998/01/24,502,18,4.0
14 Nov 1997,705,9,1.0
1997/02/27,1128,4,4.0
21-09-1998,1293,24,3.0
20 Mar 1998,1544,10,5.0
07-01-1998,578,14,1.0
09/23/1997,1209,7,4.0
,754,8,3.0
1997/02/16,622,8,5.0
1998-10-02,67,5,2.0
02 Aug 1998,822,22,2.0
12/05/1998,149,3,5.0
1998-03-30,1457,19,4.0
12-06-1998,695,14,5.0
07/03/1997,876,1,3.0
14-01-1999,231,1,3.0
02-01-1999,1318,5,2.0
1998-03-09,864,13,4.0
1998/09/26,1001,6,5.0
1997/07/21,1161,7,3.0
1997/04/15,1509,13,3.0
21 Jul 1998,1105,6,5.0
17-12-1998,383,18,3.0
1998-02-17,860,4,1.0
18-01-1999,64,14,2.0
1998/08/24,1173,18,1.0
1998-03-10,1173,18,4.0
11/25/1998,647,14,5.0
10/01/1998,1295,23,5.0
24 Jun 1997,136,9,2.0
09/21/1998,231,1,3.0
21 Apr 1998,48,8,3.0
1998/08/12,231,1,5.0
1998/04/02,1064,3,5.0
07 Aug 1998,1151,4,2.0
1997/11/12,734,5,2.0
1999/01/07,556,11,2.0
1997-07-28,1426,3,3.0
06/30/1998,734,4,
28 Nov 1998,373,11,5.0
1998/10/15,231,18,5.0
07/29/1997,1334,4,5.0
1998-10-19,133,11,4.0
1998/12/25,277,4,5.0
24 Sep 1997,879,14,5.0
1997/10/01,1139,18,1.0
1997/06/29,864,10,2.0
1998-01-04,1254,1,1.0
1998/04/26,1360,11,4.0
1998/05/06,1105,14,3.0
06/09/1998,496,15,1.0
1998/10/22,17,21,1.0
1997-05-31,1100,3,2.0
1997/12/21,426,3,3.0
07/16/1998,231,14,5.0
02 Dec 1998,80,3,1.0
13 Aug 1998,1153,5,3.0
1998-03-02,564,18,5.0
10 Aug 1998,246,22,3.0
1997-06-08,778,2,1.0
26 Mar 1998,414,11,3.0
1997-05-24,1273,11,4.0
05-06-1998,727,18,3.0
04/13/1998,80,3,2.0
01 Oct 1998,287,19,2.0
07-03-1998,48,19,2.0
01/11/1999,501,22,3.0
13 Jan 1999,20,17,2.0
1998-09-21,636,2,5.0
18-06-1998,36,23,1.0
15-05-1998,399,14,5.0
1997-05-27,864,3,3.0
1997/07/29,1464,10,2.0
24-03-1997,287,12,2.0
1998-10-12,647,9,2.0
08-02-1997,1100,11,
1998/04/01,750,3,2.0
1998/08/01,330,10,1.0
21 Dec 1998,864,23,2.0
04-02-1998,675,26,3.0
1997/09/03,231,6,5.0
1998/10/23,581,8,3.0
05/03/1998,65,6,3.0
1997/09/18,843,9,3.0
1997/09/10,1557,15,5.0
1998/01/28,231,18,5.0
1998-02-21,754,5,4.0
30 Jul 1998,231,1,5.0
1998-11-25,699,1,4.0
12-03-1997,1203,5,5.0
1997-05-06,231,4,2.0
20 Sep 1998,1096,13,4.0
1998-10-07,651,14,5.0
1997-01-29,631,7,1.0
1998-06-18,699,8,3.0
10/14/1997,1466,10,1.0
1998/11/25,606,18,1.0
01/17/1999,754,8,5.0
1998-04-10,295,9,1.0
08-06-1998,242,11,4.0
02-02-1998,942,10,1.0
1998-05-18,1139,5,1.0
10 Sep 1998,48,10,4.0
1998/12/21,1173,2,4.0
1998-03-05,1295,6,5.0
1998-02-16,48,14,5.0
1999/01/20,287,13,4.0
12/06/1997,864,19,4.0
1997/12/01,185,14,2.0
08/31/1998,1487,24,5.0
04/16/1997,206,11,3.0
18 Dec 1997,556,6,5.0
11/29/1997,1443,5,1.0
03/07/1997,1172,3,1.0
1998-05-10,54,15,2.0
07/11/1997,20,15,3.0
1997/07/08,315,5,5.0
21-04-1998,213,3,2.0
18 Jan 1999,612,2,1.0
1997/03/02,965,2,
06/04/1998,575,11,4.0
1998/07/09,901,14,1.0
12/03/1998,266,23,3.0
24 Oct 1998,556,3,3.0
1998-04-17,315,5,5.0
23 Nov 1998,246,18,2.0
12-01-1999,149,19,3.0
1998-06-03,1318,19,3.0
1998/12/25,840,6,5.0
07/03/1998,965,20,2.0
1998-12-24,1457,3,4.0
04/06/1997,295,14,4.0
18-12-1997,609,12,1.0
1999-01-26,64,14,1.0
01/27/1998,1426,4,3.0
29 Sep 1997,1380,15,2.0
1998/01/17,1466,4,5.0
17-04-1998,498,10,4.0
08/24/1998,390,19,4.0
02/12/1998,840,14,
05-12-1998,932,9,2.0
02 May 1998,464,12,4.0
15 Dec 1997,1173,3,4.0
10/28/1998,959,18,3.0
1998/05/06,231,7,5.0
1998/04/06,843,20,2.0
26 Dec 1997,1444,11,3.0
16-05-1997,215,5,3.0
14 Oct 1998,246,21,2.0
03 Mar 1997,754,4,3.0
03-04-1998,215,10,5.0
1997-06-16,1318,13,3.0
08-01-1999,1293,2,5.0
19-11-1998,1426,14,4.0
1998/12/31,355,3,1.0
12 Dec 1998,39,8,3.0
10-12-1997,231,4,5.0
02/23/1998,464,3,4.0
02/13/1997,246,5,3.0
1999-01-14,321,7,2.0
08/08/1998,1139,20,4.0
24 Nov 1997,21,5,3.0
1998-04-08,581,18,4.0
18 Nov 1997,1318,20,2.0
1998/08/16,720,18,3.0
1998-06-28,1520,7,5.0
01-08-1998,1139,5,4.0
22-07-1997,864,12,1.0
1998/09/18,1099,10,3.0
25-01-1999,581,9,5.0
1997-08-24,994,14,2.0
1998/04/30,1224,6,5.0
01/05/1999,269,11,4.0
11/05/1998,28,12,4.0
01/12/1998,48,9,5.0
1997/12/22,562,11,5.0
1998-09-02,754,22,4.0
22 Oct 1998,370,7,4.0
1998/11/27,392,5,2.0
03-06-1997,675,5,1.0
13 Apr 1998,847,14,5.0
1998/02/19,1104,5,3.0
02 Mar 1998,994,14,5.0
03/20/1997,1151,2,5.0
1998/05/29,1101,5,1.0
1998/09/17,864,23,3.0
26-12-1998,1089,10,3.0
08/16/1998,215,1,4.0
10-10-1998,1493,21,5.0
21 Feb 1997,1304,11,1.0
01-12-1997,675,11,2.0
24 Sep 1998,231,14,2.0
14 Jul 1997,987,11,2.0
1998-09-11,1426,6,1.0
03 Sep 1997,860,11,3.0
30-12-1997,194,4,4.0
1998-05-11,1200,4,1.0
1998-05-18,535,7,4.0
22 Dec 1998,1469,9,4.0
1997-06-27,515,15,2.0
13 Jan 1999,1549,14,5.0
1997-03-03,20,3,5.0
,754,13,4.0
1998-05-19,151,23,3.0
08/12/1998,1001,11,1.0
29 Sep 1998,159,13,4.0
1998-06-28,1520,7,5.0
05/29/1998,1323,21,1.0
1998-01-07,1064,1,2.0
1998/07/01,696,10,2.0
21 Dec 1997,1342,2,2.0
1998-08-17,91,14,2.0
11/08/1997,1240,12,1.0
07-01-1999,231,15,4.0
1998-09-27,734,6,4.0
1998/07/05,1426,12,5.0
01/10/1998,1509,18,2.0
06 Jan 1998,231,14,3.0
01/12/1997,1267,5,5.0
1998-12-27,246,5,4.0
1998-11-27,613,16,3.0
1998/08/23,535,3,4.0
03/17/1997,807,6,3.0
12/18/1998,549,4,4.0
12/27/1997,384,12,1.0
04/06/1998,497,15,2.0
02/12/1998,520,14,5.0
1997/12/10,220,4,2.0
27-08-1997,778,8,2.0
1998/05/16,972,23,3.0
12-05-1998,20,18,5.0
1998/07/14,965,14,4.0
07-04-1997,1360,3,1.0
21-03-1998,949,11,5.0
04/04/1997,494,16,1.0
09/14/1998,586,24,1.0
1998/11/12,149,5,3.0
1997/04/20,675,3,4.0
10/03/1997,287,10,4.0
11/03/1998,578,13,2.0
09/12/1997,387,14,2.0
1998-12-29,1220,10,2.0
15-07-1997,1421,5,4.0
25 Jul 1997,1100,3,1.0
1997-08-14,427,3,2.0
1998/08/12,449,14,2.0
1999/02/03,802,3,5.0
1998-10-28,1452,14,4.0
1997-08-27,231,7,5.0
1998-04-19,866,3,5.0
10/14/1998,556,18,3.0
19-12-1998,1295,4,3.0
01/17/1998,1293,1,1.0
01 May 1998,284,5,4.0
1998-05-27,864,11,4.0
28 Dec 1997,441,11,1.0
18-02-1998,1530,15,5.0
1997/06/24,366,5,1.0
,1382,11,1.0
03-03-1997,813,7,1.0
21 Nov 1997,246,3,4.0
1998-12-09,1361,15,2.0
27 Aug 1997,996,12,4.0
1999-01-09,792,11,3.0
14-10-1998,847,6,4.0
09 Sep 1998,246,3,2.0
07/23/1998,287,18,1.0
06 Jul 1998,355,17,2.0
1998-11-08,215,12,2.0
07 Jan 1999,1285,5,4.0
03-02-1998,1426,14,2.0
1998-01-21,625,22,3.0
06 Jun 1997,602,4,2.0
11 Sep 1998,1172,18,5.0
1997/12/09,231,11,2.0
1998/02/04,809,12,5.0
1998/06/07,1293,21,4.0
06/27/1997,48,14,2.0
05-12-1998,1507,12,4.0
09/13/1997,1375,2,2.0
1997/11/08,1153,12,2.0
05-09-1998,575,17,1.0
1997-02-18,792,3,2.0
16 Jan 1998,443,5,2.0
01/06/1999,864,5,3.0
26 Jun 1998,421,12,4.0
1998/12/21,707,18,3.0
08-12-1998,1321,5,4.0
1999/01/10,1001,10,5.0
01 Jul 1998,1273,11,2.0
16 Jun 1998,544,11,3.0
07/21/1997,638,11,3.0
08/14/1998,383,7,5.0
08/28/1998,578,11,2.0
1998/12/16,883,15,1.0
1998/10/28,48,11,
31 Jul 1998,1112,18,2.0
06 Dec 1997,556,1,3.0
29-06-1997,1297,4,3.0
27 May 1998,1341,18,5.0
19 Mar 1997,636,14,2.0
1997-07-06,675,14,1.0
10/22/1997,514,13,2.0
1997-02-15,830,11,1.0
01/26/1998,1091,3,4.0
1999/01/28,285,13,5.0
09/05/1997,633,12,2.0
20 Jan 1999,1422,5,5.0
1998/03/13,390,12,3.0
05-11-1997,287,11,2.0
1998/09/10,428,4,4.0
12/30/1997,889,3,1.0
1998-12-03,1426,15,4.0
14-10-1997,1001,18,2.0
1997/07/08,995,4,4.0
07/21/1998,225,11,4.0
1997-02-03,242,8,2.0
04/01/1998,1460,23,1.0
1998/03/31,1446,14,3.0
06/08/1998,711,11,2.0
1998/12/17,675,18,3.0
1998/10/25,1260,6,1.0
05 Jan 1998,68,20,1.0
07/04/1998,1380,5,2.0
08/01/1998,303,11,3.0
28 Aug 1997,1459,2,2.0
12/24/1998,287,12,2.0
25 Aug 1997,467,7,2.0
09/16/1998,232,23,5.0
1998/06/14,344,8,1.0
22 May 1997,1293,3,3.0
25-08-1998,464,14,3.0
08/22/1997,1380,14,2.0
1998-04-24,1483,5,2.0
02/04/1997,955,11,5.0
1998/11/09,802,13,3.0
1998/06/09,1380,14,1.0
05-01-1999,807,12,5.0
05/15/1998,1353,11,5.0
01/15/1999,1293,14,1.0
04 May 1998,966,14,3.0
25 Apr 1997,361,5,2.0
27-06-1998,864,22,4.0
21 Oct 1998,1513,11,3.0
12/29/1997,751,6,4.0
14 May 1998,48,22,3.0
09-10-1997,176,8,1.0
1997-12-05,809,7,2.0
1998-07-31,578,14,4.0
1997-09-16,1109,7,4.0
25-12-1997,825,10,3.0
1997/11/05,913,3,2.0
28 Dec 1997,625,4,5.0
1998/06/11,515,18,5.0
1998-12-31,1380,23,5.0
11/26/1997,1531,6,1.0
05 Jan 1998,637,13,1.0
07 Dec 1998,1112,5,2.0
04/20/1998,1089,22,1.0
29-01-1999,48,2,3.0
1998-09-17,754,14,
11/21/1997,1421,13,2.0
14 Jan 1999,703,14,5.0
24 Feb 1997,1153,9,2.0
1997-03-18,1139,4,3.0
20-02-1998,693,20,2.0
1998-04-26,457,9,5.0
1998/07/15,625,14,3.0
1998/08/03,1293,18,1.0
15 Sep 1997,1046,4,3.0
16 Jul 1998,81,11,
1997-10-26,1426,10,
09 Aug 1997,985,5,1.0
1998-04-01,312,4,4.0
18-03-1998,1139,21,4.0
18 May 1998,149,5,4.0
22 Nov 1998,231,5,5.0
1997/11/30,322,12,5.0
03/14/1998,864,6,4.0
01/06/1998,520,3,1.0
03-12-1998,464,17,4.0
21-03-1998,556,1,5.0
1998-10-20,105,16,1.0
23 Nov 1998,464,7,5.0
19-12-1998,580,3,4.0
1997/12/27,116,12,5.0
02 Jun 1998,82,14,3.0
20-05-1997,864,11,5.0
24 Sep 1998,116,12,1.0
15 Apr 1998,383,17,4.0
1998/06/08,295,13,2.0
1997-02-27,1451,5,4.0
12/21/1998,370,18,2.0
1998/03/24,998,14,
1998/03/18,917,23,5.0
1998-06-07,1139,12,3.0
08 Jul 1998,556,10,2.0
1999/01/17,697,23,2.0
11/04/1997,80,5,2.0
03 Mar 1997,804,10,2.0
05/14/1997,231,7,4.0
1998-06-03,393,3,2.0
10/07/1998,1139,1,5.0
1998/07/16,1172,22,2.0
1997/10/09,231,3,1.0
10/22/1997,556,1,5.0
10/01/1997,1265,3,3.0
1998/12/13,305,7,2.0
18-05-1998,682,11,4.0
1998/02/05,1334,1,1.0
1998-12-02,1153,3,4.0
12-06-1997,1162,7,2.0
10 Sep 1998,717,1,2.0
1998-05-03,279,14,4.0
1998/08/15,401,8,1.0
1998/01/27,384,13,3.0
14-08-1997,231,8,5.0
24-08-1997,880,2,2.0
03/18/1998,625,17,3.0
29-09-1997,535,15,3.0
1998-05-26,231,5,2.0
15-09-1998,1245,4,3.0
06/24/1998,556,11,3.0
05/01/1998,1552,7,4.0
19 Jun 1998,965,14,4.0
1998-08-25,182,13,2.0
1997-02-13,828,13,5.0
05/02/1998,703,3,4.0
17-02-1998,1552,18,2.0
01/02/1999,629,4,
09/21/1998,556,19,5.0
1997-05-30,1397,15,2.0
05 Apr 1998,312,12,5.0
04 Nov 1997,1106,7,4.0
1997/08/16,20,4,4.0
1997/02/17,1280,1,5.0
12/21/1998,1292,3,
1997/05/25,1064,2,2.0
1998/10/20,1273,13,4.0
05 Jul 1998,1422,1,5.0
17 Jun 1998,919,4,5.0
1998/03/20,1470,18,2.0
01/06/1999,843,14,2.0
1998-08-20,464,7,1.0
04/10/1998,864,8,5.0
1997-09-06,1001,10,3.0
11 Dec 1998,898,17,5.0
17-12-1998,1124,7,5.0
24 May 1998,20,4,3.0
09/19/1997,1224,6,1.0
1998-06-07,135,22,4.0
14 Jan 1998,457,7,4.0
02/23/1997,1107,2,1.0
07/10/1998,215,23,2.0
07/11/1998,1109,14,2.0
1997-12-09,185,18,1.0
1997-03-06,581,15,5.0
11/10/1997,556,11,1.0
1999-01-21,1139,13,3.0
10/31/1998,1106,11,5.0
15 Oct 1998,1426,3,5.0
15 Dec 1998,265,5,5.0
10-07-1998,182,5,4.0
1998/06/16,910,19,3.0
20-09-1997,1452,1,4.0
01/18/1999,231,3,3.0
21-11-1997,552,4,4.0
08/31/1997,1280,11,5.0
09/03/1998,535,16,
1997/07/06,48,3,1.0
12 Jul 1998,1106,14,1.0
07-02-1997,355,10,3.0
19 Aug 1998,1172,18,5.0
22-11-1998,591,12,2.0
01/11/1999,996,3,5.0
1998/08/07,1027,9,3.0
15 Jan 1997,1293,7,5.0
17-08-1998,1100,2,
03 Nov 1998,149,13,4.0
02/07/1997,264,1,3.0
1997-01-29,699,1,4.0
1997/05/20,809,8,3.0
1997/05/20,972,10,2.0
10-09-1998,1426,11,
18-07-1997,1380,14,1.0
12/27/1998,835,14,2.0
13 Jul 1998,656,25,1.0
09/19/1997,231,14,5.0
1998-03-07,231,14,4.0
1998/08/31,1494,1,4.0
08 Apr 1998,1177,13,1.0
25-06-1998,399,12,4.0
11/20/1998,536,21,3.0
23-02-1998,450,18,3.0
29 Nov 1997,581,12,2.0
05 Mar 1998,1380,11,2.0
10 Aug 1998,1053,14,2.0
02/14/1998,1172,11,4.0
28 Jul 1998,556,14,4.0
1997/08/31,232,12,3.0
,277,4,3.0
10/09/1998,1382,19,1.0
08 Oct 1998,385,11,3.0
1998-12-06,680,4,5.0
1998/01/22,1312,3,4.0
25 Mar 1998,985,4,4.0
21 Dec 1998,636,6,2.0
08/03/1998,658,10,3.0
03/20/1997,413,5,2.0
1998/03/10,150,18,3.0
09 Sep 1997,231,14,4.0
22 Jun 1997,672,12,
28 Aug 1998,20,5,1.0
1998-04-20,1017,1,1.0
1998-10-25,1457,17,2.0
11/24/1998,901,13,2.0
04 Jul 1998,945,14,3.0
10/21/1997,1172,3,3.0
19-03-1998,642,17,2.0
1998-07-29,884,10,2.0
1998-10-28,613,6,3.0
1998-08-09,440,15,2.0
01/20/1998,405,15,4.0
10-05-1997,1222,2,2.0
1998-11-09,680,3,3.0
09 Jan 1998,287,3,3.0
1998/12/27,133,23,2.0
02/07/1997,728,15,2.0
30 Sep 1997,99,11,4.0
04/03/1997,367,3,
30-01-1998,1434,18,5.0
31-05-1998,355,24,1.0
30 Dec 1997,102,20,5.0
1999-01-04,1277,4,2.0
1997/09/06,539,3,4.0
1997-11-02,1321,2,2.0
01/04/1999,975,8,2.0
12/14/1997,965,17,4.0
12/22/1998,1173,11,5.0
25 May 1998,279,11,3.0
11 Oct 1998,20,13,2.0
1998/07/17,656,14,5.0
12/25/1998,203,23,3.0
1998/11/25,1429,14,1.0
25-01-1999,1293,2,3.0
1998-06-21,675,12,1.0
1998/05/06,332,14,5.0
03/04/1997,1177,3,4.0
1998-11-03,246,5,3.0
17 Jan 1999,1212,18,1.0
14 Oct 1997,1101,18,3.0
1998/09/04,260,10,4.0
20-07-1997,555,16,5.0
25 Jan 1999,1354,14,4.0
1998/10/08,461,19,1.0
1998-08-17,823,23,4.0
1998-06-04,1292,14,4.0
29-04-1997,901,14,3.0
1998-04-23,970,13,1.0
15 Dec 1998,1494,15,4.0
20 May 1998,48,3,1.0
30-05-1997,1098,4,1.0
1997-05-09,465,3,2.0
1998-05-05,1193,14,1.0
19 Mar 1997,1222,5,1.0
1998/07/13,20,4,3.0
1998/03/22,1383,2,3.0
1999/01/22,309,14,2.0
25-08-1998,1280,1,4.0
1998/07/25,135,12,2.0
26-07-1998,999,15,1.0
26 Jan 1999,901,5,1.0
1997-08-26,1131,13,3.0
1998/08/10,1272,19,4.0
16-02-1998,20,23,5.0
04 Feb 1998,476,14,2.0
31 Jan 1998,287,3,1.0
03/16/1998,822,18,5.0
11/29/1998,1460,11,1.0
11/15/1998,478,14,2.0
1997/08/22,1426,11,1.0
1998/06/07,367,17,1.0
1997-05-05,496,9,5.0
18-11-1997,806,14,3.0
1998/02/28,807,5,1.0
1998/08/11,1433,6,1.0
1998-12-31,118,14,5.0
11 Apr 1998,684,6,5.0
1997/08/16,464,12,5.0
11-12-1997,830,18,4.0
1998-01-14,552,20,2.0
13-11-1998,535,8,2.0
12 Mar 1998,38,18,2.0
24-12-1998,295,22,5.0
29 Apr 1997,1192,2,5.0
1998/02/22,1163,3,1.0
29-07-1998,619,7,2.0
1997-08-22,457,12,1.0
1998/08/22,809,11,5.0
1998-04-21,728,8,2.0
27-11-1997,1475,18,
23-01-1999,556,2,5.0
1998/01/27,1220,6,3.0
12/02/1998,994,3,4.0
22-12-1998,1139,21,4.0
07/17/1998,802,12,2.0
1998-11-20,500,14,2.0
10-08-1998,556,22,1.0
03/27/1997,984,3,3.0
1999-02-04,636,14,
03 May 1998,901,10,2.0
29 Dec 1998,556,23,4.0
12/17/1998,1457,8,5.0
01 Jan 1999,1139,5,5.0
1997/09/08,1323,10,1.0
12/05/1997,1380,10,2.0
15-05-1998,46,5,5.0
04/23/1998,1017,11,2.0
24 Jul 1998,615,11,2.0
1998/09/09,970,14,5.0
1998-11-02,1139,23,5.0
1998-10-05,715,4,1.0
12-08-1997,383,10,3.0
24-04-1998,1380,12,3.0
08 Jul 1998,1430,5,2.0
31 Oct 1998,85,4,2.0
1998-10-28,544,21,4.0
28 Nov 1998,185,19,3.0
1998/12/23,1410,2,3.0
1998/11/29,231,3,1.0
07 Apr 1998,48,23,3.0
1998/11/10,850,3,3.0
03 Feb 1998,185,10,4.0
05/22/1998,845,11,4.0
1997-08-14,1148,14,2.0
11/08/1998,1227,10,5.0
15-06-1998,995,8,5.0
25 Apr 1997,231,3,5.0
1997/06/25,1293,3,1.0
1998-06-13,535,3,2.0
07 Jun 1998,48,24,1.0
10/19/1998,1520,22,1.0
1998-12-26,80,15,3.0
10/09/1997,754,1,1.0
10/16/1998,972,23,5.0
10/21/1998,953,11,3.0
05/20/1997,563,10,2.0
17-12-1998,692,9,2.0
1998/08/13,996,11,4.0
11 Mar 1998,661,10,5.0
1998/12/01,231,21,1.0
12/16/1998,20,3,5.0
1998-04-24,464,14,1.0
09/12/1998,843,12,2.0
1998-11-28,231,9,4.0
10/29/1998,231,22,2.0
16 Jan 1998,1105,11,5.0
1998/04/13,1520,23,2.0
1997/05/06,1139,10,5.0
24-04-1998,1457,5,5.0
1998-11-14,477,7,3.0
06/18/1998,376,23,5.0
1998/11/25,149,1,2.0
26 Mar 1998,556,20,3.0
1998/06/28,326,7,4.0
12/13/1998,1260,17,5.0
1998-07-24,496,8,4.0
02 Jun 1997,278,11,5.0
1998-03-29,1175,2,4.0
08-01-1999,346,14,1.0
1997-10-11,1253,12,1.0
07/22/1997,231,17,4.0
1998/05/09,287,18,2.0
09/24/1997,351,4,
14 Dec 1998,267,18,3.0
01/13/1999,365,7,1.0
1998-07-28,367,19,4.0
04/22/1997,1344,28,3.0
1998/09/23,1546,21,1.0
1997-07-29,1409,3,2.0
07 Jan 1999,151,7,5.0
1998-05-08,579,21,2.0
02/01/1999,1380,3,4.0
04-12-1998,1105,9,1.0
01-04-1998,361,4,5.0
15 Jun 1997,59,3,1.0
1999/01/06,1254,10,5.0
10/30/1998,1457,4,3.0
20 Oct 1998,981,5,2.0
10 Oct 1998,783,4,5.0
16 May 1998,1212,11,
02 Oct 1997,48,14,4.0
1998/05/28,1258,18,2.0
11-12-1998,231,11,4.0
1998/07/14,573,23,1.0
1997/08/15,212,3,2.0
10-09-1997,847,17,3.0
1998-07-18,226,14,5.0
18-12-1998,1100,5,5.0
1998/01/08,916,1,1.0
1998-04-19,1172,2,3.0
22 Aug 1998,607,20,1.0
07/08/1998,864,3,2.0
04-12-1998,997,24,1.0
25-05-1998,741,24,1.0
29 May 1997,571,5,2.0
1998-05-31,332,2,1.0
1997/11/21,997,4,4.0
04/29/1998,231,22,2.0
1998-12-19,464,5,5.0
11/07/1997,1353,3,3.0
1998-02-12,106,6,2.0
16 Mar 1998,487,4,3.0
1997-11-30,231,6,3.0
1998/08/16,474,18,1.0
1997-05-17,508,7,5.0
06/25/1998,522,8,2.0
10-01-1999,847,8,3.0
1998/10/30,1064,11,3.0
09/15/1998,1100,21,4.0
17-03-1998,1446,21,4.0
1998-07-31,1172,9,3.0
1998-05-17,701,5,5.0
1997-12-27,962,3,5.0
07/22/1998,1172,21,3.0
1998-11-25,1552,17,1.0
1997-10-01,556,6,5.0
04/03/1998,983,11,5.0
30 Jul 1998,877,10,3.0
02 Jan 1999,496,18,2.0
12/18/1998,581,10,2.0
1999/01/07,1257,21,3.0
1997/04/26,177,3,4.0
07/12/1998,1172,14,1.0
25 Dec 1998,910,1,1.0
1999-01-02,183,17,2.0
26 Dec 1998,556,14,5.0
10/01/1998,1124,6,5.0
04/14/1998,1403,9,2.0
15-03-1998,284,4,1.0
1998/08/27,1293,22,1.0
01/22/1999,678,10,1.0
12/31/1997,556,11,4.0
02 Dec 1997,441,14,2.0
12/14/1998,177,2,4.0
04 Feb 1997,1552,11,4.0
25-11-1997,1212,18,1.0
05/13/1997,546,5,3.0
30 Mar 1997,1112,3,4.0
1997/07/09,965,10,2.0
10-04-1998,1214,12,4.0
1997/04/08,898,6,5.0
09 Oct 1998,1361,12,4.0
17-12-1997,111,7,2.0
1998/06/23,843,6,2.0
26-06-1998,1248,21,1.0
18 Jan 1999,763,3,1.0
1998-11-22,231,15,4.0
08 Oct 1998,1250,10,5.0
12-06-1998,1224,4,4.0
26 Jun 1997,1254,9,1.0
05-04-1998,1064,8,5.0
1997/09/03,965,8,3.0
16-11-1997,789,8,5.0
01-07-1997,864,14,1.0
02 Aug 1998,231,24,3.0
20-07-1997,1139,12,4.0
17 Feb 1997,1293,5,1.0
02/11/1998,592,11,1.0
1998-03-30,365,14,3.0
08 May 1998,333,8,2.0
16-02-1998,621,18,3.0
18-07-1998,80,18,2.0
12/03/1998,1380,3,5.0
1998-12-23,246,5,1.0
1998/05/20,1580,11,2.0
27 Jan 1998,151,3,2.0
20 Jun 1998,594,20,5.0
12/02/1997,965,7,5.0
22 Feb 1998,149,5,3.0
1998/08/22,802,1,3.0
1997/11/25,246,14,4.0
20-07-1998,1100,10,2.0
15-10-1997,1139,3,5.0
19-02-1998,556,8,4.0
12/29/1998,20,7,5.0
01/07/1998,231,15,4.0
22-07-1998,1224,11,2.0
05/27/1998,734,24,3.0
1998-09-23,711,8,4.0
15-04-1997,300,12,3.0
11/18/1998,215,7,1.0
05/14/1997,1227,13,
17-10-1998,693,15,4.0
1998-02-05,806,20,1.0
1997/06/19,1091,11,4.0
1997/09/28,1131,11,5.0
1997-09-09,704,2,5.0
1998-12-09,856,7,3.0
05 Jan 1998,1601,8,5.0
11/30/1998,287,21,2.0
20-08-1998,27,2,3.0
1997-10-16,198,8,5.0
10 Sep 1997,1160,9,1.0
24-11-1997,143,18,5.0
02 Mar 1998,223,3,2.0
26-03-1998,231,10,1.0
1998/01/03,953,4,
16-07-1998,1174,18,3.0
1998/02/21,1500,10,4.0
1997-12-11,1139,14,3.0
01-02-1998,48,11,1.0
1997-07-21,1419,4,2.0
1998/06/14,634,6,2.0
10-01-1999,430,3,1.0
01-05-1998,524,7,2.0
10/22/1997,812,7,3.0
1997/03/15,441,5,2.0
08-01-1999,810,4,1.0
07/30/1998,29,22,4.0
1998-08-11,1422,20,3.0
19-10-1998,1520,21,5.0
13 Nov 1998,226,17,5.0
13-05-1997,569,14,5.0
15 Aug 1998,81,3,5.0
02 Jun 1997,76,3,4.0
1998/02/15,1018,11,4.0
07-02-1999,998,14,4.0
05 May 1997,228,8,3.0
1997/12/24,168,12,4.0
07-04-1998,809,23,5.0
03-08-1997,48,3,5.0
1998/04/23,176,5,3.0
1998/05/13,594,7,1.0
21 Apr 1998,464,18,1.0
21 Jan 1999,498,9,1.0
23-08-1997,958,3,5.0
12/25/1998,1457,23,3.0
09/30/1998,150,18,1.0
08-01-1998,551,11,3.0
11/25/1998,338,20,2.0
05/23/1998,398,10,2.0
06-10-1998,555,3,3.0
29-12-1997,556,5,
22 Oct 1998,778,3,4.0
22-02-1998,1195,10,1.0
1998-04-15,212,3,5.0
1998/12/04,701,3,1.0
1998/07/13,864,14,5.0
27-10-1997,48,10,1.0
07/26/1998,1533,5,1.0
09/24/1997,414,4,2.0
1997-11-09,1195,5,3.0
12/19/1997,916,1,3.0
08/05/1997,1100,3,3.0
1998/08/07,843,23,5.0
01-07-1998,1139,3,3.0
11/22/1997,149,17,1.0
1997/09/30,207,3,1.0
03/24/1998,535,5,1.0
05/08/1998,658,9,5.0
1997-10-29,246,8,2.0
23-05-1998,215,15,2.0
1997/11/15,1165,14,
1997-07-02,1131,14,1.0
12/20/1997,1295,9,1.0
1998-10-23,692,11,1.0
03-07-1997,231,2,5.0
1998-07-13,578,23,1.0
01-08-1997,1280,1,5.0
1997/12/16,1100,19,5.0
02 Jun 1997,575,13,3.0
10-01-1999,901,3,2.0
1998-07-23,64,6,1.0
12/01/1997,231,5,2.0
16-10-1997,675,12,1.0
1997/09/22,231,3,5.0
09-11-1997,252,1,1.0
15-05-1997,1289,15,5.0
1998-03-04,213,4,2.0
19-12-1998,581,1,1.0
22 Dec 1998,901,4,4.0
18-12-1998,1214,21,1.0
05/09/1997,272,5,5.0
08-02-1997,36,8,3.0
1997/03/26,231,7,2.0
1997/11/14,1064,3,2.0
1998/07/30,246,3,3.0
25 Aug 1997,633,1,5.0
02/08/1999,613,24,4.0
28 May 1998,962,18,2.0
1998/09/15,672,3,4.0
07 Jul 1998,699,7,5.0
01 Nov 1998,856,18,1.0
12 Sep 1998,1100,3,5.0
1998-04-08,1466,12,5.0
1998/03/23,1257,23,4.0
17-09-1997,1034,7,5.0
1997-08-21,1553,11,3.0
1998/08/12,864,9,3.0
19 Dec 1998,965,23,4.0
1998/12/11,231,3,2.0
1998-06-06,1558,20,1.0
05/24/1998,185,5,5.0
12/29/1997,843,6,4.0
1998-03-29,946,18,3.0
1998-03-20,611,4,4.0
02/05/1999,1371,8,2.0
10/17/1997,158,11,1.0
15 Sep 1998,562,11,2.0
06-09-1998,361,11,5.0
1997-12-12,689,9,3.0
11-04-1998,182,22,3.0
18-09-1998,1001,24,4.0
06 May 1998,1220,11,4.0
10/26/1997,231,16,4.0
02/01/1999,1546,22,1.0
1998-12-11,1426,3,2.0
1998-12-28,345,18,5.0
23-05-1998,754,18,3.0
06/17/1998,867,5,1.0
07/24/1998,802,18,4.0
08 Sep 1998,1257,5,3.0
1998-12-20,102,2,5.0
07-08-1998,82,5,2.0
1998-06-21,98,10,3.0
1998-11-01,417,10,1.0
14-06-1998,204,18,1.0
1999-01-24,1209,12,4.0
11/23/1998,231,17,4.0
1999/01/04,363,4,5.0
01/03/1998,355,12,4.0
02 Oct 1997,85,5,
21-12-1998,1509,7,5.0
1999/01/21,392,5,2.0
1997/08/16,712,26,3.0
1998-12-27,253,10,3.0
1997-03-22,231,11,4.0
1998-10-29,982,18,5.0
07/03/1997,1165,4,5.0
04-10-1998,985,4,3.0
1998/05/27,1117,4,3.0
1997/11/23,82,14,4.0
04/23/1998,678,18,2.0
08/02/1998,231,12,4.0
1998-05-24,981,8,4.0
1998-11-03,1407,13,3.0
1998/06/19,374,5,2.0
1997-07-19,1380,14,3.0
03/14/1998,54,5,5.0
26 Feb 1997,1539,9,4.0
08 Sep 1998,1112,21,1.0
09/24/1997,1105,14,4.0
1997-09-23,741,15,
05/16/1998,442,24,3.0
1997-12-26,1240,17,4.0
19 Apr 1997,1292,12,2.0
24 Mar 1997,1064,5,2.0
22 Nov 1998,789,13,2.0
1998-11-13,1207,18,2.0
17-12-1998,1293,3,3.0
10/31/1998,355,18,4.0
1998/05/04,206,9,3.0
04/29/1997,1172,1,
02-05-1998,1019,5,5.0
1999/01/03,864,24,1.0
1998/05/26,840,14,4.0
1997-04-11,319,8,1.0
1998-04-20,1153,1,4.0
1998-12-07,845,3,4.0
19 Jan 1998,27,14,1.0
05/07/1997,864,3,3.0
1997/12/20,578,8,5.0
23-04-1998,151,21,5.0
12/23/1997,864,9,3.0
03-08-1997,260,4,5.0
17-06-1998,212,24,3.0
1998-08-04,1139,24,4.0
1997-03-03,676,8,1.0
17 Jul 1997,1260,7,4.0
1998/01/31,54,8,1.0
02 Dec 1998,878,23,1.0
1997-12-06,978,11,2.0
1998-06-22,1086,14,4.0
18 Aug 1998,1531,19,3.0
1998-06-06,1177,13,4.0
1997-08-01,1293,8,2.0
10/12/1998,1293,17,5.0
1998/08/19,231,9,4.0
1998-06-05,592,10,1.0
27-11-1997,231,4,4.0
05/23/1998,1426,1,5.0
09/30/1997,622,1,3.0
1998-04-26,1382,16,2.0
1998-09-15,860,11,2.0
1997/07/10,754,5,5.0
19-06-1998,1380,13,1.0
04-09-1997,231,15,2.0
1999-01-11,809,8,5.0
03/24/1998,231,9,2.0
1998-11-18,1172,4,2.0
05/14/1998,735,14,3.0
1997-09-27,331,7,4.0
1998-04-11,47,1,5.0
16 Dec 1998,602,12,5.0
11 Nov 1997,260,16,1.0
24 Dec 1997,745,4,1.0
21 Sep 1998,1393,18,3.0
16 Jan 1999,182,15,1.0
1998/12/25,419,15,2.0
1998-03-01,326,2,2.0
04/09/1998,751,13,5.0
1998-05-09,1548,14,5.0
13-04-1998,1397,18,2.0
1998-10-28,1172,3,4.0
16-07-1998,1548,6,1.0
14-08-1998,1098,4,3.0
09-07-1998,452,16,2.0
1998-12-10,149,3,3.0
1998/12/17,813,7,4.0
24-01-1998,1457,9,4.0
02-12-1998,285,17,3.0
1997/04/27,231,13,4.0
1997/09/12,312,16,4.0
1999/01/26,358,19,1.0
19-10-1997,212,18,2.0
1997-08-06,912,5,1.0
1998/04/23,1139,2,3.0
21 Dec 1998,188,1,5.0
1998-07-25,231,23,2.0
19-09-1997,425,8,2.0
1997-05-25,123,12,2.0
1997/01/10,246,11,5.0
03/02/1997,1344,9,3.0
1998/06/24,1527,14,1.0
10/27/1998,754,9,1.0
1998/09/20,1429,7,1.0
08/12/1998,204,14,5.0
06/21/1998,802,22,5.0
1999-01-07,864,9,5.0
1997-11-10,20,4,5.0
03/31/1997,835,13,5.0
07/17/1998,1220,6,2.0
26-08-1997,1105,12,1.0
1999-01-12,1316,24,4.0
20-04-1997,767,5,5.0
29 Jun 1998,1172,3,4.0
08-11-1997,105,17,2.0
20-07-1998,399,8,4.0
07/05/1998,204,10,2.0
05/27/1998,1293,6,2.0
30-05-1998,1196,15,3.0
04-07-1997,860,9,5.0
28-08-1997,578,3,3.0
1997/06/01,1535,15,4.0
19-07-1998,1397,21,4.0
07 Jun 1997,64,3,1.0
01/09/1999,464,5,3.0
15-06-1998,843,20,
15-05-1998,741,4,1.0
14-03-1998,600,15,1.0
1997/03/18,1452,13,5.0
23 May 1998,17,18,2.0
29-11-1997,581,11,3.0
1997/02/10,1293,3,4.0
1997/12/04,675,2,3.0
08/25/1998,622,14,5.0
05/22/1998,562,13,5.0
06 Dec 1998,231,22,2.0
05-01-1998,1304,6,5.0
15 Jan 1997,1293,7,5.0
05/29/1998,809,19,5.0
10 Oct 1997,96,5,3.0
31-12-1998,88,2,3.0
12/31/1998,64,18,4.0
1997-12-26,1553,14,5.0
1997-09-04,544,7,5.0
1998-07-09,287,7,3.0
1998/09/25,399,24,3.0
26 May 1998,898,2,3.0
1998-12-29,149,20,2.0
04/19/1998,355,14,5.0
01 May 1998,592,23,5.0
1997/12/09,556,4,3.0
1998-11-15,149,4,3.0
15 May 1997,997,5,4.0
1998-10-15,1163,22,1.0
1998-04-18,300,23,1.0
04/15/1998,611,19,2.0
1998/12/20,98,18,1.0
29-07-1998,675,3,2.0
12 May 1998,477,3,4.0
12-01-1999,329,21,5.0
02-01-1998,118,27,3.0
1998-08-20,1156,10,3.0
11/21/1998,1139,18,4.0
1998/11/19,860,12,4.0
21-11-1998,1514,3,1.0
1998-10-15,519,11,2.0
12/08/1998,1326,18,5.0
11-08-1997,1380,13,1.0
31-12-1998,20,7,4.0
19-12-1997,802,14,4.0
26 Oct 1998,193,4,1.0
1997/05/24,1402,11,2.0
09/17/1997,919,9,5.0
1997/11/15,1452,3,5.0
15-08-1998,1553,11,1.0
29-05-1998,408,9,1.0
1999/01/08,864,11,4.0
21-11-1997,507,19,4.0
26 Jul 1998,1539,5,
1998-01-19,985,12,5.0
10/11/1998,976,6,4.0
09/20/1997,1293,14,5.0
25-09-1998,1487,3,5.0
15 Apr 1998,231,15,5.0
12/11/1998,1168,17,5.0
29 Jun 1998,1065,10,2.0
1998-07-09,246,5,1.0
1998-03-14,494,18,2.0
18-11-1997,864,5,1.0
1999-02-03,1104,12,3.0
02/03/1997,828,9,4.0
1997-08-07,183,8,2.0
11/29/1998,426,20,2.0
1997/09/29,625,4,2.0
04 Apr 1998,850,15,4.0
1997/08/11,1318,3,2.0
06-01-1999,315,10,3.0
,1369,11,2.0
27 Jan 1998,312,22,4.0
10/02/1997,1475,18,3.0
30 May 1998,961,8,
1998/07/15,54,4,1.0
06/07/1998,231,12,5.0
21 May 1997,1250,11,2.0
19-03-1998,734,15,1.0
09-02-1998,745,17,3.0
1998/12/01,556,23,2.0
1998-09-17,311,6,3.0
1998-02-16,48,14,5.0
1998/10/13,1126,7,4.0
1998/10/07,578,7,3.0
09/02/1998,231,9,3.0
1998-08-23,994,19,2.0
05/11/1998,867,23,3.0
1998/06/10,905,5,3.0
10 Apr 1997,1045,1,4.0
01-05-1998,48,7,1.0
1998-05-22,1273,12,3.0
03-12-1998,1293,18,1.0
08 Jul 1998,283,16,2.0
1999-01-17,581,5,3.0
26 Nov 1998,982,4,2.0
1997/06/15,1318,7,2.0
22 Apr 1997,1295,3,1.0
1998-11-18,956,18,3.0
01/03/1999,634,22,1.0
1997/03/09,540,1,1.0
29-03-1998,653,5,4.0
1997-07-23,231,2,1.0
1997-11-11,1349,14,1.0
1998/04/11,612,7,3.0
1998-09-22,231,22,5.0
01/17/1999,901,3,3.0
1998/10/19,1523,20,2.0
12/20/1997,231,11,3.0
04/17/1997,1426,8,
1997-12-21,754,16,5.0
1998/12/17,1355,12,3.0
1998-07-09,122,3,2.0
29-11-1998,843,14,3.0
1998-11-03,901,4,3.0
09-01-1998,215,8,2.0
1997/05/25,1484,3,4.0
1998/06/14,578,18,4.0
25 Jul 1998,307,7,1.0
1997-09-08,556,11,5.0
01 Jul 1997,81,10,4.0
1998-10-24,80,3,1.0
10-02-1998,1426,18,3.0
1998/06/10,348,14,3.0
02 Oct 1998,151,4,2.0
1999/01/01,807,10,3.0
05 Nov 1997,36,4,4.0
1998-09-03,231,8,4.0
01/27/1998,399,3,5.0
1998-10-27,1497,19,5.0
13-02-1997,1260,5,3.0
03 Sep 1997,1295,6,1.0
11 Aug 1998,1506,4,3.0
1998-10-18,1305,23,5.0
1998-03-31,287,5,3.0
11/23/1997,364,17,3.0
22-08-1997,507,3,4.0
16-11-1997,568,1,1.0
29 May 1998,1017,14,4.0
01 Aug 1998,1240,11,3.0
01 Jan 1998,1295,5,4.0
01/17/1998,265,3,2.0
04/10/1998,1426,11,2.0
27 Dec 1998,416,14,5.0
24 Feb 1998,843,18,3.0
30 Mar 1998,48,1,3.0
15 Jun 1998,1064,8,4.0
1998/01/06,231,14,1.0
1998/09/16,672,3,1.0
19 Oct 1998,315,3,3.0
05/25/1998,592,20,
1998-12-10,300,7,2.0
21 Sep 1998,1373,6,4.0
1998/04/23,1153,4,5.0
11/30/1998,368,3,5.0
02-08-1997,1484,14,5.0
1998/12/06,231,19,5.0
1998-11-11,1139,14,1.0
27-08-1997,309,7,5.0
04/03/1998,764,4,5.0
01/20/1999,1298,12,3.0
1997-10-30,972,11,1.0
11/30/1998,231,11,1.0
11/26/1997,1426,7,4.0
19 Sep 1997,612,6,4.0
1998/12/11,300,23,1.0
21-12-1998,556,14,5.0
1998-10-02,1293,24,3.0
08/01/1998,232,19,2.0
11/13/1998,76,11,1.0
29 Nov 1998,633,7,3.0
1998-10-28,729,11,4.0
08 Oct 1997,231,14,3.0
10 Nov 1998,850,12,3.0
1998-10-21,218,14,3.0
26-08-1998,168,22,2.0
18-08-1997,1355,11,5.0
02-01-1999,174,7,3.0
1998/12/24,355,7,5.0
1998/11/29,1101,12,1.0
1998-12-02,198,17,2.0
1999-01-28,1218,18,3.0
07/24/1997,1457,6,4.0
1997/02/22,680,7,4.0
07-01-1998,371,2,
1997-09-21,390,8,2.0
1998-10-23,536,22,2.0
1999-01-16,1456,18,2.0
1998/11/14,533,9,1.0
14-11-1998,214,23,4.0
10/14/1998,1443,11,1.0
1997/02/05,767,7,3.0
10 Sep 1998,1139,8,1.0
1998-04-01,864,1,5.0
09/07/1998,1023,15,1.0
11/22/1998,151,14,2.0
12-12-1997,48,18,5.0
1998-05-17,300,10,3.0
1997/08/18,556,11,1.0
1997/09/19,134,11,2.0
21-04-1998,1426,12,5.0
1998-02-05,1016,12,5.0
25 Nov 1997,1222,2,4.0
05/03/1998,272,3,1.0
,802,2,
01/04/1999,607,7,2.0
05-12-1997,490,4,4.0
10-09-1998,1248,17,1.0
09/13/1998,1030,18,1.0
1998-08-06,490,18,4.0
1999/01/30,581,2,5.0
08/11/1997,1282,1,5.0
29 Aug 1998,85,20,4.0
08/15/1998,1433,6,1.0
1998/03/04,364,11,4.0
12-08-1998,823,4,4.0
11 Jul 1997,332,13,3.0
02/15/1998,917,14,1.0
11 Jan 1999,1023,11,1.0
1997/08/29,1527,5,1.0
07 Mar 1998,198,11,2.0
1998/03/07,1318,4,5.0
1998-06-25,51,21,3.0
1998-11-06,408,3,5.0
26 Sep 1998,802,14,1.0
11-07-1998,692,23,4.0
1997/08/03,662,14,4.0
1998/02/27,260,11,1.0
09-05-1997,80,1,5.0
1998-04-13,1105,7,5.0
08-07-1998,185,7,4.0
10/08/1998,1452,14,5.0
1999-01-02,48,2,5.0
27 Dec 1998,1483,13,4.0
1998-03-20,290,9,5.0
1997-06-25,1293,7,5.0
15 Sep 1998,477,9,5.0
1998/04/24,1045,11,5.0
1997-08-25,850,2,3.0
1998/05/19,105,20,3.0
24-06-1997,500,8,2.0
1998-09-01,778,28,3.0
11/23/1997,808,8,1.0
1998/02/16,555,10,1.0
02/03/1998,246,14,3.0
05/15/1998,556,14,5.0
07/21/1998,419,2,5.0
07/10/1998,602,14,3.0
04 Jan 1999,198,13,2.0
21-10-1997,850,10,1.0
28 Jun 1998,642,13,4.0
1998/12/25,20,16,5.0
1998/10/24,681,2,5.0
1997/06/15,985,14,1.0
1998/10/14,246,13,4.0
05/01/1997,735,13,4.0
27-03-1998,866,21,4.0
21 Sep 1998,939,8,2.0
02-09-1997,416,6,3.0
1998-12-20,1133,5,5.0
02-09-1998,1288,1,4.0
10/21/1998,982,18,1.0
1998/04/06,315,14,2.0
1998/02/05,1139,8,5.0
23-12-1998,1091,10,5.0
09/03/1998,231,5,3.0
03-01-1999,295,9,1.0
1997-11-19,477,14,1.0
13 Oct 1998,1443,24,
1997/08/12,1100,5,
27-12-1998,552,15,5.0
1998-10-13,901,11,5.0
23-06-1998,1139,9,5.0
1998/04/28,998,3,3.0
02/07/1998,231,11,3.0
26-11-1998,1431,13,3.0
1997/03/18,403,11,3.0
02/14/1998,51,11,5.0
06-09-1998,1555,2,2.0
1998/05/09,556,3,5.0
1997/09/07,1017,18,2.0
07/09/1998,754,3,5.0
06/10/1998,972,5,2.0
09-02-1997,691,12,3.0
1997-04-04,64,3,3.0
1998/06/16,1316,3,3.0
18 Jun 1998,478,13,5.0
07 Dec 1998,1487,8,5.0
12/29/1997,109,4,1.0
26 Jun 1997,1435,12,3.0
10 Jan 1998,1100,2,2.0
1998/12/08,1469,5,1.0
07/10/1998,231,3,5.0
05/26/1998,279,23,4.0
09 Jan 1999,1139,11,1.0
1998-03-08,1104,9,1.0
11/13/1998,1442,24,4.0
1998/02/08,1507,19,3.0
06/17/1998,1318,4,2.0
13-04-1997,1397,14,
01/21/1998,110,8,4.0
1998-12-05,3,3,2.0
10/07/1998,762,7,4.0
26 Apr 1997,215,2,3.0
06/15/1998,95,14,5.0
27 Jun 1997,1457,11,5.0
1998/10/08,1509,22,5.0
1998-10-21,1200,11,5.0
1997/10/04,1355,4,4.0
1998-07-11,1109,2,1.0
10 Aug 1997,547,17,3.0
28-07-1998,168,12,2.0
01/14/1999,1544,5,5.0
1998-08-11,321,5,1.0
1998/03/01,717,3,1.0
09/06/1998,977,11,3.0
1997/08/20,769,3,3.0
11 Jul 1998,246,14,4.0
29-12-1997,6,12,5.0
03-03-1998,64,8,2.0
1998-12-20,563,21,1.0
1997/02/28,1426,5,1.0
14-07-1998,496,14,
07-08-1997,122,8,5.0
08 May 1998,1426,8,2.0
1999/01/08,246,3,
,983,8,3.0
1998-09-13,807,14,5.0
22-12-1997,1069,21,3.0
04/21/1998,1290,10,2.0
1998/04/30,54,5,4.0
1998/03/25,142,8,5.0
1998-05-09,1173,22,5.0
1998-08-21,741,3,5.0
27 Dec 1997,1224,1,4.0
27 Sep 1997,901,4,4.0
07/14/1997,535,3,5.0
28-01-1998,231,11,5.0
1998/03/20,1273,21,4.0
1998/07/24,464,5,3.0
1997/07/06,123,5,2.0
19-07-1998,1402,20,1.0
1998-06-04,965,14,5.0
14 Mar 1998,1344,22,3.0
25-05-1997,215,5,3.0
1998/03/03,165,5,5.0
31-08-1998,556,24,5.0
09-01-1999,206,23,4.0
1998/11/07,1139,7,1.0
1997/08/29,527,18,4.0
03-09-1997,1295,12,3.0
01/24/1997,556,4,4.0
20 Mar 1997,837,3,5.0
1998/08/05,1426,20,5.0
08/29/1998,802,12,4.0
13 Mar 1998,20,14,
25-08-1998,422,6,1.0
01/08/1999,754,8,5.0
1998-11-24,612,4,2.0
1998/08/05,1429,17,3.0
01/22/1999,67,16,2.0
04/01/1998,541,17,3.0
17-12-1998,231,8,
02/01/1999,1134,15,4.0
02 Jun 1997,699,5,3.0
31 Dec 1998,377,8,5.0
02/17/1998,621,3,4.0
29 Apr 1998,215,14,1.0
02-11-1998,994,10,5.0
03 Jan 1999,472,12,4.0
08/22/1998,1558,23,5.0
1998/11/17,1013,8,5.0
1998/10/23,1560,12,3.0
1998-03-08,1034,11,2.0
10/30/1998,231,18,4.0
14 Apr 1998,675,7,5.0
20-07-1997,750,6,4.0
12/17/1998,825,14,1.0
02/06/1997,494,4,2.0
19 Apr 1998,1062,18,5.0
12/21/1998,1552,10,4.0
05/24/1998,231,5,4.0
1998-12-22,549,14,4.0
1998-11-18,343,10,3.0
19-03-1998,231,23,2.0
1998/02/20,212,19,3.0
1997-10-13,1172,18,1.0
1998-09-01,90,7,3.0
18-09-1998,390,21,4.0
08-02-1999,51,22,5.0
12/13/1998,395,23,2.0
05 Jan 1998,556,2,3.0
12/01/1997,1111,14,3.0
1998-08-24,288,23,1.0
1998/01/17,1400,9,4.0
12/25/1997,835,5,5.0
12/02/1997,1452,14,4.0
1999/02/01,390,13,2.0
01 Jan 1998,1280,5,5.0
05/31/1998,996,23,3.0
19 Aug 1998,1105,3,4.0
1997-07-03,1552,11,2.0
31 Dec 1998,727,12,4.0
18-08-1997,119,18,5.0
1998-05-17,365,5,3.0
1997-06-26,1293,3,4.0
,592,5,1.0
1998/04/15,287,18,3.0
1998-08-07,1283,5,2.0
11/24/1997,223,5,1.0
1997-03-13,693,15,4.0
1999-01-13,1426,18,1.0
08-02-1997,231,11,5.0
1998/12/20,464,24,4.0
04/14/1998,1104,15,1.0
03/23/1997,507,6,4.0
13 Aug 1997,231,5,4.0
19-06-1998,32,21,5.0
22-09-1998,287,2,3.0
04/25/1998,391,3,3.0
14-08-1998,625,8,5.0
05 Jan 1999,180,14,3.0
1998-08-20,1548,14,2.0
1998/05/31,902,3,4.0
31-03-1998,1555,9,3.0
1998-08-29,325,24,1.0
1998-07-01,1172,13,3.0
09/15/1998,1407,11,4.0
1998-10-17,246,13,1.0
1998-12-20,864,5,4.0
12/24/1997,48,11,4.0
27-11-1998,807,15,4.0
1998-04-02,48,12,3.0
1998-09-04,822,5,1.0
15 Aug 1998,231,21,5.0
23 Apr 1998,553,3,3.0
10/11/1998,231,3,1.0
1998-09-01,1557,7,4.0
1998-12-23,293,7,5.0
08/17/1997,383,2,1.0
1998/02/16,1452,15,1.0
08/25/1998,1064,12,4.0
01 Feb 1998,578,14,1.0
1998-02-20,965,2,5.0
26-11-1997,392,3,2.0
03/11/1998,1380,18,5.0
12-03-1998,287,14,2.0
1998-05-05,591,11,1.0
27-09-1998,1288,11,3.0
1998-12-15,426,14,4.0
,675,4,2.0
11/28/1997,1212,1,1.0
24 Oct 1997,1173,5,5.0
08/16/1997,448,11,2.0
1997-04-27,802,1,5.0
1998/05/23,295,2,5.0
10/29/1997,1001,5,1.0
11/24/1998,375,11,1.0
1998-01-18,20,13,1.0
1998/10/15,248,18,2.0
1998/11/24,1139,15,3.0
02/23/1998,1378,16,3.0
05/15/1998,266,24,4.0
15 Nov 1998,186,18,1.0
1998/11/17,996,17,2.0
06-01-1999,206,11,4.0
10/20/1998,1100,5,2.0
06 Aug 1997,1555,5,5.0
1997-04-28,958,8,2.0
13 Jun 1998,1196,8,4.0
16-01-1999,613,17,4.0
1998/12/29,734,3,5.0
1997/04/04,1172,14,3.0
1998-04-05,691,21,1.0
1998-12-28,613,14,4.0
28-02-1997,1426,8,1.0
1997-03-28,215,14,5.0
12 Sep 1998,154,9,2.0
31-08-1998,901,21,3.0
14-12-1998,1302,9,2.0
20 Mar 1998,490,3,2.0
1998/12/18,231,3,1.0
1997-11-01,1293,11,5.0
12-01-1999,843,7,2.0
10/17/1997,864,18,5.0
1998/02/05,81,2,2.0
15 Nov 1998,1292,14,4.0
23 Apr 1998,467,18,2.0
12/30/1997,1106,3,3.0
06-12-1998,215,4,4.0
1997/11/21,901,2,3.0
17-05-1998,231,10,1.0
20 Dec 1998,636,4,4.0
01 Jul 1998,413,24,1.0
1997/10/28,578,12,3.0
1997-08-14,231,11,4.0
11/12/1998,248,12,2.0
1997/10/08,1102,13,5.0
1998/02/22,82,8,2.0
31 Oct 1998,501,11,5.0
1998-04-29,1139,20,1.0
1997-12-28,1341,9,4.0
1998/12/04,487,4,1.0
1997-12-21,382,3,2.0
23 Dec 1997,1227,14,5.0
01/26/1998,864,7,4.0
1997-07-17,672,17,5.0
1998-12-21,1552,12,4.0
1997-06-30,1260,11,2.0
1999-01-22,1553,18,4.0
1998-04-03,313,23,1.0
04-01-1998,1153,1,3.0
06/12/1998,1064,4,5.0
09/24/1997,1105,14,4.0
02-01-1999,1272,11,3.0
1997/12/16,1519,3,5.0
1997-10-05,758,5,2.0
1998-02-20,965,2,5.0
02/23/1997,21,2,1.0
25-09-1998,1332,14,2.0
26-12-1998,410,13,2.0
02 Dec 1998,1382,13,1.0
05 Mar 1998,246,10,3.0
1997-08-14,20,4,2.0
16 Aug 1998,1105,5,4.0
1998-04-01,226,1,3.0
12/24/1998,556,14,3.0
1997-03-30,1394,13,2.0
1998-11-10,198,3,4.0
1998-02-07,1426,5,4.0
1997/09/28,1442,7,3.0
1998/08/19,503,7,1.0
16-08-1998,392,18,1.0
01-09-1998,365,14,1.0
1998/05/07,1139,11,3.0
20 Nov 1998,556,22,3.0
02/26/1997,666,1,5.0
08 Dec 1998,1105,18,5.0
06 Jun 1998,197,2,3.0
1997/08/19,231,3,2.0
29-07-1997,1072,4,2.0
1997/07/21,838,12,2.0
04-09-1998,595,11,5.0
29 Jan 1999,807,9,5.0
22-08-1998,734,7,2.0
1999-01-31,300,20,1.0
12/14/1998,271,23,5.0
1998-05-26,20,11,4.0
01/11/1999,1008,15,5.0
1997-05-21,1001,2,1.0
05 Dec 1998,839,17,4.0
20-06-1998,169,7,2.0
27 Jul 1997,953,4,3.0
17-05-1998,734,14,4.0
24 Jan 1998,507,14,2.0
1998-09-01,1545,19,2.0
31-07-1998,1516,4,4.0
1998-04-04,901,15,3.0
06/12/1998,238,3,2.0
1997-12-28,413,18,3.0
18-07-1998,807,3,1.0
12/30/1997,1457,7,2.0
1997-10-01,1224,3,4.0
10 Apr 1998,262,12,3.0
02 Oct 1998,691,8,3.0
1998/10/29,1106,7,3.0
04 Jan 1997,20,12,2.0
04/14/1997,1553,9,1.0
13-09-1997,231,11,2.0
08/15/1997,1131,7,2.0
1997-12-29,864,9,4.0
07/22/1997,231,14,4.0
28-10-1997,1294,14,4.0
02 Dec 1997,895,18,5.0
11/03/1997,149,4,2.0
1997/12/10,997,4,1.0
1997/04/27,1105,3,1.0
23 May 1998,496,7,4.0
16 Apr 1997,1224,13,5.0
17 Dec 1997,80,14,1.0
08-11-1998,246,5,5.0
1997/02/24,1380,6,3.0
1998/02/05,64,18,3.0
1997-03-20,231,13,1.0
1998/03/18,1105,19,4.0
28-11-1998,569,14,3.0
1997/10/20,1359,11,3.0
05 Oct 1998,51,11,4.0
06/03/1998,864,24,1.0
10/09/1997,162,10,2.0
05-04-1998,1177,14,5.0
1997-11-13,48,2,1.0
1998/09/02,231,4,4.0
1998/06/04,678,1,1.0
15-01-1997,26,8,4.0
1998-11-26,490,4,1.0
1997/09/21,996,8,4.0
07 Nov 1998,699,20,2.0
1998/05/01,52,22,3.0
1997-02-19,901,8,5.0
1997/05/06,1465,7,3.0
1997-04-24,321,12,3.0
06/16/1998,982,14,5.0
12 Nov 1997,1131,5,4.0
16 Nov 1998,300,11,3.0
1998/01/22,1135,9,5.0
23 May 1998,1396,18,5.0
09/15/1998,329,3,3.0
03-08-1998,611,3,5.0
08 Dec 1998,399,23,4.0
24-09-1998,231,10,4.0
1998-07-18,202,1,4.0
1998-12-24,1204,20,3.0
31 Mar 1997,1391,9,4.0
1997/02/22,745,8,2.0
03-04-1998,467,22,4.0
1998/12/19,864,3,5.0
03 May 1998,79,4,3.0
12/24/1998,287,14,1.0
04/30/1997,1293,4,1.0
12/11/1998,82,16,5.0
18 Mar 1998,1155,14,4.0
19 May 1998,764,8,4.0
1997/07/01,88,8,4.0
10/11/1997,442,8,3.0
1997-07-07,875,4,1.0
,287,6,5.0
05/17/1997,1516,11,3.0
01 Mar 1998,1131,3,
28 Oct 1998,442,11,5.0
1998-11-08,151,14,2.0
1998-11-04,106,12,
02/08/1998,20,20,4.0
1997-02-13,727,9,2.0
01/09/1998,985,18,3.0
15-08-1998,321,5,1.0
12/19/1997,231,4,1.0
01 Nov 1998,382,4,2.0
17 May 1998,215,21,5.0
1997-12-31,1172,8,1.0
12/02/1997,1469,11,1.0
28-10-1997,1452,17,2.0
,20,2,5.0
06/09/1997,1384,9,3.0
15-04-1998,763,7,3.0
17 Oct 1998,1172,22,5.0
1997-05-31,185,10,5.0
06/27/1998,231,14,5.0
13 Aug 1997,215,14,5.0
02-01-1999,675,2,5.0
09/30/1997,215,14,2.0
27-08-1997,717,11,5.0
,48,4,3.0
1999-01-27,720,21,4.0
1999/01/09,1139,18,1.0
28 Sep 1998,441,24,5.0
05 Oct 1998,231,21,3.0
14 Mar 1998,20,3,2.0
26 Mar 1998,98,18,4.0
1999-01-03,790,20,1.0
1998/10/28,965,11,2.0
17 Jun 1998,278,8,3.0
1998/12/11,934,18,1.0
1998-03-18,252,22,4.0
08/29/1998,865,8,2.0
1997/07/21,95,3,4.0
26 Nov 1998,1134,11,4.0
01/18/1998,231,10,1.0
15 Aug 1997,1063,12,4.0
1998/04/29,1160,23,4.0
14-09-1998,1139,8,2.0
14 May 1998,165,11,4.0
1997-12-20,996,19,3.0
12 Jan 1999,1396,4,1.0
11-01-1998,1101,14,2.0
18-08-1998,54,22,5.0
1998/02/22,1434,5,5.0
11/01/1998,1139,3,3.0
1997-07-01,850,11,4.0
1998/08/19,187,11,3.0
1998/11/25,1064,24,4.0
1998-05-07,982,18,2.0
06/02/1997,807,6,2.0
13 Mar 1997,680,14,1.0
1998-12-31,244,7,5.0
1997-04-09,300,7,5.0
1998/04/17,574,4,
01-12-1998,231,11,4.0
12/19/1997,750,14,5.0
1998-07-31,578,14,4.0
18-12-1997,609,12,1.0
1998-10-07,1165,23,1.0
1997/04/19,48,3,1.0
22-05-1998,778,1,3.0
05 Oct 1998,1124,11,3.0
20 May 1998,798,7,1.0
01/11/1998,573,14,3.0
1998/08/03,680,4,5.0
1998/05/21,295,14,3.0
09/07/1998,1172,24,5.0
12/30/1998,1173,5,5.0
28-08-1998,556,11,1.0
20 Aug 1998,246,14,4.0
1997/05/30,672,7,4.0
1998/07/27,428,6,3.0
1997/08/02,535,7,2.0
1997/01/23,1095,6,5.0
01/01/1998,1385,21,5.0
10/11/1998,1426,20,2.0
02 Dec 1997,193,26,5.0
24 Nov 1998,982,22,4.0
1998/12/03,1344,3,2.0
01-07-1997,1397,13,5.0
1998-08-14,754,19,5.0
21 Dec 1997,215,3,4.0
07-06-1998,728,11,3.0
12-06-1998,1131,9,4.0
02/28/1998,1429,5,4.0
03/20/1998,238,9,3.0
14-11-1997,1474,3,3.0
1998/03/23,1418,18,
15-02-1998,460,1,1.0
1998/03/06,878,9,2.0
03-07-1997,556,10,1.0
18 Jan 1999,711,7,2.0
13 May 1998,230,10,1.0
30 May 1998,1452,8,1.0
04/06/1997,1302,8,1.0
1998/04/30,231,4,5.0
07-09-1998,1348,6,4.0
03 Sep 1997,923,3,5.0
1997-12-18,215,10,4.0
1998-09-25,905,13,5.0
1997/10/19,764,8,4.0
1997/06/10,20,8,2.0
1998-08-26,864,21,2.0
1998/05/24,699,22,2.0
01/17/1999,1380,6,3.0
19-08-1997,578,15,3.0
1998/11/25,457,18,3.0
06/22/1998,272,5,3.0
09 Dec 1998,1421,7,3.0
01/26/1999,290,5,4.0
17 May 1998,231,13,1.0
05/24/1998,325,9,4.0
1998-06-01,1429,3,4.0
1999-01-03,556,21,4.0
01/30/1998,153,14,2.0
08/22/1998,1139,13,4.0
12-08-1998,595,3,3.0
1997-08-21,556,13,4.0
1998/07/14,20,3,5.0
10 Jul 1997,857,11,5.0
1997-10-24,665,14,1.0
15-07-1997,556,6,1.0
18 Dec 1998,198,22,4.0
27-08-1997,611,18,2.0
1997/03/12,390,9,3.0
1997/09/20,1293,3,4.0
1997-12-27,950,12,4.0
1997/05/19,1486,8,5.0
1998/09/22,850,11,1.0
1999-01-08,231,12,1.0
1998-07-05,905,10,2.0
25-03-1997,325,9,5.0
24 Jun 1997,246,1,4.0
09/08/1998,347,9,4.0
1997-08-02,1105,3,4.0
1998/10/26,332,20,4.0
1997/10/31,792,8,3.0
02 May 1998,231,8,5.0
12-08-1998,28,2,5.0
15 Apr 1998,482,1,5.0
01/19/1999,1105,17,2.0
16-11-1998,628,14,4.0
1997/09/03,717,1,5.0
06/18/1998,595,15,3.0
1998-08-03,850,5,2.0
02/14/1998,569,21,
06/04/1998,295,10,2.0
06/01/1997,87,14,3.0
19 Jul 1997,198,9,5.0
09-01-1998,611,5,
16 Mar 1997,1020,16,3.0
1998/10/14,1457,2,1.0
04-03-1998,680,18,5.0
08-02-1998,825,4,5.0
10-04-1997,1180,12,4.0
04/27/1998,613,20,4.0
1998/05/23,1230,17,5.0
06/11/1997,231,10,2.0
1998-05-14,151,15,4.0
1999/01/03,365,15,1.0
04 May 1997,1452,11,3.0
16-05-1998,391,5,5.0
1997-03-27,154,9,2.0
05 Apr 1998,809,3,4.0
05-01-1998,231,14,4.0
1998/06/09,300,4,5.0
23-08-1998,282,18,4.0
1998-06-17,792,4,3.0
12 Dec 1998,630,3,5.0
09/01/1998,754,14,2.0
1997/12/29,269,18,3.0
1998-06-18,1161,6,1.0
07/29/1997,1466,4,2.0
1997/10/29,1371,2,1.0
20-05-1997,399,5,4.0
22 Sep 1997,293,3,4.0
04 Jan 1998,182,15,2.0
08 Jan 1999,1139,11,3.0
05/07/1998,317,8,5.0
1997-11-09,835,3,1.0
01 Sep 1997,692,3,2.0
1997-12-17,1151,9,5.0
27 Mar 1998,426,15,2.0
1998/05/08,1555,5,4.0
1997-12-16,215,10,1.0
19 Apr 1998,1552,5,3.0
1998-09-21,562,17,5.0
02-12-1998,151,17,1.0
1998-01-12,1493,11,3.0
07 Mar 1997,198,28,5.0
04/20/1998,611,20,3.0
05/28/1997,1426,8,4.0
1998/06/25,246,11,5.0
1998-07-17,413,3,2.0
24-07-1997,1415,13,1.0
11/18/1998,1418,18,4.0
24 Oct 1997,1455,12,4.0
1998-09-12,1172,9,2.0
10-04-1998,295,15,2.0
1998-10-21,1047,18,3.0
1998/08/16,535,9,5.0
1998-10-02,1521,8,4.0
1998/04/25,848,4,1.0
11/17/1998,436,15,3.0
1998/04/30,1203,20,2.0
1997-05-14,578,3,3.0
,1139,8,5.0
22 Mar 1997,287,12,5.0
05 Jun 1997,661,4,4.0
1997/03/09,20,11,5.0
13-12-1998,1429,22,4.0
24 Sep 1998,215,3,5.0
1998/11/29,516,7,4.0
18 Dec 1998,972,12,2.0
22 Jan 1998,661,3,1.0
04 Jan 1998,1380,15,2.0
1997-11-21,481,4,4.0
1997/08/18,1112,10,4.0
1997/06/29,295,14,4.0
07/03/1997,206,11,1.0
19 Mar 1998,985,18,5.0
12/10/1998,20,23,2.0
15 Dec 1998,449,20,5.0
21 Dec 1998,1447,12,1.0
12/15/1997,681,14,1.0
1998/12/12,965,11,3.0
1998/07/17,215,9,1.0
28-04-1997,1354,4,1.0
19 Sep 1998,895,10,2.0
1997-03-26,1100,7,
07/14/1997,1527,14,4.0
1998/10/05,231,10,2.0
01/25/1999,1220,11,5.0
1998/01/21,1426,5,5.0
14-12-1997,1183,3,5.0
1998/02/19,1343,19,5.0
13-11-1998,162,5,1.0
06-09-1997,718,18,1.0
28-06-1997,703,10,2.0
1998-02-24,231,4,2.0
01/24/1998,772,2,2.0
1997-06-12,994,11,1.0
1998/04/22,383,5,4.0
17-05-1998,1172,6,1.0
1998-07-15,1421,9,2.0
11 Jul 1997,48,11,3.0
11 Feb 1999,1426,18,3.0
21 Sep 1998,901,2,1.0
25-06-1998,238,13,5.0
03/10/1998,246,5,5.0
1998-03-11,854,3,2.0
1998/11/28,684,11,4.0
1997/12/06,901,5,3.0
1998-07-25,556,5,4.0
05/09/1998,1153,3,2.0
14-10-1997,918,11,
1997/10/01,556,18,4.0
25 Apr 1998,206,4,5.0
1998/11/15,1001,4,
,878,11,4.0
1998-09-03,231,21,1.0
12/05/1998,295,24,5.0
1998-06-11,246,3,1.0
1997/09/29,502,18,1.0
15-01-1998,80,18,2.0
1998-11-17,1466,3,1.0
19-11-1998,321,10,1.0
22-01-1998,994,5,1.0
1997/09/05,246,7,1.0
10-02-1998,231,12,1.0
1998-12-31,1302,24,2.0
03-04-1997,168,5,1.0
30-06-1998,996,21,2.0
1998/10/07,717,4,3.0
1997/12/14,231,10,5.0
1998-12-26,231,9,3.0
1998/12/18,1295,2,2.0
1998-11-12,1041,10,4.0
11-07-1998,1484,10,3.0
06 Mar 1998,212,3,3.0
1998-06-22,647,4,2.0
31-12-1998,1552,18,4.0
24 May 1998,185,6,4.0
1997/06/05,1006,9,1.0
23-04-1998,1214,1,2.0
1998/06/18,277,23,2.0
19 Jul 1998,661,22,3.0
12/23/1998,231,3,4.0
05/28/1998,652,14,3.0
1997-05-19,876,14,4.0
04/21/1998,198,18,5.0
06/19/1997,1380,12,5.0
21-09-1998,48,12,5.0
1998/05/29,1120,6,1.0
1997/05/20,36,4,2.0
06-08-1998,556,5,3.0
22-11-1998,1293,14,1.0
06-08-1997,105,3,2.0
1997/11/20,975,1,3.0
1998-02-16,187,6,4.0
1998/12/03,1139,14,5.0
1997/11/12,956,5,4.0
1998-08-14,625,10,1.0
07/15/1998,54,18,
10/12/1997,1552,1,1.0
1998-10-27,128,11,2.0
1998-05-24,1107,14,2.0
1998-10-18,1172,10,3.0
05/30/1998,1518,19,4.0
04/24/1997,764,14,2.0
1998/07/20,1382,18,5.0
03 Jun 1997,1273,12,1.0
12 Mar 1998,794,14,4.0
1997-04-10,20,12,5.0
30-01-1999,578,18,3.0
23-11-1998,1397,12,2.0
02 Jul 1998,1408,6,3.0
04 Jan 1999,1421,20,1.0
1998-08-26,413,18,2.0
22 Apr 1998,855,13,5.0
12/31/1997,514,11,5.0
31 Oct 1998,1293,5,2.0
1998/06/09,1542,14,3.0
02-12-1998,184,8,2.0
14-07-1998,407,4,3.0
17 Apr 1997,149,10,2.0
,392,3,
1997-12-25,1426,14,2.0
12/22/1998,477,22,1.0
1997-09-17,185,11,1.0
1998/10/26,246,9,1.0
06/25/1997,1518,5,5.0
01/07/1999,287,11,1.0
1999-01-05,847,5,5.0
1998-07-11,949,11,2.0
1998/11/19,386,22,
29-08-1998,754,1,1.0
15-03-1997,277,2,5.0
02/01/1998,20,10,2.0
26-12-1998,1139,5,1.0
26-12-1998,1295,4,1.0
02/11/1997,1280,12,2.0
1998/03/12,1153,1,4.0
1998/04/15,260,18,1.0
1998/04/22,699,4,5.0
06-12-1997,1172,7,1.0
1997/11/14,464,4,5.0
1998-08-11,793,15,2.0
1997-08-21,1394,9,2.0
06-09-1997,295,11,4.0
10 Nov 1998,902,10,1.0
1997-01-27,1494,8,5.0
29-12-1998,169,5,3.0
18 Jan 1999,1452,13,2.0
24 Nov 1998,1172,9,5.0
1998/10/30,20,17,1.0
1997/12/29,426,11,4.0
1998/02/09,1446,11,5.0
07/04/1997,855,12,5.0
17-01-1999,672,7,2.0
1997-05-30,1292,15,4.0
28 Nov 1998,1426,5,4.0
1998/09/22,864,9,5.0
04/06/1998,728,2,1.0
,238,2,
16-11-1998,1539,21,4.0
1998/05/17,246,12,4.0
1997-09-18,313,3,2.0
,295,4,5.0
22 Sep 1997,1429,5,4.0
12/03/1997,1240,8,5.0
1998/09/27,291,19,4.0
05 Sep 1997,3,5,1.0
1998-03-17,48,5,1.0
07/21/1998,1334,23,3.0
24 Aug 1998,1105,21,4.0
29-12-1998,693,18,4.0
1997-12-02,1112,3,2.0
09-02-1998,1100,3,2.0
12/21/1997,220,7,3.0
1998/10/09,20,5,
01/26/1998,393,13,5.0
1998-03-08,789,3,4.0
03/17/1998,1139,9,3.0
07-07-1997,1139,11,2.0
25 Nov 1997,1380,15,3.0
11/26/1998,149,6,1.0
1998-11-22,999,11,4.0
1997-08-26,572,16,4.0
1997-03-05,847,3,3.0
1998-12-14,1326,10,4.0
07/15/1998,525,19,3.0
04-09-1997,1220,3,2.0
19-01-1998,798,11,3.0
05-02-1999,1464,3,2.0
08/17/1997,864,16,3.0
06 Jun 1998,1426,11,3.0
1998-12-16,1295,22,2.0
1997-12-27,1155,15,4.0
01/12/1999,1453,13,2.0
11-12-1997,1382,12,3.0
12/27/1998,855,3,3.0
05-10-1998,479,21,5.0
1998-05-26,438,21,1.0
12/09/1998,178,6,4.0
1997-07-07,149,13,3.0
1998-02-08,20,7,2.0
1999-01-22,383,16,1.0
1998/11/20,1064,14,4.0
1998/01/27,64,8,1.0
03-12-1998,204,18,1.0
06/27/1998,121,3,2.0
28 Jun 1998,231,11,
21 Mar 1998,199,14,2.0
12/27/1998,622,11,1.0
04/30/1997,1382,3,4.0
04/07/1998,79,3,3.0
1997-04-24,234,7,1.0
,231,2,4.0
1997/12/19,59,18,4.0
19 Apr 1998,556,7,1.0
,574,1,1.0
27 Jun 1998,168,9,2.0
1998-05-06,735,23,4.0
1997-02-01,198,4,4.0
1998/01/11,1172,22,1.0
1997/02/19,846,11,5.0
,1514,14,3.0
31-01-1997,798,14,4.0
1997/06/29,403,1,1.0
01/23/1999,1134,11,4.0
27 Aug 1998,1452,13,1.0
22-03-1998,807,3,3.0
1998-10-29,1224,10,2.0
1998/03/16,563,3,1.0
24-05-1998,1139,14,3.0
05/19/1998,1421,16,3.0
31 Jul 1998,809,23,2.0
1998/09/15,495,5,4.0
09/05/1998,49,12,4.0
1997/09/19,661,15,5.0
11-08-1998,496,14,4.0
1998/09/14,474,21,2.0
1998-04-12,428,8,4.0
03-07-1997,264,6,1.0
1998-04-18,680,12,3.0
08/25/1998,332,14,
09-09-1998,139,23,3.0
1998/08/23,48,24,2.0
04-01-1999,802,3,1.0
10-07-1998,1353,15,3.0
21 Aug 1998,1178,11,5.0
05/24/1998,54,3,3.0
12/13/1998,1177,22,2.0
30-09-1997,551,12,1.0
1998/04/24,898,11,5.0
16-12-1998,556,21,1.0
21 Apr 1998,611,14,5.0
19 Mar 1998,864,1,1.0
29 Dec 1998,469,14,2.0
07/10/1998,1293,8,3.0
1997-05-05,1426,8,1.0
1998-07-28,399,8,1.0
16-06-1997,1541,12,4.0
1998-12-24,1509,3,5.0
1998/12/15,64,15,3.0
09-11-1998,151,13,3.0
03 Jul 1998,764,1,1.0
01/23/1998,185,8,5.0
1998/05/05,942,20,4.0
03 Dec 1998,622,11,2.0
14 Mar 1997,1139,8,2.0
25 May 1998,1112,14,3.0
1998/01/17,902,8,5.0
03 Apr 1998,556,4,2.0
1997-03-22,287,8,4.0
05-02-1998,994,14,
01-12-1998,1064,14,5.0
17 Apr 1998,1220,21,2.0
1998-09-16,20,5,3.0
06/01/1998,1063,14,2.0
29-05-1998,285,19,3.0
1998-06-25,1435,3,4.0
12-09-1998,1214,18,4.0
02 Sep 1997,130,8,2.0
15 Nov 1997,231,11,5.0
09/10/1997,185,5,2.0
1998-11-02,1293,11,3.0
27-09-1997,864,11,2.0
01/17/1999,1163,11,3.0
1998-12-31,246,18,4.0
1998-12-21,231,7,2.0
1997-02-06,1219,9,5.0
03/03/1998,691,4,4.0
03-04-1998,1520,4,1.0
13-04-1998,168,9,5.0
09 Dec 1998,806,22,5.0
1997-09-21,246,5,4.0
1997-08-04,260,7,1.0
25 Sep 1997,205,7,1.0
28 Nov 1998,48,3,1.0
1998/12/05,1426,6,1.0
01/28/1998,807,15,1.0
1997-10-03,1500,2,3.0
25 Feb 1998,906,16,1.0
1997/11/06,185,4,1.0
10 Aug 1998,592,11,
1998-03-03,581,2,1.0
1998/12/08,1481,14,4.0
11/23/1998,1204,6,4.0
1999/01/10,527,14,4.0
1999/01/08,918,10,5.0
12 Feb 1998,149,14,5.0
25-04-1998,582,3,4.0
26 Aug 1998,151,10,4.0
1998/11/28,1293,13,3.0
14 Oct 1998,582,3,1.0
11/07/1998,681,11,4.0
11 Nov 1997,1303,18,5.0
1998/04/14,693,23,
01-12-1998,1219,23,4.0
16 Feb 1997,150,13,2.0
1998/05/19,330,7,3.0
08 Apr 1997,215,2,5.0
1997-11-11,982,14,5.0
06-02-1998,898,18,5.0
05 Jan 1999,764,4,1.0
19 Apr 1997,582,12,1.0
08 Mar 1998,996,2,3.0
1997/05/13,1347,14,5.0
1998/04/11,1139,3,3.0
23 Apr 1998,1467,1,3.0
15-07-1997,383,12,3.0
16-08-1998,561,1,2.0
1997-04-15,143,14,
24-12-1998,1509,19,3.0
11 Jan 1999,317,18,5.0
1998-01-08,36,4,2.0
1998/06/24,719,9,2.0
1998/07/30,1098,4,4.0
27 Aug 1998,809,12,5.0
1998-12-16,1260,19,3.0
1998-01-13,154,11,3.0
03/19/1998,1426,10,5.0
01 Jul 1997,591,14,1.0
10-05-1997,1348,12,4.0
04/13/1998,215,18,1.0
1998/07/04,667,5,3.0
03/29/1998,1105,7,1.0
12/04/1998,1380,3,5.0
28 Apr 1998,399,18,5.0
14 Jul 1998,54,5,1.0
16 Sep 1998,312,13,1.0
1997-09-20,1212,16,3.0
14-05-1998,1280,5,4.0
06 May 1997,1548,3,3.0
18-03-1998,198,1,4.0
04/25/1997,295,2,4.0
16 Oct 1997,36,9,5.0
02-03-1997,231,13,3.0
1997-06-18,1426,8,4.0
30 Dec 1998,998,23,2.0
1998-12-03,965,6,2.0
15-08-1997,287,14,4.0
1998/03/18,287,19,
11/02/1997,182,18,3.0
25 Dec 1998,1285,4,1.0
1998-03-30,1344,15,3.0
07-06-1998,1108,3,2.0
23 Dec 1998,442,23,2.0
1997/07/06,1203,2,5.0
1998/10/30,329,3,2.0
03/11/1998,1100,6,1.0
02/07/1998,260,11,3.0
15 Apr 1998,1546,23,1.0
07/21/1998,1151,12,5.0
1999-01-06,1224,14,2.0
1997/08/10,822,3,4.0
1998/09/12,54,18,4.0
23 Dec 1998,45,18,1.0
,898,11,1.0
09/14/1997,1348,18,2.0
31 Dec 1998,301,10,5.0
25 Jul 1997,1554,3,3.0
25-12-1998,828,14,4.0
1997-02-28,1293,7,4.0
16 May 1998,998,12,5.0
,231,11,1.0
11/23/1997,717,3,3.0
19 Feb 1997,1139,11,2.0
01/23/1999,118,13,5.0
1998/05/10,625,12,1.0
1998/01/27,1102,3,3.0
28-12-1998,413,14,4.0
18-01-1998,693,9,3.0
1997/03/23,1224,14,2.0
30-07-1998,661,14,3.0
1998/12/07,312,12,4.0
10/03/1998,934,23,
09/21/1997,215,7,2.0
1998-08-04,246,8,4.0
16 Jan 1998,813,7,5.0
06 Mar 1997,570,2,3.0
1998-04-13,611,3,
1998-02-26,1220,21,4.0
1998/08/06,1012,11,3.0
1997/07/29,1193,8,5.0
18-12-1998,346,12,4.0
1998/10/07,1165,9,5.0
14-04-1998,1160,14,5.0
03/21/1998,644,18,3.0
09-12-1998,392,23,
01-09-1997,1224,18,4.0
1998-04-24,266,14,3.0
04/19/1998,61,12,4.0
11-06-1998,299,8,5.0
1998-09-28,563,4,1.0
28 Feb 1998,522,8,3.0
01/24/1999,361,12,4.0
1999/01/05,312,3,5.0
30-05-1998,882,11,2.0
24-12-1998,1549,4,4.0
11/22/1997,1397,8,2.0
04/17/1998,1048,9,3.0
09-09-1997,1481,8,4.0
02/11/1999,464,21,5.0
1998/09/22,1295,12,5.0
08/03/1997,556,9,4.0
15 Jul 1998,556,23,1.0
1998/08/01,300,4,4.0
1997-08-15,950,14,4.0
12-01-1999,843,7,2.0
25-05-1998,281,9,2.0
09-04-1998,111,21,1.0
1997-11-19,231,8,3.0
31-07-1997,231,7,1.0
1999/01/03,1064,23,5.0
13-09-1997,762,5,4.0
26-02-1997,1469,3,3.0
01/20/1998,1127,9,4.0
05-07-1998,1407,9,2.0
12 Nov 1998,325,11,2.0
31-12-1998,613,2,3.0
11/18/1997,855,10,2.0
04/30/1998,500,5,5.0
1998/11/14,1520,21,4.0
02 Jun 1998,1139,8,4.0
1997/12/29,1406,13,2.0
03 Dec 1998,64,7,4.0
1998-04-16,1139,1,3.0
1998-11-27,622,11,4.0
1997/06/30,962,9,5.0
1997/09/28,807,11,1.0
1997/06/11,840,3,5.0
03-09-1997,215,14,1.0
1997/11/02,1023,4,4.0
28 Mar 1998,564,4,5.0
11-07-1998,231,11,4.0
13-09-1998,754,12,5.0
12/21/1998,20,5,5.0
17-09-1998,497,23,5.0
02 Jul 1998,300,23,2.0
28-09-1998,1248,11,2.0
1998-02-02,1292,14,5.0
1998/06/18,864,18,
17-03-1998,215,3,4.0
10 Jul 1997,205,6,1.0
1997-08-05,563,13,5.0
1998/08/21,578,20,5.0
09/21/1998,135,2,5.0
12/02/1998,556,13,3.0
06/20/1998,681,10,3.0
1998/12/31,754,5,2.0
1998/09/03,293,15,2.0
03/15/1998,802,3,5.0
16-07-1998,595,18,2.0
15-11-1998,1100,9,4.0
25-09-1998,231,11,1.0
1998-05-26,592,14,2.0
11/09/1998,497,14,3.0
26 Feb 1998,231,9,1.0
10/24/1998,1304,10,3.0
10/21/1997,1208,4,4.0
16-07-1998,1219,22,5.0
1999-01-03,769,14,2.0
1997/11/01,413,9,3.0
05/02/1998,1091,15,4.0
06/15/1998,1222,11,4.0
1997-11-08,355,9,2.0
1998/05/13,1348,8,2.0
1998/12/04,118,15,1.0
1998/09/11,20,14,4.0
1998-03-09,1214,18,5.0
06 Jan 1999,1531,24,4.0
1998-12-17,1426,7,2.0
1998-12-02,901,10,4.0
1998/11/19,754,3,5.0
11-06-1998,715,4,5.0
1998/07/20,753,7,4.0
27 Sep 1997,1041,14,5.0
19-08-1998,1095,4,
1998-03-03,122,23,2.0
1998-04-03,362,2,4.0
1997/09/26,231,5,1.0
01 Aug 1997,246,1,5.0
1999/01/15,1172,20,2.0
15-09-1997,982,8,2.0
27 Jun 1998,364,2,5.0
12/13/1997,242,11,5.0
05-10-1997,840,1,2.0
1998/07/09,855,7,4.0
24 Mar 1998,295,5,3.0
04 Jan 1998,93,3,5.0
03-09-1997,1452,12,1.0
1998-05-04,860,19,3.0
05/20/1997,502,11,1.0
08-11-1998,1468,7,4.0
12 Sep 1998,139,3,3.0
12-12-1997,754,9,5.0
10/02/1998,231,12,3.0
11-08-1998,1380,15,3.0
1998-06-09,20,8,4.0
1998-03-31,231,19,2.0
1998/05/16,1172,5,1.0
02-10-1998,556,13,5.0
03-05-1998,504,14,4.0
1998/07/08,1304,10,5.0
1998-05-15,1426,8,1.0
20-08-1998,581,18,2.0
28 Oct 1998,365,14,3.0
1997-11-17,556,14,2.0
08-02-1999,51,22,5.0
1998/05/16,285,14,4.0
1997-05-24,1426,1,1.0
1998-12-29,1063,21,5.0
1997/10/04,910,14,5.0
08-12-1997,972,11,3.0
11 Jun 1997,802,12,3.0
09/03/1998,287,11,4.0
1997/12/11,758,8,4.0
1998-06-08,231,21,4.0
1998/08/23,675,21,3.0
31 Jul 1997,552,11,2.0
07 Nov 1998,581,22,1.0
10/30/1998,1321,9,3.0
1997/03/24,835,13,4.0
18 Feb 1998,1172,2,4.0
1998-11-01,1139,1,5.0
01 Sep 1998,1465,14,1.0
19 Nov 1998,1506,11,2.0
20-05-1998,1537,15,1.0
02-11-1998,231,11,3.0
23 May 1998,414,14,1.0
1998/07/08,975,22,1.0
1999-01-13,168,14,5.0
15 Nov 1998,464,23,4.0
1998/12/17,367,15,2.0
1998-07-20,497,10,5.0
1999-01-03,702,1,4.0
1998/04/02,1429,14,4.0
1998/06/09,1250,8,4.0
1998/02/22,231,8,4.0
18-01-1999,618,18,5.0
06-07-1998,291,23,2.0
1998-12-10,1549,14,5.0
1997/07/02,958,17,
1998/05/06,231,13,4.0
16 May 1997,982,12,5.0
05-07-1998,1500,2,4.0
11 Dec 1997,1167,11,4.0
30-09-1997,621,18,
18-05-1998,215,1,5.0
1998-12-27,1209,6,4.0
11 Jan 1998,1426,18,5.0
02 Aug 1998,636,6,5.0
1998/06/17,1531,8,5.0
1998/10/21,806,9,3.0
10 Dec 1998,1520,1,4.0
1998-12-17,54,14,3.0
12 Dec 1998,3,11,5.0
1997/08/10,864,4,2.0
21 Jul 1997,347,4,3.0
1998-12-19,622,21,5.0
28-07-1998,1139,2,5.0
1998/12/22,1308,20,4.0
02 May 1997,183,14,3.0
23-11-1998,629,11,2.0
08-11-1997,1426,9,2.0
1998/08/13,306,14,4.0
07/13/1998,231,11,4.0
30-08-1998,288,1,3.0
1999-01-12,802,7,5.0
1998/01/12,1531,22,4.0
1997/10/28,592,5,4.0
1997-05-30,1151,10,3.0
1997/03/18,1426,2,3.0
07/05/1997,393,14,3.0
1997/09/07,231,9,4.0
08/15/1997,1553,15,5.0
08/24/1998,309,13,1.0
1998/07/16,1295,6,3.0
1999-01-12,1426,3,5.0
01/14/1998,1429,12,4.0
19 Feb 1998,1280,16,2.0
03/29/1998,905,10,3.0
1998/05/07,66,15,5.0
05 Dec 1997,1009,9,2.0
07 May 1998,766,12,5.0
1997/10/02,764,9,5.0
1998-05-05,511,10,2.0
20-11-1998,1147,12,3.0
24-12-1997,556,7,3.0
12-07-1997,215,11,1.0
06/04/1998,198,8,1.0
1998/11/29,295,7,1.0
1998/04/03,383,3,1.0
29-07-1998,215,21,4.0
09/04/1998,399,5,2.0
06 Oct 1998,312,11,4.0
1999-01-15,126,21,4.0
23 Jan 1999,1452,5,5.0
17 Feb 1997,1303,11,4.0
09-02-1998,182,17,3.0
07/05/1997,1240,4,1.0
12/22/1997,295,10,2.0
1998-09-24,1364,16,4.0
1997/05/19,1280,7,2.0
16-06-1997,1139,15,2.0
07/18/1998,340,11,4.0
06/24/1998,305,5,5.0
09 Dec 1998,1446,22,3.0
11/23/1998,1100,9,5.0
07-07-1998,595,10,2.0
16 May 1998,1282,3,2.0
22 Nov 1997,864,8,3.0
01-09-1998,1177,17,2.0
1998/03/29,983,9,5.0
,1220,3,5.0
29 Jan 1998,246,8,3.0
27 Dec 1998,877,5,2.0
01 Apr 1998,1487,20,2.0
27 Apr 1997,426,2,5.0
16 Apr 1998,958,1,4.0
07/04/1998,295,10,5.0
,807,4,3.0
1997/11/23,680,20,4.0
02 Jan 1999,414,7,4.0
1998/06/21,825,6,4.0
10 Jan 1999,556,4,5.0
27 May 1998,996,5,3.0
1998-09-22,809,12,2.0
24-12-1998,646,5,3.0
10/21/1997,80,18,1.0
1998/11/01,703,12,1.0
1997-05-13,982,9,2.0
1998-05-27,309,5,2.0
19 May 1997,1487,10,5.0
1998/12/19,1105,5,1.0
25-08-1998,1316,23,2.0
18 Jun 1997,399,14,3.0
06-11-1998,223,18,3.0
24 Dec 1998,150,23,1.0
11/05/1998,477,11,5.0
1998-04-29,1380,9,1.0
1999/01/25,1064,4,4.0
27-06-1997,920,11,1.0
11-11-1997,361,3,5.0
1999/01/15,812,5,3.0
05/09/1998,1157,8,3.0
11-12-1998,556,14,4.0
28-08-1998,806,8,3.0
02/28/1998,231,18,2.0
09-02-1998,562,18,1.0
11 Apr 1998,1318,12,4.0
10/15/1998,246,13,4.0
02-06-1997,20,3,3.0
1998-06-28,1332,14,
05-01-1998,1117,3,1.0
1997-12-31,700,9,5.0
1998-01-07,1260,4,
04-10-1997,1273,9,1.0
02/19/1998,1397,5,1.0
19-08-1998,451,2,5.0
02-03-1998,198,21,5.0
07/26/1998,1124,15,1.0
24-04-1998,1487,5,4.0
16-02-1998,907,11,5.0
18 Dec 1997,901,20,2.0
1998/06/26,287,19,1.0
1999/01/06,246,6,3.0
1997/10/19,248,8,
03 Dec 1997,231,4,3.0
31 Jul 1998,1457,20,1.0
04-01-1998,1064,3,1.0
1997/03/03,365,16,2.0
1998/12/15,1172,4,3.0
1998/06/29,802,24,1.0
1998/06/22,902,1,1.0
07-02-1998,349,14,5.0
1997/02/06,680,7,4.0
1998-01-03,641,18,2.0
01/06/1998,965,18,4.0
1998-11-11,467,7,5.0
1998/12/14,1131,14,2.0
09/01/1997,921,11,4.0
23-03-1998,722,12,2.0
1998/02/19,48,5,1.0
04/12/1997,1064,15,4.0
09/03/1998,1022,5,3.0
03/09/1998,1359,19,1.0
1998-04-13,168,8,2.0
1998-05-18,1069,14,5.0
06/20/1998,1147,3,1.0
20-11-1998,40,14,1.0
21-05-1998,231,6,2.0
1998-07-05,48,10,5.0
1998-06-25,994,10,5.0
17-04-1998,980,3,5.0
1998-09-06,809,13,4.0
1997-06-19,901,5,2.0
1998/03/06,556,12,2.0
02 Aug 1998,809,11,3.0
18-04-1997,115,12,5.0
22 Oct 1997,36,4,5.0
19-01-1999,1224,21,3.0
17-12-1998,978,18,1.0
16 Mar 1998,36,4,3.0
1998-05-25,675,2,4.0
22-01-1997,383,11,4.0
1997-08-30,231,5,3.0
06 Jun 1997,902,3,2.0
17-10-1997,1232,2,2.0
1999-01-12,72,6,2.0
11/13/1998,684,1,1.0
1997/02/26,1358,3,5.0
1997-09-08,1293,1,4.0
26 May 1997,449,14,2.0
06 Oct 1998,477,18,3.0
11/15/1997,1155,4,2.0
1999-02-06,911,3,5.0
20 Jun 1998,911,1,4.0
1998-08-14,1224,8,1.0
12-04-1998,231,9,5.0
26 Oct 1997,1192,14,1.0
02/11/1998,185,5,5.0
04/30/1997,1382,3,4.0
23-04-1997,965,16,
06 Dec 1998,1161,20,2.0
06/22/1997,1139,3,4.0
07/17/1998,692,3,5.0
07-07-1997,368,7,2.0
1997-04-14,1138,11,1.0
28-03-1998,965,13,1.0
01/03/1999,680,4,2.0
11-06-1997,287,14,1.0
13 Aug 1997,472,1,4.0
1998/08/14,1153,2,4.0
15 Oct 1998,1429,18,5.0
05 Jun 1998,231,6,1.0
1998/10/22,231,14,2.0
1999/01/31,1543,15,3.0
16-07-1998,231,24,4.0
1998/11/19,727,10,3.0
10/31/1998,1397,23,3.0
12/15/1998,288,9,3.0
03/22/1998,675,13,5.0
03/03/1998,3,4,3.0
1998/08/18,48,3,1.0
04/11/1998,575,3,5.0
09-01-1999,383,15,3.0
17 Jul 1998,1172,19,2.0
13 Sep 1998,1155,14,3.0
22-12-1998,48,6,1.0
13-03-1997,511,14,3.0
11-10-1997,1541,3,1.0
12 Jun 1997,1195,14,2.0
14-10-1997,942,11,1.0
1999/01/06,215,11,4.0
1998-06-11,514,3,1.0
19-04-1998,182,4,3.0
1998-08-22,1600,23,5.0
15 Mar 1998,763,14,4.0
04/23/1997,76,3,2.0
1998/10/11,1380,5,2.0
05-02-1998,1043,16,1.0
05/14/1998,856,1,4.0
05/10/1998,383,3,4.0
22 Jul 1998,406,7,5.0
19-11-1998,231,3,5.0
03/04/1998,231,17,1.0
22-11-1998,1224,3,2.0
1997-12-01,231,15,2.0
19-12-1998,383,18,2.0
1999-01-13,623,5,5.0
,864,4,2.0
23-12-1997,312,8,5.0
1998-08-19,258,18,
12/21/1998,691,3,
18-10-1998,1397,8,1.0
18-10-1998,1426,14,3.0
1998/02/26,675,18,3.0
1998-10-13,20,11,1.0
1999/01/31,754,22,3.0
26-04-1998,769,5,3.0
04/26/1997,581,1,5.0
17 Mar 1998,703,9,5.0
13 Jan 1998,1492,17,2.0
1997-05-11,1153,3,1.0
1997-07-31,259,3,4.0
18 Jul 1997,1222,3,1.0
29-04-1998,901,11,2.0
1998/03/31,636,2,2.0
12-03-1997,149,12,3.0
21-06-1998,110,14,1.0
16 Jul 1998,300,9,4.0
1997/01/10,231,15,5.0
18 Mar 1998,1553,13,1.0
09/18/1998,1485,11,1.0
10 Nov 1997,807,11,4.0
22 Jul 1997,562,2,3.0
02 Jan 1999,1139,10,3.0
1998/12/29,741,11,1.0
12/28/1998,1452,18,2.0
22-09-1998,1177,3,4.0
1997-06-01,231,15,4.0
01/01/1999,835,11,4.0
11-03-1998,704,19,2.0
1998-12-05,1426,18,3.0
18 Jan 1998,1426,9,5.0
13 Jun 1998,1239,14,4.0
09/02/1998,775,11,4.0
,549,5,5.0
12-02-1998,1426,18,2.0
1997/05/31,1487,9,3.0
1998-09-29,367,16,2.0
02/24/1997,82,5,5.0
06/27/1998,1457,18,3.0
12-01-1999,734,12,2.0
1998/03/13,1452,10,5.0
1997/09/10,1139,6,5.0
1997/12/11,1546,3,3.0
26-11-1998,764,1,2.0
12/03/1998,245,7,3.0
01/12/1999,517,18,3.0
1997-06-16,635,13,5.0
05/22/1997,799,5,4.0
08 Sep 1997,1144,10,5.0
21 Dec 1998,547,15,1.0
1998-02-26,1220,21,4.0
1997/10/06,579,6,1.0
12 Sep 1998,438,11,1.0
1998/09/12,1426,14,3.0
1998/06/03,20,8,5.0
1998-10-06,753,8,3.0
1998/08/25,188,14,4.0
1998/07/13,975,9,2.0
1998/09/08,767,10,1.0
1998-11-04,864,19,3.0
1999-01-12,785,1,3.0
16-08-1998,668,14,3.0
25 Oct 1998,1380,5,2.0
21-03-1998,472,11,4.0
1998/08/08,487,18,5.0
16 Aug 1998,246,3,1.0
1997/10/17,220,18,1.0
10 Jun 1998,426,11,3.0
1998-04-14,1334,10,3.0
23 Jul 1998,675,11,5.0
18-12-1997,1316,2,3.0
04/29/1998,556,11,2.0
08 Aug 1997,1380,9,2.0
1998/12/29,1,11,4.0
1998-10-27,1426,1,3.0
1998/12/14,1552,3,2.0
1997/07/20,1573,11,4.0
06/16/1998,231,3,5.0
01 Sep 1998,611,14,2.0
1997-12-12,151,11,1.0
1998/05/06,507,2,2.0
22 Feb 1998,51,14,2.0
1998-02-26,231,6,1.0
08/02/1998,1064,18,2.0
1998/12/27,231,7,1.0
05/30/1998,684,4,3.0
1998/12/14,36,11,2.0
1998-05-20,564,5,5.0
09/08/1997,809,13,5.0
1998-07-07,1131,9,3.0
1998-09-09,374,5,2.0
1998-12-07,901,24,4.0
05/29/1998,231,5,1.0
11/17/1998,395,14,2.0
24-06-1998,965,14,
1998/12/01,300,14,3.0
1998-12-17,151,4,2.0
04 Oct 1997,1553,5,1.0
1998/12/23,1089,4,4.0
03/16/1998,556,23,3.0
1998-09-14,1163,8,5.0
02-12-1998,1064,2,5.0
1998/10/01,109,17,
1998/07/27,958,11,1.0
20-10-1997,850,8,3.0
1998/01/01,464,9,3.0
1998-05-21,661,9,5.0
,754,1,4.0
04/12/1997,661,11,1.0
1998-10-21,1064,16,4.0
12/05/1998,1426,14,3.0
1998-09-15,1209,11,5.0
01-07-1997,215,1,3.0
24-08-1997,464,18,5.0
07/07/1997,1529,7,2.0
11 Dec 1998,182,3,1.0
1998-08-29,231,6,2.0
1997/05/22,826,7,5.0
1997/03/24,835,13,4.0
12-08-1997,413,4,4.0
15 Feb 1998,1001,14,5.0
1998-10-29,1286,18,4.0
1998/12/01,1135,14,2.0
17 Dec 1998,902,4,5.0
14 Dec 1998,198,10,4.0
1997/10/16,612,6,1.0
1998/05/03,1498,8,2.0
13-09-1997,964,12,3.0
06/12/1998,183,11,3.0
12 Mar 1998,1452,23,5.0
09-06-1998,231,14,2.0
06 Jun 1998,1112,16,4.0
11/13/1998,1443,14,4.0
16-03-1998,807,5,1.0
23 May 1998,556,9,2.0
26-11-1998,246,6,5.0
03 Sep 1997,1124,12,4.0
,54,9,3.0
04/27/1998,770,22,5.0
1998-04-24,464,5,2.0
1997/11/16,665,18,3.0
1998/12/09,823,5,4.0
28 Sep 1998,1426,5,
1998-11-25,441,24,4.0
1998/06/28,1444,6,4.0
1997/09/01,3,5,5.0
1998/04/28,185,17,2.0
1997-05-16,390,15,4.0
23 Dec 1997,809,5,2.0
1997/11/13,231,4,3.0
07/27/1998,14,19,5.0
1997/05/19,340,1,5.0
05/27/1998,198,10,1.0
01/05/1998,290,5,2.0
18 Dec 1997,279,20,5.0
05/04/1998,1427,3,2.0
1997-02-09,583,10,5.0
03/12/1997,179,11,3.0
1997/03/05,1380,9,2.0
23 Nov 1998,48,10,4.0
06/14/1998,21,3,1.0
09/26/1998,215,23,2.0
06/18/1998,1151,11,5.0
1998/04/17,556,14,4.0
01/16/1998,579,11,5.0
28 Nov 1997,1151,11,4.0
1997/12/28,171,6,5.0
26-08-1998,1210,13,5.0
1998-08-06,1248,17,5.0
09/30/1998,1064,11,
20-12-1998,802,24,3.0
1998/11/21,708,19,1.0
01/23/1998,1089,22,4.0
1998-04-01,246,3,1.0
11 Jan 1999,1192,3,4.0
1998-04-07,578,15,5.0
1998/12/28,399,18,4.0
1998/07/25,23,22,2.0
1998-03-21,754,3,2.0
1998/06/20,950,5,2.0
1998/07/10,1394,5,4.0
26 May 1997,592,6,3.0
11 Nov 1998,36,2,3.0
1998/02/26,675,13,2.0
24-05-1998,1380,6,5.0
1998-03-28,231,4,2.0
09/11/1998,475,9,1.0
1997-12-30,383,4,3.0
19-03-1998,149,4,5.0
1998/04/11,371,11,2.0
09/27/1998,825,14,4.0
1998/10/05,242,3,1.0
15 Oct 1998,802,3,
25 Dec 1997,1212,3,4.0
11-05-1997,754,12,4.0
27-07-1998,680,3,5.0
21-12-1998,246,13,5.0
1999-01-16,1382,17,5.0
1998-10-02,231,5,5.0
09 Oct 1998,878,11,4.0
1998/12/16,109,16,5.0
1998-08-29,1254,21,5.0
1998-03-03,360,23,5.0
02-12-1998,994,9,1.0
29-05-1997,602,12,2.0
1997-02-23,1260,13,2.0
05/24/1997,1224,2,5.0
16 Oct 1998,1426,7,
04/23/1997,1380,4,5.0
1998/12/02,20,13,1.0
1997/03/27,182,15,4.0
1997/04/27,399,3,5.0
01/06/1999,1295,18,1.0
12/23/1998,374,9,5.0
12-07-1997,1426,11,5.0
09 Jan 1999,1214,22,1.0
05-12-1998,35,20,2.0
1997-08-22,20,5,2.0
06/09/1997,1232,9,2.0
1998-09-21,553,11,5.0
1997/11/28,1124,18,5.0
1998-05-13,1264,10,5.0
21-01-1999,116,3,5.0
27-03-1998,958,14,5.0
1998/06/21,231,23,1.0
1997/04/07,162,11,4.0
11-06-1997,591,13,5.0
1999/01/25,869,22,3.0
31-10-1998,332,4,5.0
08/05/1998,479,22,4.0
06/22/1998,1276,15,1.0
12-09-1997,760,7,1.0
,426,3,3.0
1998-12-29,231,19,2.0
12/28/1998,463,3,3.0
03-05-1997,591,4,5.0
1997-08-20,611,11,3.0
12-01-1998,1080,3,3.0
1998/12/26,198,22,4.0
1998-01-09,864,9,1.0
1998-11-23,953,3,2.0
11/08/1997,231,3,5.0
1998-06-09,202,14,3.0
08/12/1998,1040,7,2.0
1997-06-26,1172,14,
08 Jan 1999,1293,5,5.0
15-03-1997,680,4,3.0
12 Sep 1997,1191,10,1.0
1998-05-28,934,21,3.0
1998-08-28,556,8,1.0
1998/06/29,1224,8,1.0
1998-10-29,231,5,1.0
29 Jan 1999,762,23,4.0
11/12/1998,837,5,4.0
1997-10-26,382,18,1.0
1997/09/06,369,14,4.0
1998/06/25,1400,12,3.0
13 Nov 1998,1359,10,4.0
1997/07/24,680,11,1.0
1997/04/20,384,3,4.0
05/03/1997,467,5,1.0
1997-10-01,231,13,5.0
04/12/1998,574,21,5.0
23 Jan 1999,1402,11,5.0
24 Feb 1998,1407,5,4.0
1998-12-10,184,4,1.0
09 Nov 1998,231,22,3.0
22 Mar 1998,1292,8,5.0
15-02-1997,949,14,
09 Sep 1997,1479,9,4.0
1998/11/30,1343,13,5.0
08/17/1998,764,11,2.0
29 Apr 1998,1520,15,1.0
09/15/1997,105,17,5.0
1997/11/22,231,15,4.0
02/09/1998,494,16,3.0
1998/09/01,174,7,2.0
12 Mar 1998,497,8,5.0
1998-03-20,185,9,1.0
1997-08-24,450,5,4.0
1998/11/19,1122,20,3.0
23-01-1998,1139,7,3.0
20-01-1998,231,11,4.0
03/21/1997,149,10,4.0
1997-07-09,1397,6,4.0
07 Jun 1997,1369,8,5.0
1998/01/06,901,10,4.0
1998/05/09,149,14,2.0
10/16/1998,562,19,4.0
1999/01/24,370,11,1.0
12/04/1998,32,5,2.0
1998-06-13,1494,14,2.0
12/22/1997,965,2,3.0
1998/09/11,614,16,3.0
1997/10/08,1380,16,5.0
04/27/1997,1139,11,2.0
1998/09/25,754,17,3.0
1998/05/26,647,4,2.0
1998/08/04,495,5,4.0
12/07/1998,231,15,2.0
30-05-1998,1196,15,3.0
04 Nov 1997,767,11,2.0
1998/12/11,1139,2,1.0
08/01/1998,734,18,5.0
22 Apr 1998,450,3,1.0
1997/06/16,732,13,5.0
09 Nov 1998,693,4,5.0
1997-03-08,835,13,2.0
1997-06-06,1260,4,4.0
09/29/1998,350,8,4.0
23-10-1998,176,6,3.0
08/13/1997,1224,3,3.0
01/28/1999,1456,3,3.0
1998-03-14,581,18,5.0
1998-10-23,672,11,2.0
1998/05/08,1457,10,1.0
1997-06-09,1260,11,1.0
06/06/1997,1466,11,5.0
1999/01/17,697,23,2.0
1997-07-23,1382,5,2.0
02/04/1999,754,8,2.0
08 Jan 1998,438,5,4.0
13 Jan 1998,48,8,4.0
25-01-1999,720,5,4.0
1998-09-23,907,5,1.0
1998-08-23,500,1,4.0
16-02-1998,807,1,1.0
07/05/1998,672,19,3.0
1998/04/25,850,7,5.0
1998/08/18,1392,17,4.0
12/15/1998,426,14,1.0
1997/08/11,864,12,3.0
07/12/1998,215,21,2.0
30-04-1998,754,9,4.0
1999-01-12,613,5,5.0
25 Apr 1997,345,1,4.0
1997-07-29,1457,11,1.0
1997-04-07,399,12,2.0
07/29/1998,675,19,4.0
1998/02/22,383,14,2.0
1998/03/27,168,15,1.0
11/08/1997,1419,8,3.0
12/18/1998,843,10,2.0
1998/04/08,1429,8,5.0
11-12-1998,1452,10,3.0
1998/01/22,1135,9,5.0
24-12-1997,804,9,2.0
18-12-1997,444,15,2.0
1999/01/18,150,12,5.0
12/24/1997,48,11,4.0
1998/11/04,975,20,3.0
26 May 1998,592,18,5.0
1998/11/21,708,19,1.0
03 May 1998,1397,9,2.0
10 Sep 1998,1321,6,5.0
1997/05/25,48,3,4.0
1998-08-02,1100,24,3.0
1998/04/22,1172,18,3.0
1997/07/19,811,8,4.0
21-05-1998,750,20,1.0
27-01-1998,176,14,3.0
01/31/1998,248,8,2.0
09 May 1998,642,18,5.0
30-06-1997,231,8,4.0
06-09-1997,1371,10,3.0
1999/01/21,332,23,4.0
,578,19,2.0
27 Nov 1998,809,13,4.0
,393,3,3.0
25-09-1998,348,18,1.0
09/07/1998,231,10,3.0
1998/08/04,384,15,1.0
03 Jan 1999,1224,18,1.0
08-09-1998,246,18,2.0
15-12-1998,1326,4,1.0
29 May 1998,287,1,4.0
12 Jun 1998,1091,10,1.0
1999/01/20,1360,5,1.0
03 Mar 1997,535,3,1.0
11-05-1998,464,14,2.0
31 Dec 1997,602,10,1.0
,1224,2,1.0
11-11-1998,855,3,2.0
04-12-1998,613,4,3.0
16-06-1998,807,18,4.0
29-07-1997,287,10,3.0
06/04/1998,67,1,4.0
01 Aug 1997,37,11,2.0
04 Jul 1997,1133,9,5.0
1998/09/02,1260,6,4.0
27 Oct 1998,946,3,5.0
1998/08/18,231,18,1.0
24-06-1997,702,5,5.0
03-10-1997,960,8,1.0
02-10-1997,1480,5,3.0
02/28/1998,1260,12,4.0
1998-10-02,1064,10,1.0
08-02-1997,309,2,4.0
1997/10/10,1292,5,4.0
06/29/1998,1410,11,3.0
10 Oct 1998,464,4,2.0
07/06/1997,440,14,4.0
1998-11-02,978,15,1.0
16-12-1997,699,5,2.0
31-08-1997,85,11,5.0
1998/11/07,20,15,5.0
01 Feb 1998,1177,6,1.0
1998/12/06,1181,9,2.0
20-04-1997,383,7,4.0
1997-11-12,956,5,3.0
16 May 1997,287,11,4.0
1998-04-26,1088,6,5.0
18-01-1997,287,14,3.0
1998-01-27,1098,10,5.0
1998-08-27,994,24,3.0
06/15/1998,1397,17,3.0
1998/09/01,287,3,5.0
1998/07/08,1304,10,5.0
24 Jan 1997,474,14,
13-06-1998,639,1,4.0
1998-07-19,843,2,1.0
,600,7,1.0
1997/04/15,562,14,1.0
1997-10-13,754,3,1.0
28-09-1997,858,18,4.0
,1517,14,3.0
1998/09/04,756,20,4.0
1998/12/07,231,16,
1998-03-26,556,18,1.0
10/23/1998,417,12,4.0
07/27/1998,81,12,4.0
1998-12-01,231,12,3.0
07 Mar 1998,295,16,5.0
13-11-1998,231,7,1.0
14 Apr 1998,174,17,1.0
14 Jan 1998,1446,11,2.0
1998/02/05,231,12,5.0
13-01-1997,556,9,3.0
01/08/1998,355,14,5.0
09-06-1998,231,14,2.0
09/23/1998,675,5,2.0
1997-05-07,672,11,1.0
,98,4,1.0
01 Jan 1999,1064,4,2.0
1998/12/04,1539,11,1.0
26 Aug 1997,901,5,
1997/01/19,514,3,2.0
10-08-1997,36,13,2.0
05/18/1997,48,14,3.0
07-12-1998,215,5,2.0
06/14/1997,613,14,2.0
16 Jan 1998,581,18,5.0
09 Oct 1998,520,2,2.0
1997-09-03,1210,9,5.0
22 Mar 1998,231,4,4.0
1998-07-19,996,17,1.0
,764,18,5.0
1997/07/17,20,10,1.0
1997-11-03,1371,9,3.0
05/26/1998,1312,2,2.0
1998/12/25,1531,1,1.0
1999-01-15,231,10,
20-10-1998,20,11,2.0
1998/08/23,226,18,1.0
1997-12-14,206,18,5.0
20 Jul 1998,46,18,5.0
1998/11/28,215,10,3.0
05/07/1998,543,10,2.0
01-11-1997,1224,2,1.0
13-04-1997,82,10,1.0
,877,3,5.0
1998/04/19,556,21,5.0
01/13/1999,20,21,5.0
01 Jan 1999,1457,9,5.0
23-01-1997,316,14,
1998/04/12,639,6,2.0
15 Jan 1998,1220,8,5.0
20 Oct 1998,149,4,2.0
31 May 1998,1429,9,2.0
24 Jun 1998,215,22,3.0
07/08/1998,399,12,3.0
10/07/1998,51,23,4.0
01/12/1998,330,18,5.0
11/02/1998,1394,4,5.0
1997/06/20,728,7,4.0
01/22/1999,754,14,1.0
1998/06/09,942,18,3.0
10/12/1997,1380,3,3.0
30 Aug 1997,1155,9,3.0
09/01/1997,965,11,2.0
1998/03/08,641,1,1.0
10-12-1998,965,14,3.0
08/04/1997,54,9,5.0
1998/12/29,500,1,1.0
12/20/1998,1016,5,1.0
24-09-1998,80,18,3.0
18 Sep 1998,59,5,5.0
16-07-1998,809,4,2.0
10/16/1998,238,1,4.0
06/28/1998,399,9,
08-06-1997,1527,11,4.0
1997-12-24,295,20,2.0
16 Jun 1998,68,14,4.0
1997/11/21,48,19,3.0
1998/11/10,763,18,3.0
1998/08/09,339,3,1.0
08 Sep 1998,86,9,2.0
09/03/1998,332,7,5.0
1998-11-11,383,18,5.0
1997/09/21,1139,8,4.0
1998/10/19,472,14,5.0
1998/01/17,1224,3,1.0
1998/01/19,1161,7,2.0
09-07-1997,1106,3,2.0
11/29/1998,1280,1,5.0
03 Apr 1998,905,3,2.0
1997-10-18,915,17,1.0
19 Jul 1998,915,5,1.0
10/04/1998,592,5,2.0
09/05/1997,718,12,3.0
06/07/1998,449,15,3.0
21 Apr 1998,850,23,3.0
14-12-1997,59,11,4.0
1997/07/22,574,6,5.0
12/17/1998,383,22,1.0
1997-08-28,578,18,4.0
19-05-1998,1492,14,4.0
08/29/1997,1380,2,5.0
06/13/1997,1426,9,5.0
22-06-1998,647,14,5.0
1998/07/02,1104,17,5.0
1997-06-01,231,3,
26 Dec 1998,1224,3,2.0
1998/12/06,383,14,
1998/05/01,1172,14,
26-12-1997,1139,14,5.0
27-01-1998,1332,17,1.0
1998-07-09,399,22,4.0
21 Oct 1997,95,11,5.0
25 Feb 1997,312,11,3.0
06 Nov 1997,109,11,2.0
1999-01-30,20,8,3.0
12/04/1998,1554,22,4.0
28 Oct 1998,502,18,5.0
1997/04/15,1457,5,5.0
1998-03-02,1508,11,2.0
22 May 1998,288,7,5.0
10-09-1998,231,9,1.0
20-07-1998,1102,7,4.0
12/13/1997,1483,14,2.0
09/17/1998,902,11,3.0
1999-01-04,1390,24,
11/01/1998,164,5,3.0
28-09-1997,1181,1,1.0
1998/07/15,246,23,1.0
07/26/1998,1523,17,5.0
12 Aug 1997,1212,14,4.0
12/27/1998,769,14,2.0
18 Apr 1997,898,14,3.0
30 Jul 1998,578,12,2.0
04-10-1997,1576,18,4.0
09-11-1998,546,14,5.0
09/07/1998,215,14,2.0
1997-12-22,1201,6,1.0
25 Dec 1998,741,18,5.0
01 Sep 1998,734,18,1.0
1997-04-24,48,5,5.0
1997-12-09,1548,3,1.0
31-12-1997,1422,10,4.0
1998/09/06,54,2,2.0
1997-08-26,578,5,4.0
1998/08/24,477,23,4.0
08-09-1998,1245,14,2.0
1998/10/29,701,10,4.0
22 Dec 1998,829,13,3.0
26 Jan 1999,1520,11,1.0
13 Nov 1997,213,6,3.0
20 Dec 1997,1064,13,4.0
28-04-1998,1273,14,3.0
24 Jul 1998,556,5,1.0
02/10/1997,64,2,4.0
1997-02-08,467,4,3.0
07/10/1998,864,1,3.0
12-10-1997,1020,7,4.0
05/16/1997,622,10,
28 Nov 1998,399,14,4.0
1998/04/06,1452,18,1.0
1998-08-26,474,18,2.0
1998-06-06,45,19,1.0
1999-02-01,1421,12,2.0
14 Nov 1997,102,9,4.0
1998/06/02,149,11,5.0
06/27/1997,267,4,4.0
1998/07/03,669,14,5.0
09/22/1997,692,11,5.0
28 Jun 1998,1233,7,5.0
13-04-1997,1421,5,5.0
07/16/1998,1064,5,4.0
12/10/1997,1231,11,1.0
04/06/1998,231,7,1.0
08/15/1998,1402,11,5.0
1998-02-26,1410,13,5.0
08 Dec 1998,478,18,5.0
1998-12-11,464,24,5.0
02-12-1997,1426,7,5.0
1998/05/04,840,14,1.0
09/28/1998,1293,5,5.0
20 Mar 1998,48,5,3.0
1998-01-24,399,6,4.0
1998-12-31,1509,23,3.0
1998/06/16,1139,4,3.0
1998-09-25,1120,14,2.0
18 Nov 1998,287,4,4.0
27-09-1997,364,7,2.0
1997-12-07,1260,14,5.0
03/10/1998,824,15,5.0
04/28/1998,1124,5,3.0
27-07-1998,1424,6,1.0
25 Mar 1998,1139,3,4.0
1998-04-11,1380,4,5.0
1997-07-10,1220,2,3.0
1997-03-18,1154,14,4.0
08/05/1998,274,5,1.0
25 Feb 1998,661,12,4.0
11/06/1998,359,4,4.0
21-03-1998,399,18,5.0
20-06-1997,370,17,5.0
1998/04/28,48,18,
1997/09/22,754,13,3.0
27 Jan 1997,246,6,5.0
1998/05/23,231,7,1.0
1997/10/20,1101,11,2.0
04/12/1998,1355,3,3.0
1998/12/12,23,14,5.0
01/16/1998,182,4,1.0
09 Jan 1998,938,17,3.0
11-08-1998,592,4,4.0
10 Sep 1998,1444,1,2.0
02-01-1999,949,20,3.0
23-12-1998,312,3,2.0
1998/06/07,48,5,3.0
,205,8,3.0
1998/08/24,123,2,2.0
21 Aug 1998,1397,11,1.0
05-09-1998,985,23,5.0
21-02-1998,413,1,4.0
1999/01/12,370,4,2.0
1998/05/25,48,23,1.0
15 Mar 1998,285,2,5.0
1998-11-25,51,11,5.0
28 Mar 1997,555,5,4.0
03/30/1998,693,20,3.0
08 Nov 1998,392,5,2.0
1998/07/28,383,3,3.0
1998-10-02,1172,4,4.0
1998/07/20,1500,14,1.0
06/06/1998,149,15,4.0
15-08-1998,231,18,5.0
1998-05-22,1139,5,2.0
01/01/1998,231,10,3.0
1998-06-05,578,16,1.0
1998/09/20,442,4,2.0
1997/06/18,1509,4,1.0
1998-05-30,802,6,3.0
03/24/1998,1517,11,5.0
1997-01-28,1452,7,2.0
1998/10/10,1426,11,5.0
1998/09/17,1240,11,2.0
1998/01/12,1386,6,3.0
12/06/1998,1382,14,1.0
1997/12/11,496,11,1.0
1998-09-21,1172,11,2.0
03/01/1998,1397,11,1.0
05/23/1998,1457,10,5.0
1997-06-14,1224,17,
1998/06/03,1086,4,1.0
05-12-1998,1139,11,5.0
1997/12/20,1029,12,1.0
19-10-1998,556,21,1.0
01 Nov 1998,1270,12,3.0
1998-11-14,169,19,5.0
04/30/1998,1169,4,5.0
10 Jul 1998,1124,23,4.0
19-01-1998,102,14,1.0
29-01-1998,704,3,3.0
01-09-1998,231,11,2.0
04/18/1997,1163,14,2.0
1998/10/25,287,12,5.0
1997/04/28,535,14,4.0
30 Apr 1997,231,14,5.0
07/20/1997,231,3,1.0
1998/06/28,625,17,5.0
26 Jun 1998,1372,24,2.0
1998-11-07,807,24,2.0
01/17/1998,231,6,1.0
1997/03/24,128,3,4.0
10-09-1998,303,18,1.0
1997-08-18,672,3,5.0
1997-08-19,345,5,1.0
11-04-1997,1426,5,3.0
1997/03/10,1095,4,3.0
24-04-1998,571,10,3.0
06/29/1997,231,5,4.0
06 Jan 1999,1541,11,2.0
07 Jan 1999,419,12,4.0
1998-08-03,231,4,5.0
10/06/1998,840,9,2.0
1998-11-27,299,18,5.0
1998-08-19,1321,2,2.0
14-06-1997,500,14,2.0
1998/04/10,556,18,4.0
12/30/1998,764,13,5.0
08/06/1997,766,1,4.0
1997-10-24,802,3,2.0
07/20/1998,1293,3,4.0
12 Dec 1997,702,8,4.0
1999/01/12,287,19,4.0
1997-11-20,864,3,2.0
01/23/1999,749,23,1.0
,737,7,3.0
1998-11-08,885,19,3.0
1998-12-17,151,4,2.0
1998/08/18,763,7,1.0
1998-01-12,890,14,3.0
1998/10/26,365,10,2.0
10/07/1998,554,4,4.0
1998/08/23,1426,15,1.0
10/21/1997,843,3,4.0
12-05-1997,1430,8,2.0
24 Nov 1998,48,2,2.0
1998-09-18,684,22,2.0
05/09/1998,581,3,1.0
09 Jan 1998,287,5,3.0
07/16/1998,639,4,3.0
08 Aug 1998,754,5,5.0
26-04-1998,142,21,4.0
1998-11-04,300,11,5.0
01-08-1998,1077,14,4.0
10/21/1998,931,11,2.0
12/09/1998,579,3,5.0
11/03/1997,1139,20,5.0
1998/09/22,809,13,3.0
1997-05-02,1064,11,2.0
12-12-1998,1478,14,5.0
1997-03-29,754,25,2.0
1997/02/24,1209,14,3.0
14-07-1998,1342,11,2.0
24-03-1997,1064,11,1.0
12/01/1998,215,12,4.0
1998-11-22,205,11,5.0
1997/10/30,231,11,2.0
04-04-1997,231,14,1.0
07/16/1998,1493,7,4.0
30-12-1997,48,14,3.0
03/10/1998,839,22,4.0
1997-10-11,223,4,5.0
1998/05/21,1554,13,4.0
1998-05-25,332,1,1.0
28-02-1997,287,8,3.0
1998/07/01,1365,12,2.0
1997-03-14,676,8,4.0
1998-06-29,843,1,2.0
29 Nov 1998,564,2,5.0
1998-08-20,1549,12,5.0
12-10-1997,197,5,1.0
08/10/1998,914,10,1.0
1998-06-30,1457,23,3.0
11/09/1998,1365,1,4.0
12 Jun 1998,1248,7,3.0
1998-05-21,778,9,
1998/04/28,837,3,4.0
04/26/1997,1040,1,3.0
15-01-1998,170,11,5.0
14-09-1998,985,3,2.0
1997/06/16,1295,14,3.0
1998-07-29,901,2,4.0
20 Jan 1999,1272,15,4.0
09 Nov 1997,962,7,5.0
1998/06/21,1552,18,4.0
05/07/1997,500,11,1.0
1997-05-24,1396,11,4.0
12/23/1997,399,3,3.0
21-06-1998,735,2,3.0
1998-05-18,20,3,2.0
30 Mar 1997,300,12,1.0
1999-01-26,121,18,2.0
06 Dec 1998,802,14,5.0
05/07/1997,688,4,4.0
1998-07-12,854,5,2.0
05-04-1998,1153,5,2.0
1997-09-14,607,18,1.0
01/20/1997,215,8,5.0
1998-02-01,1178,8,3.0
15 Jun 1998,1177,11,5.0
11-12-1997,809,11,3.0
10-07-1998,54,7,3.0
1998/01/04,885,9,4.0
01-09-1998,692,12,4.0
10/30/1998,1214,13,
1998-10-30,48,5,4.0
1998/11/16,1275,11,3.0
11-02-1998,800,22,1.0
11 Dec 1997,998,3,4.0
01/06/1999,205,3,3.0
05/31/1997,1045,11,3.0
1997/04/28,166,3,2.0
21 Jun 1998,1053,3,5.0
14-06-1998,636,22,3.0
21-11-1997,720,11,4.0
1998-07-18,1399,12,4.0
1998/12/29,1224,4,5.0
06/04/1998,1172,4,4.0
26-02-1997,535,3,2.0
1997-10-17,1052,11,5.0
1998/08/16,1397,24,3.0
14 Jul 1998,695,3,2.0
1998/09/05,149,23,5.0
1998-08-30,1295,18,2.0
11 Jan 1999,556,12,2.0
30-09-1998,1209,18,3.0
20 Feb 1998,864,13,3.0
1998-08-09,1446,1,2.0
30 Dec 1998,1224,12,2.0
12 Sep 1998,421,8,2.0
1998/10/05,929,20,5.0
16 Jun 1997,582,10,1.0
25-08-1998,350,22,5.0
1997/08/17,1399,3,5.0
1998-07-07,231,14,3.0
1997-09-10,1199,3,3.0
1998-11-04,321,24,2.0
1998/11/17,1426,3,2.0
1998/06/08,1011,2,4.0
1998-04-05,332,4,3.0
07/25/1998,303,1,2.0
1997/11/25,612,3,4.0
1997-06-09,1104,11,5.0
1998/08/09,956,4,5.0
1997/03/03,111,3,2.0
20-02-1998,151,12,5.0
1997/05/07,823,5,1.0
1999/01/18,365,18,1.0
1998/03/29,254,23,4.0
30 Dec 1997,1139,11,4.0
14-08-1997,1388,4,5.0
1998-04-29,54,14,2.0
17-04-1998,864,15,
03/14/1998,1224,10,3.0
10/18/1998,295,15,2.0
05-08-1998,180,11,4.0
28-12-1998,1295,3,4.0
03/08/1998,48,8,2.0
19 Oct 1997,67,6,3.0
04-05-1998,231,19,3.0
1998/12/22,1139,15,5.0
1997/06/08,1214,7,5.0
11/08/1998,370,5,2.0
1997-03-17,1020,2,3.0
04/26/1998,1069,2,2.0
18 Nov 1998,1100,8,2.0
07/16/1997,48,3,4.0
1999-02-10,272,24,5.0
1998-04-25,1139,18,4.0
13 Nov 1998,1457,1,3.0
06 Feb 1998,1498,18,2.0
07/10/1997,433,11,2.0
05/28/1997,136,15,
11/03/1997,1139,5,2.0
09-12-1998,1452,11,4.0
04 Aug 1998,231,19,3.0
1998/03/27,1426,22,5.0
1999/01/24,1139,14,5.0
01/01/1999,1520,9,3.0
04-03-1997,592,14,2.0
1998-11-09,231,10,5.0
1998-05-23,898,4,2.0
1998/04/23,20,5,1.0
1998-07-08,556,14,5.0
05/28/1998,560,15,4.0
1998-06-19,901,11,5.0
12 Feb 1998,360,21,5.0
18 Jan 1999,295,17,2.0
1997/09/28,857,5,4.0
1999/01/26,166,7,1.0
1998-09-12,1561,11,5.0
01 Jun 1997,48,5,1.0
02 Dec 1998,514,22,3.0
24-04-1998,711,11,5.0
1998/10/21,215,2,4.0
07/03/1998,856,18,5.0
1998-12-03,856,4,4.0
1998-06-20,477,14,3.0
12/01/1998,1079,18,2.0
1998/05/17,1426,11,3.0
1997-07-05,1139,14,4.0
28 Feb 1998,898,17,3.0
1997/12/12,1254,18,2.0
08 Jun 1997,355,14,5.0
1998/09/22,894,12,5.0
07-06-1998,246,4,4.0
1998/05/03,667,11,5.0
05-04-1997,1080,14,4.0
1998-07-12,1508,13,2.0
1997-11-11,982,14,5.0
,231,9,5.0
27 Aug 1998,741,2,1.0
12/25/1998,36,8,2.0
02/10/1998,1079,11,4.0
1998/04/08,1173,11,4.0
1998/01/12,1025,14,4.0
24 Jun 1998,291,3,1.0
07/20/1998,17,11,2.0
27-11-1997,754,10,3.0
1998-11-01,822,14,5.0
07-06-1997,1451,8,3.0
18-06-1997,1219,15,
07/17/1997,670,3,3.0
21-09-1998,67,22,1.0
23 Apr 1997,1546,6,1.0
07/12/1997,544,8,2.0
26-11-1997,256,18,2.0
27 Jun 1998,1428,14,5.0
1999/01/05,507,20,3.0
12/08/1997,1559,11,1.0
03/18/1998,1230,5,3.0
09/13/1998,970,5,4.0
1998/11/04,1083,19,2.0
1998-06-26,778,12,4.0
08/02/1998,1139,7,4.0
1998/01/15,1250,19,3.0
29-06-1997,809,14,2.0
28-06-1997,1064,5,2.0
1998-08-10,37,17,4.0
25-09-1997,399,5,4.0
1998/02/12,355,13,1.0
05-04-1998,802,7,5.0
25 Oct 1998,246,18,4.0
1997-03-22,231,5,3.0
02 Nov 1998,205,12,4.0
,1386,4,5.0
1998-11-21,1064,14,3.0
12/12/1997,1219,3,1.0
1999/01/02,1264,4,1.0
,290,14,5.0
05/09/1998,1426,18,2.0
1998/04/05,739,8,1.0
1998/09/03,607,9,3.0
1998/02/07,1172,14,5.0
11 Nov 1998,23,18,2.0
25 Mar 1998,231,12,1.0
16-05-1998,840,7,4.0
10/26/1997,1172,8,4.0
25 Jul 1998,1293,14,3.0
02-09-1998,48,13,5.0
09 Sep 1998,105,14,2.0
29 Jul 1998,499,11,1.0
11 Jun 1998,109,3,2.0
1999-01-22,1542,1,1.0
15 Feb 1997,754,7,3.0
1998-07-28,843,19,5.0
15 Nov 1998,754,11,5.0
10 Nov 1998,1209,14,5.0
08 Jun 1998,146,18,4.0
1998/06/12,231,5,1.0
10/20/1997,1064,3,2.0
21-01-1999,451,12,1.0
,332,6,3.0
08 Jun 1998,1426,10,2.0
19 Jan 1999,231,2,1.0
1998/06/30,116,11,5.0
1998-08-19,184,3,3.0
1998-12-23,1407,15,3.0
1997/08/21,807,9,2.0
26 Jan 1998,846,11,1.0
1997/06/08,1521,13,2.0
1997-08-12,1293,14,5.0
21-10-1998,383,16,1.0
06-01-1998,1534,4,2.0
1997-03-20,1379,3,3.0
17 Oct 1998,321,11,4.0
21-11-1998,1139,23,1.0
1998-07-02,228,5,1.0
30 Jun 1997,482,5,3.0
06/20/1997,1101,2,4.0
1998-10-17,182,18,2.0
1998/08/23,754,19,1.0
1997/11/10,107,12,2.0
20-08-1997,151,7,4.0
17-04-1998,479,7,4.0
01/03/1999,739,11,4.0
1998-06-10,1214,3,2.0
1998/07/30,855,18,2.0
26-10-1998,255,5,4.0
1998-01-03,1105,18,5.0
1997-12-17,578,9,2.0
1998-12-12,33,11,1.0
27 Sep 1998,901,4,4.0
1998-02-12,365,14,4.0
1998/05/08,737,2,5.0
14 Jun 1998,1153,7,
1997-09-09,598,7,3.0
10/18/1998,198,2,3.0
11 Dec 1998,476,11,3.0
16-03-1998,843,14,5.0
1998-05-27,204,4,5.0
09-09-1998,1426,22,2.0
06-04-1998,36,14,4.0
27-07-1998,182,3,3.0
05 Aug 1997,850,2,4.0
19 Jun 1998,212,9,4.0
12-08-1998,345,19,4.0
20 Jun 1998,907,18,5.0
12/20/1998,48,1,1.0
06-10-1997,1380,3,4.0
1997-06-14,573,9,5.0
10/09/1998,843,8,1.0
08-03-1998,231,15,2.0
1998/02/09,1156,11,3.0
1999/01/22,556,11,3.0
1998/02/21,399,3,3.0
18-09-1997,300,8,3.0
1998/03/29,994,17,5.0
1998/06/06,864,1,1.0
24-08-1997,675,5,2.0
1998/10/29,383,23,3.0
1998-10-07,778,2,2.0
1997/08/21,1411,2,2.0
28-01-1998,613,7,1.0
05 Jul 1998,610,10,3.0
1998-02-24,850,1,5.0
1997-08-21,754,12,4.0
10-01-1999,1397,5,1.0
15-03-1997,1359,14,1.0
07/26/1998,1552,14,1.0
01/19/1998,1507,22,4.0
1998-10-03,1499,23,4.0
01 Jan 1999,1085,7,4.0
1997/11/19,1105,14,3.0
01/13/1999,215,3,4.0
29-07-1998,1479,5,4.0
06 May 1998,611,11,3.0
1998-08-16,428,22,
20 May 1998,20,21,4.0
01/10/1999,570,4,2.0
1997-05-12,1096,11,2.0
1997/03/08,198,9,2.0
15 Aug 1998,996,24,3.0
12/12/1997,12,12,5.0
04/18/1998,399,5,2.0
29-09-1998,231,14,3.0
1998/11/12,1224,7,5.0
12/06/1998,825,2,4.0
11-10-1997,1541,3,1.0
1997-05-20,1017,12,2.0
13-12-1997,1486,8,3.0
24-07-1998,342,11,1.0
1998-08-05,1172,3,1.0
05/01/1998,906,23,3.0
11/25/1998,785,15,2.0
1998-12-25,20,10,5.0
1998-06-19,1083,18,4.0
19 Sep 1998,215,9,5.0
1998-11-28,1100,8,4.0
12/23/1998,1260,14,4.0
10-04-1998,1442,11,5.0
1998-01-24,399,6,4.0
13 Jun 1998,15,11,1.0
08/26/1997,20,4,4.0
1997-01-25,198,10,4.0
14-10-1997,1429,1,2.0
1997/08/16,496,15,3.0
1997-05-21,709,14,2.0
1998/06/28,457,4,1.0
1999/01/22,1020,24,3.0
14 Aug 1998,681,23,4.0
16 Jun 1998,390,6,5.0
26-04-1998,843,10,5.0
07/20/1998,295,15,4.0
08/18/1997,331,10,2.0
04/14/1997,622,5,2.0
28 Mar 1998,692,8,4.0
1997-04-20,1538,14,3.0
02 Mar 1998,182,5,1.0
23 Nov 1997,527,12,4.0
05/28/1997,48,4,5.0
1998/07/13,1421,23,1.0
1998-01-13,681,11,4.0
14 Apr 1997,1381,1,3.0
04 Dec 1998,1139,15,3.0
31-12-1998,494,24,5.0
22 Mar 1998,1139,4,3.0
11/21/1998,3,22,3.0
1999-01-18,231,8,3.0
17-11-1998,36,8,1.0
,1428,4,2.0
15 Oct 1998,864,14,3.0
1998-07-11,901,22,2.0
1998/05/12,809,1,4.0
21 Apr 1998,722,8,5.0
1998-08-11,48,5,5.0
02/03/1998,48,11,3.0
30-05-1997,48,7,4.0
31-01-1999,383,9,1.0
06/11/1998,1426,9,1.0
20-08-1997,636,8,5.0
11/24/1998,487,1,3.0
07/10/1998,1077,14,3.0
15 May 1998,901,2,3.0
30-07-1998,128,20,5.0
1997/04/11,754,6,1.0
10/24/1998,1139,3,1.0
24 Aug 1998,1147,11,1.0
1998/05/02,898,18,4.0
06/30/1998,1053,14,1.0
1999/01/05,1106,4,2.0
1998-04-26,242,18,2.0
1998/04/29,864,11,4.0
1997-07-14,950,13,1.0
15-09-1998,595,11,3.0
1999-01-06,1452,7,3.0
30 Jul 1998,1452,5,1.0
1998/01/11,383,14,2.0
1998/11/14,855,24,3.0
1998-01-14,879,1,1.0
08-07-1998,381,12,4.0
1998-10-08,231,7,3.0
10/31/1998,1106,11,5.0
11-01-1999,838,8,2.0
1997-10-10,965,12,5.0
1997-03-26,1092,9,1.0
01/09/1998,226,4,1.0
28-08-1998,547,19,1.0
1997-12-28,1139,6,1.0
1997-06-19,930,1,1.0
1998/06/03,1285,5,1.0
05/24/1997,48,10,3.0
1998-12-10,398,15,4.0
1997-07-30,220,7,1.0
03-01-1998,757,18,1.0
01/13/1999,856,5,5.0
06-07-1998,1605,12,1.0
1998-03-31,1001,18,5.0
1998/11/22,656,11,4.0
07/26/1998,1291,18,1.0
11/05/1998,55,11,4.0
1997/11/14,135,3,2.0
1998/02/07,1457,3,3.0
01/27/1999,1572,23,4.0
1998-08-20,149,5,4.0
11/14/1997,44,15,3.0
1998-03-13,596,10,4.0
01/18/1998,764,12,3.0
1998-12-31,1304,22,4.0
09/14/1998,794,21,1.0
13 Oct 1997,76,3,1.0
02-12-1998,1006,18,3.0
04/18/1997,383,13,2.0
1998/04/29,898,3,
1998-08-23,680,23,4.0
29 Jan 1998,54,18,
18 Jun 1997,1300,14,3.0
28-08-1997,1064,3,1.0
1998-08-26,794,10,4.0
24-06-1998,647,4,1.0
1998/10/28,482,16,1.0
01/07/1999,1083,17,1.0
10/28/1998,1172,19,2.0
25-11-1998,329,20,3.0
01/15/1999,377,8,2.0
23 Sep 1998,495,15,1.0
03-01-1999,1105,23,2.0
11/02/1997,1380,8,4.0
1998/10/17,378,3,4.0
1998/05/31,741,5,4.0
1997-03-13,958,4,4.0
1998-03-15,1219,5,2.0
08/29/1998,1445,19,5.0
1998/04/18,1318,6,4.0
02-11-1998,176,21,2.0
16-08-1998,448,20,2.0
1998/02/22,1418,18,
03/08/1998,1161,7,4.0
1997-04-04,1452,10,3.0
15-08-1998,1520,8,1.0
06/17/1998,627,18,3.0
08-08-1998,1429,15,2.0
06 Mar 1998,864,2,
07 Mar 1998,1162,14,5.0
1998-12-08,1064,8,3.0
1998/03/14,166,3,1.0
31-08-1998,363,9,5.0
22-01-1999,1273,5,2.0
1998/05/21,864,18,2.0
1997/07/31,1153,2,2.0
13 Oct 1997,20,5,3.0
1998/06/13,1105,10,5.0
12/27/1997,231,9,3.0
26 Nov 1998,1456,5,2.0
27 May 1998,1465,14,4.0
25-10-1997,83,3,3.0
06 Feb 1998,139,14,2.0
1998-10-23,799,18,2.0
1998/09/23,1257,20,5.0
25 Jan 1999,360,9,4.0
1997-05-05,847,15,1.0
09-06-1997,704,14,1.0
21 Jul 1998,177,4,3.0
07/04/1998,1273,11,
17-12-1998,898,18,4.0
12/06/1998,295,7,5.0
23-01-1999,1064,23,1.0
14-07-1997,1153,11,3.0
29 Jul 1998,1086,19,1.0
11/17/1997,24,5,5.0
1998-06-22,204,1,2.0
1997/08/14,1349,6,3.0
1997-11-07,54,18,4.0
01-03-1998,1293,5,4.0
30 Jun 1998,1117,3,5.0
1997-04-12,594,3,3.0
1998-06-25,611,14,3.0
05 Oct 1998,414,2,2.0
17 Jul 1998,149,18,5.0
1999/01/03,1453,17,1.0
1997/04/11,684,5,3.0
09/26/1997,917,7,4.0
03-05-1998,1466,3,1.0
10-07-1998,300,1,2.0
17-08-1997,592,8,1.0
24-04-1997,413,3,4.0
1998/05/17,299,11,3.0
02-08-1998,48,6,3.0
11-12-1997,479,9,3.0
1998/02/11,728,3,5.0
1997/03/26,806,7,3.0
14 Dec 1997,864,5,2.0
1998/08/02,999,15,5.0
1998-08-27,611,4,1.0
15-09-1997,458,3,2.0
12/12/1998,231,6,4.0
03 Jul 1998,901,9,4.0
1997/08/20,611,18,5.0
1997-12-09,1521,8,3.0
10/13/1998,1100,12,3.0
11-03-1998,203,4,2.0
,315,18,1.0
01/22/1998,72,8,2.0
31-12-1998,231,18,2.0
07/20/1997,232,11,5.0
05/01/1998,944,8,
04/17/1998,1293,12,4.0
1998/11/01,1208,14,3.0
12-11-1998,1083,9,3.0
1998/04/27,287,7,5.0
30-07-1998,212,13,5.0
1998-05-14,681,14,2.0
12 Jun 1998,68,11,3.0
23 May 1998,507,5,4.0
1998/03/05,1280,4,3.0
1997-10-26,1064,3,
1997-03-30,1147,11,1.0
1997/05/09,901,5,2.0
09/13/1998,231,15,5.0
1998/12/16,581,7,3.0
1997/06/21,1131,9,2.0
28-04-1998,604,4,3.0
1997/12/20,1429,5,5.0
1998/08/25,1397,6,5.0
07 Aug 1998,1489,21,3.0
30-08-1998,215,24,1.0
26 Jun 1998,507,24,2.0
16 Dec 1997,807,4,
1997-03-03,613,9,5.0
1997/06/25,864,11,2.0
1998/12/15,405,3,2.0
22-07-1997,1293,8,4.0
10/23/1997,1167,10,3.0
01-06-1998,1426,5,3.0
1998/01/26,48,18,4.0
1999-02-06,767,14,3.0
13-05-1997,340,11,4.0
26-05-1997,942,9,3.0
11/06/1998,81,7,3.0
10 May 1998,54,2,2.0
08/15/1998,1460,3,5.0
31 May 1997,754,5,
07-11-1998,769,3,3.0
1998-12-23,602,3,1.0
1998/04/17,1434,3,1.0
1999-01-29,340,21,5.0
1997/09/25,807,5,3.0
10/27/1997,915,5,2.0
22 Jun 1998,23,11,5.0
18-05-1997,464,4,1.0
25-06-1997,563,6,4.0
25-10-1998,8,7,4.0
1998/10/10,1240,14,3.0
1997-05-11,807,10,2.0
1997/08/04,295,3,3.0
1997-06-16,1452,5,3.0
26-11-1997,1426,18,5.0
11-06-1998,1172,16,1.0
1998-11-01,1106,18,2.0
06-02-1998,1139,14,5.0
1998/11/27,164,10,4.0
17 Sep 1998,116,3,2.0
1998/06/29,595,11,4.0
03/04/1997,464,5,4.0
01-02-1997,95,13,4.0
1998-07-02,384,14,4.0
1997-05-06,766,3,1.0
1998-10-23,47,14,1.0
07/21/1998,831,3,1.0
1998-05-11,312,3,3.0
07/03/1998,806,12,5.0
07/02/1998,741,4,5.0
1997-09-30,1220,9,5.0
30-04-1998,1288,5,3.0
07/05/1997,61,13,2.0
1998/06/07,693,24,2.0
10/30/1998,704,5,2.0
1998/12/29,1355,10,3.0
17-04-1998,231,6,2.0
1997/12/05,1456,10,4.0
03/26/1998,692,16,1.0
02/04/1997,317,11,2.0
05/09/1998,287,21,2.0
09/21/1998,1064,21,3.0
1997-06-13,1045,2,4.0
03-07-1997,231,2,4.0
05/15/1998,185,7,2.0
1997-02-18,383,5,5.0
1998/10/23,1478,3,3.0
30-01-1999,333,4,1.0
1998-08-13,676,8,3.0
1998-04-20,735,8,2.0
1998/03/30,277,14,2.0
1998-10-06,825,17,4.0
12-12-1997,1150,8,3.0
21-03-1998,1011,7,1.0
01/17/1999,48,11,3.0
07/16/1998,453,10,2.0
23 Nov 1997,661,5,3.0
06-09-1997,1293,8,5.0
07/14/1998,182,5,2.0
1997-04-04,864,12,1.0
12/29/1997,1144,11,4.0
11 Jan 1998,704,12,5.0
27 Dec 1998,48,7,4.0
06-01-1999,809,15,1.0
1998/11/30,1153,16,3.0
31-12-1998,1032,11,5.0
04/27/1997,1609,11,5.0
01 Sep 1997,511,10,5.0
11/09/1998,642,14,4.0
1998/09/01,48,21,5.0
12/28/1997,578,3,3.0
1998-05-12,1293,5,1.0
08/23/1998,147,5,4.0
1998/05/09,982,4,4.0
15 Apr 1998,48,11,3.0
1998/03/03,1147,11,4.0
1997/10/15,704,11,4.0
11-07-1998,675,12,1.0
09/06/1997,231,14,1.0
30 Dec 1998,699,3,4.0
17 Dec 1997,1076,14,5.0
02-10-1998,625,3,4.0
13 Aug 1998,124,21,4.0
1998/02/08,215,11,1.0
1998-06-05,1380,8,4.0
01/11/1999,807,17,2.0
1998/02/19,413,1,4.0
,766,11,2.0
1998/03/26,1254,20,5.0
03-03-1998,231,10,5.0
01/04/1998,1406,8,3.0
1998-08-22,1397,18,5.0
01-01-1998,748,13,
1998/12/20,825,11,4.0
05-08-1998,697,5,1.0
1998/03/23,901,10,
09/10/1998,1516,12,3.0
27 Jul 1998,994,13,5.0
04/19/1998,313,19,4.0
1998-05-01,48,21,3.0
27-09-1998,695,22,2.0
03/11/1997,182,7,2.0
1998/02/13,1112,17,4.0
01 Jun 1998,888,17,3.0
1998/12/12,556,18,
10/19/1997,1224,5,3.0
1998/11/29,348,12,2.0
1997/05/07,1546,11,1.0
02/11/1999,367,11,4.0
01 Mar 1998,355,19,5.0
1999/01/11,48,11,4.0
1997/09/09,1353,4,1.0
1998-05-25,500,18,3.0
1997-11-18,48,18,5.0
01/11/1999,198,11,5.0
06/17/1998,578,4,2.0
1998-03-10,410,14,2.0
29 Aug 1998,85,20,4.0
04 Oct 1997,487,2,5.0
1998/11/14,1348,9,4.0
21 Jun 1998,198,24,4.0
05-01-1999,1105,13,4.0
12/15/1998,556,5,4.0
1998-08-11,202,2,5.0
1998-04-21,681,10,5.0
03-05-1998,1318,16,5.0
1997-08-25,1260,16,5.0
27 Mar 1998,578,18,2.0
03/23/1997,287,5,3.0
07 Aug 1997,1466,5,3.0
1998/03/03,858,14,4.0
24-08-1998,831,5,5.0
12-10-1997,864,2,2.0
16 Jul 1997,1315,3,4.0
12-08-1997,1139,14,5.0
1998-12-03,864,11,2.0
1998/10/17,1563,15,5.0
1998/04/17,578,23,5.0
04/16/1998,56,3,1.0
1997-09-03,1139,11,1.0
17-06-1997,496,3,1.0
03 Sep 1998,964,12,4.0
07 Apr 1998,625,20,1.0
30 Jan 1998,1452,19,5.0
07/28/1998,54,14,5.0
1997/09/10,1085,10,2.0
1999/01/14,1233,14,5.0
06-02-1999,272,24,2.0
1998/03/14,556,20,1.0
06 Jul 1998,867,13,5.0
04-11-1998,1358,23,5.0
15 Dec 1998,527,5,5.0
12 Oct 1998,802,10,4.0
1998-11-23,115,2,2.0
23-06-1997,864,6,4.0
29-03-1998,856,1,2.0
,364,2,1.0
07 Jul 1998,474,18,5.0
16-11-1998,763,9,4.0
17-10-1998,942,13,1.0
1998-09-06,110,19,2.0
,1007,14,2.0
1998/09/20,1316,4,4.0
07-09-1998,1273,10,4.0
08/27/1998,622,20,1.0
1998/02/22,1106,5,1.0
28-10-1997,231,8,3.0
29 Jul 1998,85,14,3.0
1998-06-12,1552,2,5.0
12/22/1998,33,14,5.0
1998-05-06,231,11,5.0
1998/04/05,970,3,1.0
1997-09-19,864,10,3.0
1997/03/26,789,14,3.0
02/14/1998,1487,2,1.0
10/23/1998,1222,11,5.0
06 Aug 1998,1536,11,3.0
,982,11,2.0
1998/07/29,231,20,5.0
24 Apr 1998,67,18,5.0
08-07-1998,875,4,4.0
03/24/1998,850,3,1.0
14-08-1998,703,14,1.0
02-09-1997,421,8,4.0
05/14/1998,1122,11,2.0
1998-09-09,20,10,1.0
25-03-1998,496,5,5.0
15-02-1998,419,9,1.0
1998-09-06,1390,9,1.0
18 Feb 1997,1105,14,3.0
02/06/1997,642,6,4.0
16 Feb 1998,231,14,5.0
1998-07-06,1065,11,5.0
1998-09-20,734,1,4.0
1998-12-21,563,8,5.0
13-04-1998,231,22,4.0
19-08-1998,169,4,4.0
01-01-1999,366,24,1.0
03-06-1998,911,23,3.0
1998/06/01,325,14,2.0
14 Apr 1998,732,18,5.0
06/27/1998,517,15,2.0
12/10/1998,231,3,4.0
1999/01/03,291,1,3.0
18-05-1998,1139,11,5.0
01/28/1998,114,2,1.0
04-04-1997,223,5,1.0
08 Dec 1998,414,8,1.0
15-08-1998,1153,5,4.0
1998-04-07,1541,10,2.0
22 Dec 1998,1124,4,1.0
09-03-1998,231,12,3.0
07 May 1997,994,6,3.0
1997-11-20,426,14,5.0
05 Apr 1998,767,9,3.0
21-01-1997,1399,7,4.0
23 Sep 1998,149,3,2.0
12/25/1998,48,4,3.0
1998/06/07,806,18,4.0
1998-08-06,693,7,1.0
1999/01/15,1106,18,2.0
16-06-1998,5,24,2.0
1998/01/14,182,14,5.0
23-02-1998,998,5,1.0
1998/02/12,1208,14,3.0
01/31/1997,147,7,2.0
01 Mar 1997,1452,9,1.0
11-11-1998,232,3,1.0
1997/02/27,1139,5,4.0
22-06-1998,1500,24,1.0
06 Dec 1997,518,14,3.0
19 Apr 1998,54,3,5.0
1999-02-06,1380,20,5.0
1998/03/14,843,20,1.0
1999-01-18,1429,4,1.0
09-04-1998,901,22,4.0
06/16/1997,295,14,2.0
09/03/1998,1289,22,3.0
1998-10-13,623,13,4.0
1998-11-03,1494,14,4.0
23 Oct 1998,300,10,2.0
1997/04/15,699,6,5.0
1997/03/20,128,11,1.0
07 Mar 1998,229,23,3.0
04 Sep 1997,829,8,2.0
08 Apr 1997,246,8,
1999/01/10,1316,7,3.0
13 Feb 1997,842,11,2.0
31 Aug 1998,451,23,4.0
26-07-1997,48,3,1.0
1999/01/13,287,14,3.0
11/28/1997,1407,3,4.0
03 Apr 1997,901,7,5.0
1998-09-04,1416,15,4.0
1998-04-19,1316,6,3.0
11/29/1997,1182,4,1.0
1998-03-03,174,15,2.0
1998/07/23,382,11,4.0
23-07-1998,1292,4,3.0
1998/10/08,21,3,5.0
1998/05/02,1139,11,
1998-10-07,1293,5,3.0
12/14/1998,1224,11,3.0
02/08/1998,754,1,5.0
19 Jun 1998,613,22,4.0
15 Jul 1998,1380,7,5.0
10 Sep 1997,576,11,4.0
14-12-1998,965,11,4.0
29 Dec 1997,170,17,3.0
1997-11-06,1548,17,1.0
09-11-1998,1021,1,4.0
01/22/1999,825,2,2.0
06-01-1999,1538,20,2.0
06-07-1997,850,10,3.0
01 Jun 1998,824,14,2.0
1997-06-21,244,5,5.0
1998-12-29,44,2,2.0
02 Aug 1998,1066,18,2.0
08/14/1997,1414,12,
12/31/1998,1059,3,5.0
1998-09-03,1086,3,1.0
1997-11-20,1224,10,3.0
1997/11/19,1260,8,5.0
16-11-1998,1072,9,4.0
1998-12-15,1410,11,1.0
20 Jul 1998,897,11,2.0
31 Aug 1998,901,23,4.0
1998/08/17,1280,5,4.0
1998/09/25,399,24,3.0
1997-12-26,1161,18,4.0
,177,12,3.0
18-05-1998,581,5,1.0
06/20/1998,692,12,1.0
1997/08/09,850,11,2.0
25 Aug 1997,1076,8,3.0
26-07-1998,1131,3,2.0
01/23/1999,231,22,2.0
01/05/1998,754,5,4.0
08/25/1998,1456,23,2.0
31-10-1998,188,10,1.0
02 Jun 1998,198,22,2.0
1998-10-08,497,11,2.0
1997/07/25,1184,13,3.0
1998-12-20,965,5,3.0
04/16/1997,321,10,2.0
1997-10-02,150,4,1.0
11/08/1998,556,3,2.0
31-03-1998,309,12,2.0
02 Jan 1999,1451,4,2.0
1998-10-24,1177,18,
1998/12/18,578,19,4.0
08/07/1998,425,11,5.0
1998/06/09,1139,15,3.0
1998-09-03,200,13,5.0
11-05-1998,246,24,1.0
1998-08-11,149,18,5.0
09/09/1997,764,15,3.0
13-10-1998,989,22,2.0
1998/12/19,168,3,2.0
1998/06/13,1528,4,4.0
22-11-1998,382,4,4.0
1998-02-26,1102,21,5.0
07 Nov 1998,1360,10,2.0
1998-05-16,1452,21,3.0
26 Feb 1998,20,5,3.0
23-06-1997,295,11,5.0
1998/07/16,287,3,1.0
1999/01/02,1477,4,4.0
1997-09-19,1181,2,3.0
24 Aug 1997,1260,18,4.0
1998-01-09,1219,18,4.0
10 May 1998,1280,14,4.0
1998-12-30,460,3,2.0
02-06-1998,246,14,4.0
11 Jun 1998,681,11,5.0
1998/04/02,864,11,3.0
1997/08/17,198,3,5.0
1998/07/24,1083,14,5.0
1997-05-10,1292,11,2.0
1997/12/04,448,13,4.0
04 Jun 1998,184,14,4.0
1998-10-24,1001,3,4.0
08-12-1998,772,21,5.0
1997-11-08,848,3,1.0
02/04/1998,1424,21,1.0
1997-05-28,20,4,4.0
1997/02/04,1172,4,5.0
07-01-1998,1484,1,1.0
15 Oct 1998,1348,3,1.0
1997/02/19,1444,8,2.0
17-08-1997,1293,14,1.0
27-03-1998,360,18,4.0
1997/05/14,680,7,4.0
1998/09/16,301,16,3.0
1998-09-30,533,6,4.0
1998/05/24,722,3,5.0
1998-05-21,563,21,5.0
1997/11/20,727,1,1.0
1998/10/25,680,23,2.0
1998-08-04,20,11,5.0
04/11/1998,151,21,5.0
24 Jul 1998,150,10,1.0
22-06-1998,1358,19,2.0
1998-06-24,663,11,2.0
28 Apr 1998,762,17,3.0
09-05-1997,1549,5,5.0
19-01-1998,938,14,2.0
03/19/1998,385,9,4.0
01/25/1999,85,22,2.0
24 Jul 1997,178,15,3.0
04-07-1998,48,17,2.0
17 Jul 1998,85,11,2.0
1997/11/17,869,18,2.0
05/28/1998,185,11,2.0
1999/01/06,182,16,
03-10-1998,414,3,2.0
15-07-1997,621,4,5.0
1998-10-09,1418,12,4.0
06 Jan 1999,410,4,5.0
18-01-1999,1318,18,4.0
07 Aug 1998,647,11,1.0
1998-10-10,1139,12,3.0
27 Oct 1997,835,15,2.0
30 Dec 1998,48,6,3.0
1998/08/31,487,3,5.0
1998/08/22,982,11,3.0
16-04-1997,802,2,5.0
08/28/1997,119,11,1.0
23 Oct 1997,332,5,2.0
12/09/1998,835,3,3.0
1998-09-02,1539,11,5.0
1999-01-02,1133,3,3.0
,813,17,1.0
12/04/1998,1380,18,3.0
12 Aug 1997,301,2,3.0
11/16/1998,54,4,5.0
1998-05-24,1426,1,5.0
1997/11/02,48,14,4.0
03-07-1998,1064,9,1.0
24-03-1998,1139,13,4.0
07/12/1997,630,10,
02 May 1998,460,8,1.0
10/09/1997,864,18,5.0
04 Jan 1999,371,24,1.0
02/08/1998,660,14,5.0
1997-08-14,231,13,1.0
01 Jan 1999,754,3,2.0
23 Jul 1997,246,14,5.0
1998-02-12,764,17,2.0
04/02/1997,383,2,2.0
05-04-1998,413,14,2.0
1997-11-10,1219,20,4.0
11/01/1998,621,12,2.0
12/21/1998,982,18,1.0
01/09/1998,1105,11,4.0
1999-01-01,679,5,4.0
27 May 1998,1459,11,2.0
12 Apr 1997,149,8,4.0
01/06/1999,1318,20,3.0
1998/08/11,1455,18,2.0
01/12/1999,361,2,1.0
05 Mar 1998,355,3,1.0
1997-07-17,20,2,1.0
1997-03-09,378,3,5.0
16 Feb 1998,680,18,5.0
06/24/1998,1195,14,2.0
01/02/1999,965,7,1.0
02/16/1998,158,18,3.0
03-06-1997,81,14,4.0
11 Apr 1998,1172,3,2.0
05/18/1998,364,19,5.0
04/21/1997,1446,4,1.0
28 Apr 1998,215,2,4.0
1998/05/11,383,14,3.0
13 Aug 1998,1539,9,2.0
09/05/1998,764,20,1.0
1997/03/28,20,4,5.0
01-01-1998,278,14,5.0
02/20/1998,767,7,5.0
1998/06/20,1316,18,2.0
06/28/1998,772,21,1.0
23 Apr 1998,638,5,3.0
1998/07/27,639,3,5.0
10/17/1997,182,18,5.0
08/26/1998,1316,12,3.0
1998/05/07,36,5,2.0
1997/12/26,864,20,4.0
1997-02-04,1293,3,2.0
1999/01/13,902,18,1.0
21 Apr 1998,1193,13,2.0
04/21/1997,888,11,3.0
19 Sep 1998,329,4,3.0
1997/08/17,1224,10,4.0
01/01/1999,720,7,1.0
11 Dec 1998,1531,9,5.0
1998-04-20,295,10,5.0
01-10-1998,1106,3,5.0
07-03-1997,804,3,5.0
31-08-1997,85,11,5.0
1998-05-28,1426,11,1.0
1997/07/13,1034,10,2.0
1998-04-15,1212,2,2.0
1998-12-18,964,23,4.0
1999/01/23,1184,23,
08/09/1998,1153,14,4.0
05/16/1998,163,3,3.0
22 Feb 1998,287,13,4.0
1997-09-01,1100,18,3.0
1998/11/16,48,12,3.0
1997-06-02,1222,15,2.0
07/15/1998,20,23,2.0
1998-06-17,1426,1,3.0
07-12-1998,1106,21,5.0
17 Dec 1998,80,16,3.0
1997/04/09,231,2,4.0
24-10-1998,246,9,3.0
1999/01/10,1382,9,1.0
01/26/1999,1520,12,5.0
27 May 1998,1452,11,2.0
11/05/1997,856,11,
,734,3,1.0
1998-04-26,1022,3,1.0
12/17/1998,76,1,3.0
1997/04/12,442,10,4.0
08/28/1998,371,8,2.0
1998-05-16,762,15,4.0
1997/05/11,1528,8,3.0
1998-12-28,370,18,1.0
1998/05/19,809,12,5.0
1998/05/02,763,4,4.0
01/02/1999,231,11,3.0
31 May 1997,246,2,3.0
1999-01-11,1487,1,1.0
02-10-1997,1212,8,4.0
,1100,11,3.0
1997/09/13,413,5,1.0
1997/06/17,231,11,5.0
12/24/1997,855,10,2.0
1998-12-05,785,9,3.0
1997/11/16,1089,7,3.0
1998-09-09,611,5,2.0
07/19/1998,699,20,4.0
06/13/1997,1309,15,1.0
24-09-1998,1396,23,4.0
05/26/1998,578,11,5.0
1998-12-27,910,13,3.0
1997/09/14,1286,14,1.0
1998/10/01,754,18,2.0
06 Dec 1998,1548,13,5.0
1998-05-01,48,11,1.0
03 Sep 1998,825,5,1.0
1998-10-17,1161,1,1.0
1997-10-22,856,12,5.0
21-07-1997,285,11,2.0
1998-03-03,1341,17,1.0
1998-05-14,578,11,1.0
04/03/1998,490,21,1.0
1998-02-26,1293,1,5.0
26-12-1997,764,14,1.0
1998-08-13,85,2,1.0
1997/05/11,636,11,4.0
06/23/1998,681,10,5.0
1998/11/03,1251,19,3.0
1998-02-04,1380,4,5.0
03-12-1998,408,11,2.0
1998-05-25,642,10,4.0
1998-07-04,1380,10,2.0
21 Jul 1998,661,9,4.0
27 Feb 1997,1095,13,1.0
1997/05/06,1266,25,1.0
17 Dec 1998,27,9,1.0
1998/01/27,1426,5,5.0
08/28/1998,809,4,2.0
1998/09/18,764,18,3.0
05-04-1998,182,10,4.0
06-04-1998,1153,6,2.0
1997-11-02,48,5,1.0
1998/11/22,518,21,2.0
1997/02/27,1128,4,4.0
1997-07-12,48,5,
1997-08-13,556,13,5.0
,399,4,4.0
06/24/1998,166,10,5.0
1997/04/27,1380,11,5.0
09 May 1998,1177,11,5.0
1997-04-06,633,1,1.0
1998/01/20,703,2,5.0
1997-07-08,28,11,4.0
1998-03-17,1483,11,4.0
30-07-1997,151,3,4.0
08-08-1998,644,8,2.0
20 Feb 1998,198,9,5.0
01/01/1999,443,19,1.0
05/23/1998,578,5,3.0
1998-10-09,578,14,5.0
23-12-1997,76,18,3.0
11/30/1998,1426,4,1.0
29 May 1998,864,19,5.0
14-11-1998,802,1,3.0
1998-08-08,271,2,5.0
1997/09/02,1224,14,5.0
08/31/1998,181,11,3.0
12 Jul 1997,1563,11,1.0
12 Nov 1998,1177,15,5.0
1998-05-02,287,7,4.0
1998-12-08,1281,13,1.0
28 Aug 1998,305,3,3.0
06-11-1998,48,19,3.0
05 Sep 1998,843,17,3.0
22 Aug 1998,581,18,2.0
04/08/1997,898,4,3.0
1997/10/08,176,14,3.0
15-06-1997,215,14,1.0
15-08-1998,1470,3,1.0
04 Feb 1997,88,7,5.0
17-05-1997,1264,8,2.0
14-12-1998,182,7,1.0
1998-09-21,1348,3,4.0
1997-10-19,332,18,2.0
1997-12-18,177,2,2.0
1999-01-03,443,20,1.0
1998-09-20,1354,14,4.0
1997/08/04,1064,11,3.0
01/05/1999,176,10,4.0
25 Oct 1997,1248,18,4.0
05-10-1997,398,6,2.0
03 Mar 1998,1492,3,1.0
1997-10-06,20,14,4.0
1998/12/07,1156,3,1.0
12-07-1997,699,7,1.0
1998-03-08,1457,5,5.0
02-12-1998,987,17,2.0
02/10/1998,1302,8,3.0
11/25/1998,1260,4,4.0
22-09-1998,812,9,3.0
1998/11/07,827,20,1.0
03-05-1997,383,11,3.0
07/22/1998,20,20,3.0
22 Apr 1998,1006,18,1.0
1998-07-29,636,11,4.0
1999/01/13,812,17,5.0
1998-08-13,807,5,4.0
02 Jun 1998,621,19,4.0
24-03-1998,965,3,5.0
07/14/1998,644,18,1.0
1998/03/12,151,11,1.0
1998/05/15,231,23,5.0
1998-12-12,625,11,5.0
12 Apr 1997,196,9,5.0
1998/06/24,365,12,3.0
1998/10/22,1448,6,1.0
29-01-1999,370,3,4.0
19 Jul 1997,704,14,5.0
13 Feb 1998,1548,19,5.0
02 Mar 1998,295,3,1.0
19 May 1998,1292,9,4.0
13 Oct 1998,864,18,5.0
1999/01/20,390,12,4.0
22 Dec 1997,1390,15,4.0
22 Aug 1998,802,7,1.0
15-09-1997,1557,13,1.0
1998/12/06,734,2,4.0
19-02-1998,176,4,5.0
17-05-1998,408,11,2.0
1997-04-24,1464,9,5.0
1998/05/20,1105,14,5.0
29-12-1997,762,5,4.0
01/09/1998,1131,11,2.0
1998-12-06,1162,6,1.0
1998/09/04,1100,10,
1997/05/26,149,7,5.0
12-04-1998,764,14,
14 Apr 1998,843,4,4.0
08 Dec 1997,385,2,4.0
19 Aug 1997,578,14,2.0
1998-01-02,700,9,4.0
1998/09/17,574,18,1.0
07-02-1998,1196,5,4.0
06 Jan 1999,231,22,3.0
29-11-1998,504,20,1.0
22 Feb 1998,1224,11,1.0
05/04/1998,599,9,2.0
27-10-1998,382,24,1.0
1997-10-14,1197,9,2.0
1998/05/03,393,14,3.0
1997-08-18,231,1,3.0
21-09-1997,1457,18,1.0
1997/08/21,1361,8,1.0
21 Aug 1997,1139,3,4.0
11-07-1998,48,18,5.0
05 Apr 1998,1177,11,3.0
12/24/1998,1265,12,4.0
25 Sep 1997,1024,3,1.0
1997-12-17,698,10,2.0
1998/02/03,621,9,5.0
14 Jul 1998,265,4,3.0
1998/05/21,1484,10,5.0
28-04-1997,355,9,3.0
1998/12/18,393,8,1.0
1998-08-01,809,12,5.0
15 Jun 1998,563,18,4.0
1998-09-04,518,15,5.0
01 Aug 1998,647,7,2.0
22 Jul 1998,446,7,
1998-07-05,792,14,
11/19/1998,1343,12,4.0
01/01/1998,1442,4,3.0
1997-05-26,1359,13,1.0
02 Jun 1998,231,9,5.0
05/05/1998,1353,7,2.0
1998-01-08,1106,3,3.0
1998-08-26,763,8,4.0
19 Jan 1999,597,14,
22 Jul 1998,231,21,4.0
07/11/1998,691,24,1.0
09 Jul 1998,1289,3,4.0
1998-11-09,219,3,3.0
22-01-1999,802,13,5.0
10 Jan 1999,795,14,2.0
08/26/1997,231,15,4.0
1998-11-18,390,23,1.0
06/22/1998,1224,12,5.0
03/25/1998,807,8,5.0
1998/07/18,847,8,2.0
21 Mar 1998,91,8,4.0
26 Oct 1997,1112,2,2.0
1997/11/21,1102,12,4.0
1999/01/30,515,5,3.0
09/10/1998,1173,24,1.0
08-10-1997,797,18,3.0
26 Oct 1998,499,3,3.0
12 Jan 1999,1148,1,4.0
26-05-1998,380,3,5.0
08/29/1997,1371,5,1.0
1998/10/16,185,8,3.0
1998-09-30,285,12,5.0
1998-07-06,985,5,2.0
15 Feb 1998,1153,17,2.0
09/05/1998,1079,5,5.0
1998-11-08,200,18,1.0
30-05-1998,231,23,3.0
14 Apr 1998,1271,5,4.0
07/08/1998,1139,24,5.0
1998/11/22,835,13,4.0
16-01-1999,795,11,4.0
1998/06/21,1432,17,3.0
12/27/1998,252,14,4.0
1998-05-08,699,23,1.0
09 Feb 1999,246,2,
04 Feb 1998,1572,1,5.0
1997/10/26,1452,8,2.0
02-09-1998,1107,11,2.0
03/24/1997,1396,5,4.0
1997-02-26,1172,5,1.0
20 Feb 1998,215,18,3.0
07-01-1999,720,24,4.0
1997-08-22,1105,6,3.0
1999/01/30,172,2,2.0
14 Nov 1998,1469,2,4.0
04-04-1997,169,11,5.0
1997/12/17,579,7,4.0
1998-06-26,625,16,4.0
05-02-1998,231,9,1.0
03/17/1998,478,19,4.0
1998/09/10,215,20,
12/20/1998,1027,11,4.0
06 Apr 1998,1546,15,5.0
06/29/1998,568,8,1.0
1997/04/28,20,5,5.0
1999-01-03,231,3,5.0
1998-01-22,843,3,5.0
1998-05-31,226,19,3.0
10 Aug 1998,479,16,4.0
02-09-1997,1230,5,3.0
1997-12-09,901,11,5.0
1998-05-30,578,24,3.0
1998-10-23,865,7,4.0
07/11/1998,231,18,5.0
07/09/1998,1548,3,1.0
15 Aug 1997,1100,8,4.0
1997-08-23,708,1,5.0
30 Jul 1997,1191,3,3.0
1998/03/22,500,9,5.0
05/18/1998,383,11,2.0
05/13/1998,333,6,2.0
11/25/1998,1100,11,5.0
1997-12-11,1394,8,1.0
1997-04-05,54,9,5.0
1998-01-26,464,5,5.0
12/28/1997,182,17,5.0
10-09-1998,1102,11,
22 Dec 1998,549,17,3.0
13-08-1998,675,18,4.0
22-12-1998,426,14,1.0
18-07-1998,399,10,2.0
1998-10-01,762,14,3.0
25 Jan 1999,754,6,4.0
24 Jun 1998,1545,2,5.0
27-07-1998,619,13,4.0
1998-11-07,231,8,2.0
16-11-1998,1481,17,3.0
1997-04-15,512,8,3.0
1997-06-19,1230,4,4.0
1999-01-21,350,17,5.0
07/25/1997,1415,14,3.0
19-03-1998,231,9,5.0
10 Feb 1998,769,2,5.0
04/29/1997,745,13,3.0
1997-12-19,1220,8,4.0
1998/12/17,231,14,2.0
17 Sep 1998,1151,4,5.0
1998-12-22,571,5,5.0
1998-11-22,1297,23,1.0
24 Dec 1998,198,3,4.0
22 Aug 1998,188,11,2.0
05/09/1998,866,5,1.0
28-10-1998,1144,8,1.0
1997-09-16,864,18,3.0
1997-05-01,332,8,3.0
01-01-1999,563,6,1.0
18 Jul 1998,670,5,1.0
25-11-1997,823,9,3.0
1999/01/29,634,14,4.0
26 Jan 1998,364,14,3.0
1999-01-12,287,11,2.0
10 Feb 1998,1091,7,3.0
1998-04-08,149,23,1.0
,1139,2,
01-06-1998,965,21,5.0
1998-10-17,1172,17,5.0
1997-08-10,383,10,4.0
23-01-1998,1506,13,
1998-03-27,1521,5,4.0
1998/03/30,1371,4,2.0
1998-03-04,703,23,4.0
05/19/1997,878,1,4.0
02 Jul 1998,828,3,3.0
1997/03/15,1557,6,1.0
1998-04-03,955,5,3.0
19 Feb 1997,1139,11,2.0
01-12-1998,556,11,1.0
1998-12-31,556,13,
1998-02-03,231,11,1.0
1997-10-28,441,5,3.0
06/04/1998,1219,5,1.0
26-09-1998,734,15,2.0
1998/11/27,1066,23,4.0
16-04-1998,202,22,3.0
01/11/1999,1133,3,1.0
1998-05-07,266,4,4.0
29-01-1999,471,8,3.0
11-04-1998,802,13,
03-09-1998,802,12,4.0
21-01-1999,1257,3,1.0
1997/11/11,1348,13,4.0
01 Mar 1997,325,1,5.0
09-08-1997,500,18,1.0
1997-06-24,576,11,4.0
1997-12-01,367,14,1.0
02 Sep 1998,1100,4,5.0
1998/01/24,1224,11,1.0
13 May 1997,1064,12,5.0
1998-05-18,198,10,2.0
1998/09/13,48,10,1.0
18-09-1998,1001,24,4.0
10-04-1997,185,7,3.0
17 Apr 1997,717,3,4.0
11-10-1998,182,12,1.0
1998/06/27,1383,16,5.0
01 Apr 1997,1020,16,5.0
01 Nov 1998,741,19,1.0
16 Jan 1999,754,19,4.0
1997-06-03,556,5,2.0
07-05-1998,339,22,4.0
23 Feb 1998,99,16,3.0
1997-04-13,54,5,3.0
11/16/1998,1139,7,1.0
05 Sep 1998,1167,15,5.0
03-10-1997,342,10,3.0
12 Jul 1998,20,3,5.0
25-02-1997,1147,9,4.0
03/26/1998,1083,9,5.0
09 Oct 1997,110,18,5.0
1997-11-10,246,12,1.0
15 Jun 1997,51,1,4.0
20 Jul 1998,809,7,4.0
16 Sep 1998,965,14,4.0
1998/04/28,185,17,2.0
20 Jan 1998,613,5,1.0
12/25/1998,20,2,1.0
11/13/1997,1452,5,5.0
25-04-1997,1387,13,2.0
1998/07/23,703,9,2.0
15-09-1997,628,18,3.0
20 May 1998,1318,2,4.0
24 Jul 1998,556,9,2.0
1998-09-27,985,20,1.0
01/23/1999,856,11,3.0
04 Dec 1997,1080,18,1.0
1998-02-12,399,12,1.0
06 Jan 1998,1060,15,4.0
08 Nov 1997,198,11,2.0
1998-12-08,304,8,5.0
05/08/1997,36,5,5.0
03 May 1998,581,7,5.0
20-10-1998,1177,2,2.0
1998/07/02,681,16,4.0
15 Feb 1998,1520,10,4.0
1998/03/10,231,14,1.0
30-12-1998,1344,16,3.0
1998/08/24,1194,18,1.0
1997-07-14,340,11,1.0
1998/05/03,48,12,1.0
,80,3,5.0
1997/12/03,1224,15,5.0
10 Mar 1998,843,6,3.0
25 Dec 1998,891,23,3.0
02 Jul 1997,912,5,3.0
1999/01/24,20,18,4.0
1997-11-19,1366,5,4.0
04 Nov 1998,23,1,4.0
24-03-1998,215,18,2.0
19 Jun 1998,560,4,5.0
1997-09-10,198,11,5.0
26 Apr 1997,1214,14,1.0
28-11-1998,621,18,4.0
05 Feb 1999,1288,1,2.0
23-06-1998,287,17,4.0
03 Sep 1998,1295,3,4.0
30 Aug 1997,612,5,4.0
1998/02/13,965,8,3.0
1997/02/27,1195,8,4.0
06/08/1998,304,3,3.0
01/02/1999,1064,22,4.0
1998-10-11,1214,11,2.0
05-08-1998,1429,11,3.0
23-04-1998,693,6,3.0
28-12-1997,1457,9,1.0
1997-09-12,578,2,4.0
1998/02/22,231,22,4.0
05/23/1997,1522,7,1.0
1998/09/27,467,10,3.0
12 Aug 1997,855,7,2.0
07/21/1998,151,14,5.0
12 Nov 1998,850,23,2.0
1998/01/19,835,22,4.0
30 Apr 1998,1380,19,5.0
28-12-1997,556,16,1.0
27-08-1998,231,4,5.0
09/28/1998,1200,5,4.0
02 Dec 1998,1316,11,3.0
1998/12/09,54,23,5.0
1999/01/02,1091,5,3.0
16 Nov 1998,1096,14,5.0
1997-03-21,1421,5,2.0
1998-08-06,680,21,3.0
07/16/1997,1089,5,5.0
11 Apr 1998,28,3,4.0
20-08-1998,64,7,4.0
1997/07/26,317,3,2.0
13 Aug 1997,578,3,1.0
1997/10/02,573,8,5.0
1997/07/23,1426,5,4.0
1999-01-03,20,11,2.0
21 Mar 1998,153,8,1.0
26-06-1997,262,3,2.0
1998/04/28,1200,2,1.0
10/01/1998,287,12,3.0
13-09-1998,578,3,1.0
1998/09/04,1388,14,1.0
28-12-1997,1457,12,5.0
01 Nov 1997,231,9,2.0
04/16/1997,206,11,3.0
15 Aug 1998,362,3,3.0
30 Nov 1997,315,12,2.0
1998/08/13,1172,24,2.0
20 Jan 1998,215,16,5.0
13 Jul 1997,215,13,4.0
08/29/1998,176,10,5.0
1998/04/08,1187,19,2.0
1998/10/17,613,4,4.0
14 Jan 1999,399,8,3.0
15 Jul 1997,231,12,1.0
26-01-1999,1293,17,4.0
09/11/1998,305,13,5.0
06 Aug 1998,185,24,4.0
05-01-1999,277,18,4.0
1998/07/19,231,4,4.0
01 May 1997,231,11,3.0
1998/06/16,223,19,3.0
1998/10/14,301,6,1.0
1999-01-12,1293,14,1.0
1997-09-12,1413,11,4.0
23 Sep 1997,300,11,4.0
1997/12/10,231,13,3.0
29-03-1997,287,9,1.0
02-08-1997,1264,14,1.0
07/16/1998,231,5,2.0
10 Nov 1997,1065,5,1.0
1999/01/05,231,12,2.0
31 Jan 1998,866,1,4.0
16-09-1998,806,12,5.0
21 Dec 1997,1360,3,
1997-06-01,1429,1,5.0
12/13/1997,589,7,2.0
14 May 1998,464,18,
1998/01/24,1552,21,3.0
11/09/1998,184,19,2.0
04 Jun 1998,1293,18,5.0
1998/10/21,806,9,3.0
01/14/1999,206,2,4.0
09 Oct 1997,1548,9,5.0
09/11/1998,958,5,5.0
14-11-1998,332,14,3.0
1998-04-02,373,16,1.0
20-10-1998,555,3,4.0
02 May 1997,48,6,3.0
1998-05-01,576,2,2.0
14 Dec 1998,389,3,3.0
1998/06/04,1285,4,
12-12-1998,778,6,5.0
21-01-1997,124,12,2.0
1998-01-11,356,8,3.0
05/28/1997,113,1,1.0
08/31/1997,1487,18,5.0
1998/02/28,85,17,
1998-09-07,613,19,5.0
08-05-1997,675,4,5.0
1998-08-16,231,13,1.0
05/20/1998,246,4,5.0
07/14/1997,764,4,2.0
04-07-1998,182,6,1.0
04-08-1997,699,10,2.0
1997/02/19,647,7,5.0
26-02-1998,901,7,3.0
22 Sep 1998,625,7,2.0
1997/05/07,1509,13,4.0
1998-08-09,717,8,2.0
06 Dec 1998,1161,23,1.0
1997/11/23,539,9,5.0
02/01/1998,215,13,4.0
1997-05-29,1457,2,
1998-11-16,711,3,4.0
1998/06/05,365,18,1.0
1998/06/30,876,3,1.0
1998/12/15,231,18,1.0
30 Oct 1997,215,17,5.0
01 Mar 1998,1200,13,2.0
1999/01/12,1292,19,3.0
04/20/1997,364,5,4.0
25 Aug 1998,1147,2,2.0
1998-10-02,1295,20,2.0
19 Oct 1998,562,4,5.0
1998-06-02,680,6,1.0
1998-10-25,1100,11,1.0
25-06-1998,1172,15,4.0
26 Dec 1997,412,18,3.0
1998/10/25,1257,5,3.0
1998-07-05,991,9,
30 Oct 1998,1394,11,3.0
30 Mar 1998,1280,17,2.0
20 Mar 1998,1380,23,5.0
1998/04/23,1426,5,5.0
1998/09/02,982,21,4.0
14-02-1998,965,8,1.0
1998-01-07,464,8,5.0
02-12-1998,20,14,5.0
20 Nov 1998,95,10,2.0
31-10-1997,1118,7,5.0
23-04-1998,748,5,4.0
12/01/1997,1552,11,4.0
1998-12-22,332,4,2.0
05/24/1997,246,9,4.0
30 Sep 1997,1555,16,4.0
07/02/1997,581,9,2.0
26-06-1998,363,10,3.0
13-12-1998,64,17,1.0
1997/12/22,740,18,5.0
14-06-1997,754,12,4.0
1998-05-10,1544,13,2.0
1998/05/26,48,7,5.0
26 Jun 1998,1372,24,2.0
09/06/1997,691,5,1.0
1998-11-10,1465,11,4.0
1998-10-02,1452,3,5.0
06-10-1998,741,14,3.0
23-02-1998,910,17,4.0
1998-03-24,807,18,3.0
1997-12-10,1429,12,1.0
26-06-1997,1177,14,3.0
1998-11-10,1177,3,4.0
15-11-1998,1316,7,3.0
17-01-1998,54,7,3.0
01 Apr 1998,86,10,2.0
03/01/1998,1172,14,3.0
1998-10-13,754,12,5.0
27-05-1997,1115,10,2.0
08-10-1997,231,7,4.0
1998/01/25,613,15,5.0
1998/10/19,490,8,2.0
1997-12-18,1478,18,2.0
01 May 1997,647,11,2.0
1997/03/17,1031,8,2.0
18-04-1997,116,15,1.0
25 Jan 1997,576,5,5.0
1998/02/13,118,3,1.0
1998/05/03,1533,6,4.0
1998/12/27,1371,9,5.0
04 Jun 1998,1210,11,3.0
17-05-1998,266,15,3.0
11 Apr 1998,198,22,1.0
1997/11/26,1126,15,3.0
06/22/1997,955,3,2.0
12 Sep 1998,295,14,3.0
1998/04/18,675,21,3.0
22 Sep 1997,248,18,4.0
18 Sep 1998,1457,17,4.0
24-08-1997,1212,5,5.0
09/18/1998,231,7,1.0
03/10/1998,573,20,5.0
10 Jan 1999,1193,5,3.0
09/30/1998,675,11,1.0
25-11-1998,1274,4,1.0
10/11/1998,300,19,5.0
,910,2,5.0
04/03/1998,1452,19,3.0
09 Dec 1997,464,15,3.0
04-03-1998,48,5,4.0
07-01-1998,552,20,2.0
1997-10-21,1446,3,1.0
10/23/1998,958,5,2.0
1997/06/12,285,5,4.0
1998/02/07,581,16,1.0
1998/03/21,1281,19,4.0
1997-09-16,750,6,3.0
1997-11-21,20,7,4.0
04/26/1998,825,20,5.0
1998-08-04,194,22,1.0
1998/05/04,518,11,1.0
1998-05-02,1407,12,3.0
22-07-1998,1008,18,4.0
1998/07/18,1344,11,4.0
11/11/1997,581,12,1.0
1997-12-22,850,15,3.0
06-12-1998,518,24,4.0
04/29/1998,1292,13,5.0
1997-01-26,1429,1,1.0
11/03/1997,695,5,3.0
14 Nov 1998,864,11,3.0
07/27/1998,1105,7,1.0
25 Sep 1997,1207,16,4.0
26 Oct 1997,1510,4,3.0
1998/10/29,128,18,1.0
1997-02-06,80,3,3.0
1998/03/30,1499,11,2.0
25-12-1997,680,9,2.0
10/01/1998,1297,8,4.0
08-06-1998,1220,2,4.0
12 Jan 1997,864,4,1.0
02-05-1998,176,11,2.0
11-09-1998,901,14,3.0
08/17/1998,48,17,2.0
30 Jul 1997,770,8,3.0
13-07-1997,1172,7,3.0
,1214,9,5.0
09-12-1998,182,14,1.0
05/01/1998,361,4,4.0
08/03/1998,287,10,1.0
1997/05/27,279,5,4.0
1998-08-21,150,11,4.0
25 Mar 1998,917,10,3.0
09/25/1998,1541,3,4.0
06 Sep 1998,1275,2,3.0
1998-01-24,382,10,5.0
09/27/1997,1548,12,3.0
1998-05-14,215,12,3.0
1998/05/18,642,7,3.0
1999/01/06,428,1,3.0
1997-10-02,689,14,5.0
15-07-1998,802,7,3.0
1998/06/27,656,5,1.0
1998-12-02,231,8,5.0
12/06/1997,1280,14,5.0
1998/01/15,383,3,2.0
24-12-1998,661,10,4.0
21 Jan 1998,965,14,5.0
12/29/1997,898,5,1.0
10/10/1998,1266,5,1.0
1998-10-28,876,5,1.0
14-12-1998,262,24,5.0
06/17/1997,901,9,5.0
20-11-1998,1293,18,4.0
1998-11-29,985,14,2.0
04-12-1997,962,4,3.0
10/23/1998,48,6,4.0
10/08/1997,231,11,1.0
1997/07/29,1426,11,5.0
07/06/1997,1212,15,2.0
1997/06/01,807,11,5.0
04-01-1999,754,8,4.0
07/06/1997,299,11,1.0
11-04-1998,1478,15,5.0
1998/08/21,794,7,5.0
15-08-1998,231,21,4.0
08/08/1998,1020,7,2.0
08/12/1997,1426,11,1.0
25-09-1998,581,18,5.0
14 Jul 1998,1272,18,1.0
1998/01/20,149,18,5.0
06 Sep 1998,1139,14,5.0
04 Nov 1998,994,11,4.0
,64,11,1.0
1997/02/24,867,6,5.0
1998-11-05,1172,13,1.0
22-11-1998,295,14,4.0
1997/03/29,231,5,2.0
11-07-1998,622,9,4.0
1998-12-26,901,9,5.0
11/19/1998,665,19,5.0
10 May 1997,965,12,5.0
15 Mar 1997,186,14,4.0
11/11/1998,754,19,4.0
1998-08-12,672,1,4.0
03/04/1997,1177,3,4.0
27-06-1998,778,23,5.0
1998/10/25,186,11,1.0
12/29/1997,672,9,4.0
17-03-1997,735,5,2.0
1997/04/22,231,9,
06/28/1998,20,14,4.0
1998-12-16,608,2,2.0
08 Jan 1998,692,14,2.0
07 Apr 1998,287,18,2.0
1998-08-21,25,4,4.0
25 Feb 1998,1155,8,1.0
1998/04/27,1282,4,4.0
1997/02/21,191,11,5.0
07/30/1998,763,6,
02 Aug 1998,1254,3,2.0
,109,2,5.0
1998-04-10,226,9,5.0
1998/10/26,67,3,2.0
31 Mar 1998,1487,2,4.0
1998/09/13,231,21,3.0
07/06/1998,1295,20,3.0
1998-03-26,1595,4,2.0
11-04-1997,613,14,2.0
1998/04/10,1224,14,4.0
1998-04-06,727,5,4.0
20-10-1997,1188,6,2.0
27 Aug 1997,547,5,5.0
08/12/1998,647,1,4.0
08/14/1997,829,8,1.0
03 Nov 1997,231,18,3.0
29 Sep 1997,754,18,5.0
1997/07/26,317,3,2.0
12-10-1998,1539,11,5.0
1997/03/30,1498,10,
1998-10-30,367,3,4.0
20 Sep 1998,1257,12,4.0
03 Dec 1997,656,8,5.0
1998/01/31,48,5,5.0
24 Jul 1998,1539,20,5.0
11/27/1998,48,18,5.0
23-02-1997,944,14,1.0
1998-12-08,304,8,5.0
06/21/1997,642,4,4.0
1999/01/02,1403,20,1.0
01/30/1999,585,2,2.0
1998-01-20,994,14,1.0
25 Dec 1998,149,14,4.0
1998-12-12,1105,14,3.0
1997/12/25,1013,1,5.0
1997-06-08,1250,2,4.0
11/02/1997,1457,5,4.0
01/08/1999,404,19,5.0
1997/08/30,906,3,2.0
1998-04-25,231,20,3.0
08-05-1998,1153,7,2.0
1999-01-03,48,14,2.0
02-04-1998,149,22,3.0
1998-09-28,982,14,1.0
1997-09-16,1293,4,4.0
1998/12/11,1531,6,1.0
14 Sep 1998,48,21,4.0
